{
 "type": "FeatureCollection",
 "features": [
  {
   "type": "Feature",
   "properties": {
    "id": "14",
    "r0": 0,
    "c0": 0,
    "r1": 8,
    "c1": 24
   },
   "geometry": {
    "type": "Polygon",
    "coordinates": [
     [
      [
       0,
       0
      ],
      [
       25,
       0
      ],
      [
       25,
       9
      ],
      [
       0,
       9
      ],
      [
       0,
       0
      ]
     ]
    ]
   }
  },
  {
   "type": "Feature",
   "properties": {
    "id": "14.71",
    "r0": 0,
    "c0": 0,
    "r1": 2,
    "c1": 6
   },
   "geometry": {
    "type": "Polygon",
    "coordinates": [
     [
      [
       0,
       0
      ],
      [
       7,
       0
      ],
      [
       7,
       3
      ],
      [
       0,
       3
      ],
      [
       0,
       0
      ]
     ]
    ]
   }
  },
  {
   "type": "Feature",
   "properties": {
    "id": "14.01",
    "r0": 3,
    "c0": 0,
    "r1": 8,
    "c1": 3
   },
   "geometry": {
    "type": "Polygon",
    "coordinates": [
     [
      [
       0,
       3
      ],
      [
       4,
       3
      ],
      [
       4,
       9
      ],
      [
       0,
       9
      ],
      [
       0,
       3
      ]
     ]
    ]
   }
  },
  {
   "type": "Feature",
   "properties": {
    "id": "14.02",
    "r0": 3,
    "c0": 4,
    "r1": 8,
    "c1": 6
   },
   "geometry": {
    "type": "Polygon",
    "coordinates": [
     [
      [
       4,
       3
      ],
      [
       7,
       3
      ],
      [
       7,
       9
      ],
      [
       4,
       9
      ],
      [
       4,
       3
      ]
     ]
    ]
   }
  },
  {
   "type": "Feature",
   "properties": {
    "id": "14.03",
    "r0": 0,
    "c0": 7,
    "r1": 3,
    "c1": 10
   },
   "geometry": {
    "type": "Polygon",
    "coordinates": [
     [
      [
       7,
       0
      ],
      [
       11,
       0
      ],
      [
       11,
       4
      ],
      [
       7,
       4
      ],
      [
       7,
       0
      ]
     ]
    ]
   }
  },
  {
   "type": "Feature",
   "properties": {
    "id": "14.72",
    "r0": 0,
    "c0": 11,
    "r1": 3,
    "c1": 12
   },
   "geometry": {
    "type": "Polygon",
    "coordinates": [
     [
      [
       11,
       0
      ],
      [
       13,
       0
      ],
      [
       13,
       4
      ],
      [
       11,
       4
      ],
      [
       11,
       0
      ]
     ]
    ]
   }
  },
  {
   "type": "Feature",
   "properties": {
    "id": "14.08",
    "r0": 4,
    "c0": 7,
    "r1": 8,
    "c1": 10
   },
   "geometry": {
    "type": "Polygon",
    "coordinates": [
     [
      [
       7,
       4
      ],
      [
       11,
       4
      ],
      [
       11,
       9
      ],
      [
       7,
       9
      ],
      [
       7,
       4
      ]
     ]
    ]
   }
  },
  {
   "type": "Feature",
   "properties": {
    "id": "14.10",
    "r0": 4,
    "c0": 11,
    "r1": 8,
    "c1": 12
   },
   "geometry": {
    "type": "Polygon",
    "coordinates": [
     [
      [
       11,
       4
      ],
      [
       13,
       4
      ],
      [
       13,
       9
      ],
      [
       11,
       9
      ],
      [
       11,
       4
      ]
     ]
    ]
   }
  },
  {
   "type": "Feature",
   "properties": {
    "id": "14.09",
    "r0": 0,
    "c0": 13,
    "r1": 5,
    "c1": 15
   },
   "geometry": {
    "type": "Polygon",
    "coordinates": [
     [
      [
       13,
       0
      ],
      [
       16,
       0
      ],
      [
       16,
       6
      ],
      [
       13,
       6
      ],
      [
       13,
       0
      ]
     ]
    ]
   }
  },
  {
   "type": "Feature",
   "properties": {
    "id": "14.06",
    "r0": 0,
    "c0": 16,
    "r1": 5,
    "c1": 19
   },
   "geometry": {
    "type": "Polygon",
    "coordinates": [
     [
      [
       16,
       0
      ],
      [
       20,
       0
      ],
      [
       20,
       6
      ],
      [
       16,
       6
      ],
      [
       16,
       0
      ]
     ]
    ]
   }
  },
  {
   "type": "Feature",
   "properties": {
    "id": "14.07",
    "r0": 6,
    "c0": 13,
    "r1": 8,
    "c1": 19
   },
   "geometry": {
    "type": "Polygon",
    "coordinates": [
     [
      [
       13,
       6
      ],
      [
       20,
       6
      ],
      [
       20,
       9
      ],
      [
       13,
       9
      ],
      [
       13,
       6
      ]
     ]
    ]
   }
  },
  {
   "type": "Feature",
   "properties": {
    "id": "14.04",
    "r0": 0,
    "c0": 20,
    "r1": 5,
    "c1": 24
   },
   "geometry": {
    "type": "Polygon",
    "coordinates": [
     [
      [
       20,
       0
      ],
      [
       25,
       0
      ],
      [
       25,
       6
      ],
      [
       20,
       6
      ],
      [
       20,
       0
      ]
     ]
    ]
   }
  },
  {
   "type": "Feature",
   "properties": {
    "id": "14.05",
    "r0": 6,
    "c0": 20,
    "r1": 8,
    "c1": 24
   },
   "geometry": {
    "type": "Polygon",
    "coordinates": [
     [
      [
       20,
       6
      ],
      [
       25,
       6
      ],
      [
       25,
       9
      ],
      [
       20,
       9
      ],
      [
       20,
       6
      ]
     ]
    ]
   }
  },
  {
   "type": "Feature",
   "properties": {
    "id": "11",
    "r0": 9,
    "c0": 0,
    "r1": 31,
    "c1": 16
   },
   "geometry": {
    "type": "Polygon",
    "coordinates": [
     [
      [
       0,
       9
      ],
      [
       17,
       9
      ],
      [
       17,
       32
      ],
      [
       0,
       32
      ],
      [
       0,
       9
      ]
     ]
    ]
   }
  },
  {
   "type": "Feature",
   "properties": {
    "id": "11.12",
    "r0": 9,
    "c0": 0,
    "r1": 13,
    "c1": 2
   },
   "geometry": {
    "type": "Polygon",
    "coordinates": [
     [
      [
       0,
       9
      ],
      [
       3,
       9
      ],
      [
       3,
       14
      ],
      [
       0,
       14
      ],
      [
       0,
       9
      ]
     ]
    ]
   }
  },
  {
   "type": "Feature",
   "properties": {
    "id": "11.71",
    "r0": 9,
    "c0": 3,
    "r1": 13,
    "c1": 4
   },
   "geometry": {
    "type": "Polygon",
    "coordinates": [
     [
      [
       3,
       9
      ],
      [
       5,
       9
      ],
      [
       5,
       14
      ],
      [
       3,
       14
      ],
      [
       3,
       9
      ]
     ]
    ]
   }
  },
  {
   "type": "Feature",
   "properties": {
    "id": "11.02",
    "r0": 9,
    "c0": 5,
    "r1": 13,
    "c1": 8
   },
   "geometry": {
    "type": "Polygon",
    "coordinates": [
     [
      [
       5,
       9
      ],
      [
       9,
       9
      ],
      [
       9,
       14
      ],
      [
       5,
       14
      ],
      [
       5,
       9
      ]
     ]
    ]
   }
  },
  {
   "type": "Feature",
   "properties": {
    "id": "11.07",
    "r0": 14,
    "c0": 0,
    "r1": 20,
    "c1": 4
   },
   "geometry": {
    "type": "Polygon",
    "coordinates": [
     [
      [
       0,
       14
      ],
      [
       5,
       14
      ],
      [
       5,
       21
      ],
      [
       0,
       21
      ],
      [
       0,
       14
      ]
     ]
    ]
   }
  },
  {
   "type": "Feature",
   "properties": {
    "id": "11.17",
    "r0": 14,
    "c0": 5,
    "r1": 16,
    "c1": 8
   },
   "geometry": {
    "type": "Polygon",
    "coordinates": [
     [
      [
       5,
       14
      ],
      [
       9,
       14
      ],
      [
       9,
       17
      ],
      [
       5,
       17
      ],
      [
       5,
       14
      ]
     ]
    ]
   }
  },
  {
   "type": "Feature",
   "properties": {
    "id": "11.10",
    "r0": 17,
    "c0": 5,
    "r1": 20,
    "c1": 8
   },
   "geometry": {
    "type": "Polygon",
    "coordinates": [
     [
      [
       5,
       17
      ],
      [
       9,
       17
      ],
      [
       9,
       21
      ],
      [
       5,
       21
      ],
      [
       5,
       17
      ]
     ]
    ]
   }
  },
  {
   "type": "Feature",
   "properties": {
    "id": "11.18",
    "r0": 9,
    "c0": 9,
    "r1": 10,
    "c1": 13
   },
   "geometry": {
    "type": "Polygon",
    "coordinates": [
     [
      [
       9,
       9
      ],
      [
       14,
       9
      ],
      [
       14,
       11
      ],
      [
       9,
       11
      ],
      [
       9,
       9
      ]
     ]
    ]
   }
  },
  {
   "type": "Feature",
   "properties": {
    "id": "11.05",
    "r0": 11,
    "c0": 9,
    "r1": 14,
    "c1": 13
   },
   "geometry": {
    "type": "Polygon",
    "coordinates": [
     [
      [
       9,
       11
      ],
      [
       14,
       11
      ],
      [
       14,
       15
      ],
      [
       9,
       15
      ],
      [
       9,
       11
      ]
     ]
    ]
   }
  },
  {
   "type": "Feature",
   "properties": {
    "id": "11.09",
    "r0": 9,
    "c0": 14,
    "r1": 12,
    "c1": 16
   },
   "geometry": {
    "type": "Polygon",
    "coordinates": [
     [
      [
       14,
       9
      ],
      [
       17,
       9
      ],
      [
       17,
       13
      ],
      [
       14,
       13
      ],
      [
       14,
       9
      ]
     ]
    ]
   }
  },
  {
   "type": "Feature",
   "properties": {
    "id": "11.74",
    "r0": 13,
    "c0": 14,
    "r1": 14,
    "c1": 16
   },
   "geometry": {
    "type": "Polygon",
    "coordinates": [
     [
      [
       14,
       13
      ],
      [
       17,
       13
      ],
      [
       17,
       15
      ],
      [
       14,
       15
      ],
      [
       14,
       13
      ]
     ]
    ]
   }
  },
  {
   "type": "Feature",
   "properties": {
    "id": "11.15",
    "r0": 15,
    "c0": 9,
    "r1": 20,
    "c1": 10
   },
   "geometry": {
    "type": "Polygon",
    "coordinates": [
     [
      [
       9,
       15
      ],
      [
       11,
       15
      ],
      [
       11,
       21
      ],
      [
       9,
       21
      ],
      [
       9,
       15
      ]
     ]
    ]
   }
  },
  {
   "type": "Feature",
   "properties": {
    "id": "11.08",
    "r0": 15,
    "c0": 11,
    "r1": 20,
    "c1": 16
   },
   "geometry": {
    "type": "Polygon",
    "coordinates": [
     [
      [
       11,
       15
      ],
      [
       17,
       15
      ],
      [
       17,
       21
      ],
      [
       11,
       21
      ],
      [
       11,
       15
      ]
     ]
    ]
   }
  },
  {
   "type": "Feature",
   "properties": {
    "id": "11.06",
    "r0": 21,
    "c0": 0,
    "r1": 26,
    "c1": 4
   },
   "geometry": {
    "type": "Polygon",
    "coordinates": [
     [
      [
       0,
       21
      ],
      [
       5,
       21
      ],
      [
       5,
       27
      ],
      [
       0,
       27
      ],
      [
       0,
       21
      ]
     ]
    ]
   }
  },
  {
   "type": "Feature",
   "properties": {
    "id": "11.75",
    "r0": 21,
    "c0": 5,
    "r1": 22,
    "c1": 8
   },
   "geometry": {
    "type": "Polygon",
    "coordinates": [
     [
      [
       5,
       21
      ],
      [
       9,
       21
      ],
      [
       9,
       23
      ],
      [
       5,
       23
      ],
      [
       5,
       21
      ]
     ]
    ]
   }
  },
  {
   "type": "Feature",
   "properties": {
    "id": "11.16",
    "r0": 23,
    "c0": 5,
    "r1": 26,
    "c1": 8
   },
   "geometry": {
    "type": "Polygon",
    "coordinates": [
     [
      [
       5,
       23
      ],
      [
       9,
       23
      ],
      [
       9,
       27
      ],
      [
       5,
       27
      ],
      [
       5,
       23
      ]
     ]
    ]
   }
  },
  {
   "type": "Feature",
   "properties": {
    "id": "11.03",
    "r0": 27,
    "c0": 0,
    "r1": 31,
    "c1": 5
   },
   "geometry": {
    "type": "Polygon",
    "coordinates": [
     [
      [
       0,
       27
      ],
      [
       6,
       27
      ],
      [
       6,
       32
      ],
      [
       0,
       32
      ],
      [
       0,
       27
      ]
     ]
    ]
   }
  },
  {
   "type": "Feature",
   "properties": {
    "id": "11.13",
    "r0": 27,
    "c0": 6,
    "r1": 31,
    "c1": 8
   },
   "geometry": {
    "type": "Polygon",
    "coordinates": [
     [
      [
       6,
       27
      ],
      [
       9,
       27
      ],
      [
       9,
       32
      ],
      [
       6,
       32
      ],
      [
       6,
       27
      ]
     ]
    ]
   }
  },
  {
   "type": "Feature",
   "properties": {
    "id": "11.04",
    "r0": 21,
    "c0": 9,
    "r1": 25,
    "c1": 12
   },
   "geometry": {
    "type": "Polygon",
    "coordinates": [
     [
      [
       9,
       21
      ],
      [
       13,
       21
      ],
      [
       13,
       26
      ],
      [
       9,
       26
      ],
      [
       9,
       21
      ]
     ]
    ]
   }
  },
  {
   "type": "Feature",
   "properties": {
    "id": "11.72",
    "r0": 21,
    "c0": 13,
    "r1": 22,
    "c1": 14
   },
   "geometry": {
    "type": "Polygon",
    "coordinates": [
     [
      [
       13,
       21
      ],
      [
       15,
       21
      ],
      [
       15,
       23
      ],
      [
       13,
       23
      ],
      [
       13,
       21
      ]
     ]
    ]
   }
  },
  {
   "type": "Feature",
   "properties": {
    "id": "11.73",
    "r0": 21,
    "c0": 15,
    "r1": 22,
    "c1": 16
   },
   "geometry": {
    "type": "Polygon",
    "coordinates": [
     [
      [
       15,
       21
      ],
      [
       17,
       21
      ],
      [
       17,
       23
      ],
      [
       15,
       23
      ],
      [
       15,
       21
      ]
     ]
    ]
   }
  },
  {
   "type": "Feature",
   "properties": {
    "id": "11.14",
    "r0": 23,
    "c0": 13,
    "r1": 25,
    "c1": 16
   },
   "geometry": {
    "type": "Polygon",
    "coordinates": [
     [
      [
       13,
       23
      ],
      [
       17,
       23
      ],
      [
       17,
       26
      ],
      [
       13,
       26
      ],
      [
       13,
       23
      ]
     ]
    ]
   }
  },
  {
   "type": "Feature",
   "properties": {
    "id": "11.11",
    "r0": 26,
    "c0": 9,
    "r1": 31,
    "c1": 12
   },
   "geometry": {
    "type": "Polygon",
    "coordinates": [
     [
      [
       9,
       26
      ],
      [
       13,
       26
      ],
      [
       13,
       32
      ],
      [
       9,
       32
      ],
      [
       9,
       26
      ]
     ]
    ]
   }
  },
  {
   "type": "Feature",
   "properties": {
    "id": "11.01",
    "r0": 26,
    "c0": 13,
    "r1": 31,
    "c1": 16
   },
   "geometry": {
    "type": "Polygon",
    "coordinates": [
     [
      [
       13,
       26
      ],
      [
       17,
       26
      ],
      [
       17,
       32
      ],
      [
       13,
       32
      ],
      [
       13,
       26
      ]
     ]
    ]
   }
  },
  {
   "type": "Feature",
   "properties": {
    "id": "62",
    "r0": 9,
    "c0": 17,
    "r1": 31,
    "c1": 24
   },
   "geometry": {
    "type": "Polygon",
    "coordinates": [
     [
      [
       17,
       9
      ],
      [
       25,
       9
      ],
      [
       25,
       32
      ],
      [
       17,
       32
      ],
      [
       17,
       9
      ]
     ]
    ]
   }
  },
  {
   "type": "Feature",
   "properties": {
    "id": "62.05",
    "r0": 9,
    "c0": 17,
    "r1": 13,
    "c1": 18
   },
   "geometry": {
    "type": "Polygon",
    "coordinates": [
     [
      [
       17,
       9
      ],
      [
       19,
       9
      ],
      [
       19,
       14
      ],
      [
       17,
       14
      ],
      [
       17,
       9
      ]
     ]
    ]
   }
  },
  {
   "type": "Feature",
   "properties": {
    "id": "62.02",
    "r0": 9,
    "c0": 19,
    "r1": 13,
    "c1": 23
   },
   "geometry": {
    "type": "Polygon",
    "coordinates": [
     [
      [
       19,
       9
      ],
      [
       24,
       9
      ],
      [
       24,
       14
      ],
      [
       19,
       14
      ],
      [
       19,
       9
      ]
     ]
    ]
   }
  },
  {
   "type": "Feature",
   "properties": {
    "id": "62.71",
    "r0": 9,
    "c0": 24,
    "r1": 13,
    "c1": 24
   },
   "geometry": {
    "type": "Polygon",
    "coordinates": [
     [
      [
       24,
       9
      ],
      [
       25,
       9
      ],
      [
       25,
       14
      ],
      [
       24,
       14
      ],
      [
       24,
       9
      ]
     ]
    ]
   }
  },
  {
   "type": "Feature",
   "properties": {
    "id": "62.12",
    "r0": 14,
    "c0": 17,
    "r1": 19,
    "c1": 19
   },
   "geometry": {
    "type": "Polygon",
    "coordinates": [
     [
      [
       17,
       14
      ],
      [
       20,
       14
      ],
      [
       20,
       20
      ],
      [
       17,
       20
      ],
      [
       17,
       14
      ]
     ]
    ]
   }
  },
  {
   "type": "Feature",
   "properties": {
    "id": "62.03",
    "r0": 14,
    "c0": 20,
    "r1": 18,
    "c1": 24
   },
   "geometry": {
    "type": "Polygon",
    "coordinates": [
     [
      [
       20,
       14
      ],
      [
       25,
       14
      ],
      [
       25,
       19
      ],
      [
       20,
       19
      ],
      [
       20,
       14
      ]
     ]
    ]
   }
  },
  {
   "type": "Feature",
   "properties": {
    "id": "62.08",
    "r0": 19,
    "c0": 20,
    "r1": 19,
    "c1": 24
   },
   "geometry": {
    "type": "Polygon",
    "coordinates": [
     [
      [
       20,
       19
      ],
      [
       25,
       19
      ],
      [
       25,
       20
      ],
      [
       20,
       20
      ],
      [
       20,
       19
      ]
     ]
    ]
   }
  },
  {
   "type": "Feature",
   "properties": {
    "id": "62.13",
    "r0": 20,
    "c0": 17,
    "r1": 22,
    "c1": 20
   },
   "geometry": {
    "type": "Polygon",
    "coordinates": [
     [
      [
       17,
       20
      ],
      [
       21,
       20
      ],
      [
       21,
       23
      ],
      [
       17,
       23
      ],
      [
       17,
       20
      ]
     ]
    ]
   }
  },
  {
   "type": "Feature",
   "properties": {
    "id": "62.10",
    "r0": 23,
    "c0": 17,
    "r1": 26,
    "c1": 20
   },
   "geometry": {
    "type": "Polygon",
    "coordinates": [
     [
      [
       17,
       23
      ],
      [
       21,
       23
      ],
      [
       21,
       27
      ],
      [
       17,
       27
      ],
      [
       17,
       23
      ]
     ]
    ]
   }
  },
  {
   "type": "Feature",
   "properties": {
    "id": "62.01",
    "r0": 20,
    "c0": 21,
    "r1": 21,
    "c1": 24
   },
   "geometry": {
    "type": "Polygon",
    "coordinates": [
     [
      [
       21,
       20
      ],
      [
       25,
       20
      ],
      [
       25,
       22
      ],
      [
       21,
       22
      ],
      [
       21,
       20
      ]
     ]
    ]
   }
  },
  {
   "type": "Feature",
   "properties": {
    "id": "62.06",
    "r0": 22,
    "c0": 21,
    "r1": 26,
    "c1": 24
   },
   "geometry": {
    "type": "Polygon",
    "coordinates": [
     [
      [
       21,
       22
      ],
      [
       25,
       22
      ],
      [
       25,
       27
      ],
      [
       21,
       27
      ],
      [
       21,
       22
      ]
     ]
    ]
   }
  },
  {
   "type": "Feature",
   "properties": {
    "id": "62.11",
    "r0": 27,
    "c0": 17,
    "r1": 29,
    "c1": 20
   },
   "geometry": {
    "type": "Polygon",
    "coordinates": [
     [
      [
       17,
       27
      ],
      [
       21,
       27
      ],
      [
       21,
       30
      ],
      [
       17,
       30
      ],
      [
       17,
       27
      ]
     ]
    ]
   }
  },
  {
   "type": "Feature",
   "properties": {
    "id": "62.09",
    "r0": 30,
    "c0": 17,
    "r1": 31,
    "c1": 20
   },
   "geometry": {
    "type": "Polygon",
    "coordinates": [
     [
      [
       17,
       30
      ],
      [
       21,
       30
      ],
      [
       21,
       32
      ],
      [
       17,
       32
      ],
      [
       17,
       30
      ]
     ]
    ]
   }
  },
  {
   "type": "Feature",
   "properties": {
    "id": "62.07",
    "r0": 27,
    "c0": 21,
    "r1": 29,
    "c1": 24
   },
   "geometry": {
    "type": "Polygon",
    "coordinates": [
     [
      [
       21,
       27
      ],
      [
       25,
       27
      ],
      [
       25,
       30
      ],
      [
       21,
       30
      ],
      [
       21,
       27
      ]
     ]
    ]
   }
  },
  {
   "type": "Feature",
   "properties": {
    "id": "62.04",
    "r0": 30,
    "c0": 21,
    "r1": 31,
    "c1": 24
   },
   "geometry": {
    "type": "Polygon",
    "coordinates": [
     [
      [
       21,
       30
      ],
      [
       25,
       30
      ],
      [
       25,
       32
      ],
      [
       21,
       32
      ],
      [
       21,
       30
      ]
     ]
    ]
   }
  },
  {
   "type": "Feature",
   "properties": {
    "id": "52",
    "r0": 0,
    "c0": 25,
    "r1": 6,
    "c1": 48
   },
   "geometry": {
    "type": "Polygon",
    "coordinates": [
     [
      [
       25,
       0
      ],
      [
       49,
       0
      ],
      [
       49,
       7
      ],
      [
       25,
       7
      ],
      [
       25,
       0
      ]
     ]
    ]
   }
  },
  {
   "type": "Feature",
   "properties": {
    "id": "52.71",
    "r0": 0,
    "c0": 25,
    "r1": 3,
    "c1": 26
   },
   "geometry": {
    "type": "Polygon",
    "coordinates": [
     [
      [
       25,
       0
      ],
      [
       27,
       0
      ],
      [
       27,
       4
      ],
      [
       25,
       4
      ],
      [
       25,
       0
      ]
     ]
    ]
   }
  },
  {
   "type": "Feature",
   "properties": {
    "id": "52.01",
    "r0": 0,
    "c0": 27,
    "r1": 3,
    "c1": 30
   },
   "geometry": {
    "type": "Polygon",
    "coordinates": [
     [
      [
       27,
       0
      ],
      [
       31,
       0
      ],
      [
       31,
       4
      ],
      [
       27,
       4
      ],
      [
       27,
       0
      ]
     ]
    ]
   }
  },
  {
   "type": "Feature",
   "properties": {
    "id": "52.08",
    "r0": 4,
    "c0": 25,
    "r1": 6,
    "c1": 26
   },
   "geometry": {
    "type": "Polygon",
    "coordinates": [
     [
      [
       25,
       4
      ],
      [
       27,
       4
      ],
      [
       27,
       7
      ],
      [
       25,
       7
      ],
      [
       25,
       4
      ]
     ]
    ]
   }
  },
  {
   "type": "Feature",
   "properties": {
    "id": "52.05",
    "r0": 4,
    "c0": 27,
    "r1": 6,
    "c1": 30
   },
   "geometry": {
    "type": "Polygon",
    "coordinates": [
     [
      [
       27,
       4
      ],
      [
       31,
       4
      ],
      [
       31,
       7
      ],
      [
       27,
       7
      ],
      [
       27,
       4
      ]
     ]
    ]
   }
  },
  {
   "type": "Feature",
   "properties": {
    "id": "52.06",
    "r0": 0,
    "c0": 31,
    "r1": 6,
    "c1": 34
   },
   "geometry": {
    "type": "Polygon",
    "coordinates": [
     [
      [
       31,
       0
      ],
      [
       35,
       0
      ],
      [
       35,
       7
      ],
      [
       31,
       7
      ],
      [
       31,
       0
      ]
     ]
    ]
   }
  },
  {
   "type": "Feature",
   "properties": {
    "id": "52.03",
    "r0": 0,
    "c0": 35,
    "r1": 6,
    "c1": 38
   },
   "geometry": {
    "type": "Polygon",
    "coordinates": [
     [
      [
       35,
       0
      ],
      [
       39,
       0
      ],
      [
       39,
       7
      ],
      [
       35,
       7
      ],
      [
       35,
       0
      ]
     ]
    ]
   }
  },
  {
   "type": "Feature",
   "properties": {
    "id": "52.72",
    "r0": 0,
    "c0": 39,
    "r1": 0,
    "c1": 44
   },
   "geometry": {
    "type": "Polygon",
    "coordinates": [
     [
      [
       39,
       0
      ],
      [
       45,
       0
      ],
      [
       45,
       1
      ],
      [
       39,
       1
      ],
      [
       39,
       0
      ]
     ]
    ]
   }
  },
  {
   "type": "Feature",
   "properties": {
    "id": "52.04",
    "r0": 1,
    "c0": 39,
    "r1": 6,
    "c1": 44
   },
   "geometry": {
    "type": "Polygon",
    "coordinates": [
     [
      [
       39,
       1
      ],
      [
       45,
       1
      ],
      [
       45,
       7
      ],
      [
       39,
       7
      ],
      [
       39,
       1
      ]
     ]
    ]
   }
  },
  {
   "type": "Feature",
   "properties": {
    "id": "52.02",
    "r0": 0,
    "c0": 45,
    "r1": 3,
    "c1": 48
   },
   "geometry": {
    "type": "Polygon",
    "coordinates": [
     [
      [
       45,
       0
      ],
      [
       49,
       0
      ],
      [
       49,
       4
      ],
      [
       45,
       4
      ],
      [
       45,
       0
      ]
     ]
    ]
   }
  },
  {
   "type": "Feature",
   "properties": {
    "id": "52.07",
    "r0": 4,
    "c0": 45,
    "r1": 6,
    "c1": 48
   },
   "geometry": {
    "type": "Polygon",
    "coordinates": [
     [
      [
       45,
       4
      ],
      [
       49,
       4
      ],
      [
       49,
       7
      ],
      [
       45,
       7
      ],
      [
       45,
       4
      ]
     ]
    ]
   }
  },
  {
   "type": "Feature",
   "properties": {
    "id": "12",
    "r0": 7,
    "c0": 25,
    "r1": 31,
    "c1": 48
   },
   "geometry": {
    "type": "Polygon",
    "coordinates": [
     [
      [
       25,
       7
      ],
      [
       49,
       7
      ],
      [
       49,
       32
      ],
      [
       25,
       32
      ],
      [
       25,
       7
      ]
     ]
    ]
   }
  },
  {
   "type": "Feature",
   "properties": {
    "id": "12.05",
    "r0": 7,
    "c0": 25,
    "r1": 12,
    "c1": 29
   },
   "geometry": {
    "type": "Polygon",
    "coordinates": [
     [
      [
       25,
       7
      ],
      [
       30,
       7
      ],
      [
       30,
       13
      ],
      [
       25,
       13
      ],
      [
       25,
       7
      ]
     ]
    ]
   }
  },
  {
   "type": "Feature",
   "properties": {
    "id": "12.73",
    "r0": 7,
    "c0": 30,
    "r1": 12,
    "c1": 30
   },
   "geometry": {
    "type": "Polygon",
    "coordinates": [
     [
      [
       30,
       7
      ],
      [
       31,
       7
      ],
      [
       31,
       13
      ],
      [
       30,
       13
      ],
      [
       30,
       7
      ]
     ]
    ]
   }
  },
  {
   "type": "Feature",
   "properties": {
    "id": "12.25",
    "r0": 13,
    "c0": 25,
    "r1": 15,
    "c1": 27
   },
   "geometry": {
    "type": "Polygon",
    "coordinates": [
     [
      [
       25,
       13
      ],
      [
       28,
       13
      ],
      [
       28,
       16
      ],
      [
       25,
       16
      ],
      [
       25,
       13
      ]
     ]
    ]
   }
  },
  {
   "type": "Feature",
   "properties": {
    "id": "12.74",
    "r0": 13,
    "c0": 28,
    "r1": 15,
    "c1": 30
   },
   "geometry": {
    "type": "Polygon",
    "coordinates": [
     [
      [
       28,
       13
      ],
      [
       31,
       13
      ],
      [
       31,
       16
      ],
      [
       28,
       16
      ],
      [
       28,
       13
      ]
     ]
    ]
   }
  },
  {
   "type": "Feature",
   "properties": {
    "id": "12.12",
    "r0": 16,
    "c0": 25,
    "r1": 19,
    "c1": 30
   },
   "geometry": {
    "type": "Polygon",
    "coordinates": [
     [
      [
       25,
       16
      ],
      [
       31,
       16
      ],
      [
       31,
       20
      ],
      [
       25,
       20
      ],
      [
       25,
       16
      ]
     ]
    ]
   }
  },
  {
   "type": "Feature",
   "properties": {
    "id": "12.02",
    "r0": 7,
    "c0": 31,
    "r1": 11,
    "c1": 34
   },
   "geometry": {
    "type": "Polygon",
    "coordinates": [
     [
      [
       31,
       7
      ],
      [
       35,
       7
      ],
      [
       35,
       12
      ],
      [
       31,
       12
      ],
      [
       31,
       7
      ]
     ]
    ]
   }
  },
  {
   "type": "Feature",
   "properties": {
    "id": "12.10",
    "r0": 7,
    "c0": 35,
    "r1": 11,
    "c1": 37
   },
   "geometry": {
    "type": "Polygon",
    "coordinates": [
     [
      [
       35,
       7
      ],
      [
       38,
       7
      ],
      [
       38,
       12
      ],
      [
       35,
       12
      ],
      [
       35,
       7
      ]
     ]
    ]
   }
  },
  {
   "type": "Feature",
   "properties": {
    "id": "12.03",
    "r0": 12,
    "c0": 31,
    "r1": 14,
    "c1": 37
   },
   "geometry": {
    "type": "Polygon",
    "coordinates": [
     [
      [
       31,
       12
      ],
      [
       38,
       12
      ],
      [
       38,
       15
      ],
      [
       31,
       15
      ],
      [
       31,
       12
      ]
     ]
    ]
   }
  },
  {
   "type": "Feature",
   "properties": {
    "id": "12.13",
    "r0": 15,
    "c0": 31,
    "r1": 19,
    "c1": 37
   },
   "geometry": {
    "type": "Polygon",
    "coordinates": [
     [
      [
       31,
       15
      ],
      [
       38,
       15
      ],
      [
       38,
       20
      ],
      [
       31,
       20
      ],
      [
       31,
       15
      ]
     ]
    ]
   }
  },
  {
   "type": "Feature",
   "properties": {
    "id": "12.23",
    "r0": 7,
    "c0": 38,
    "r1": 9,
    "c1": 41
   },
   "geometry": {
    "type": "Polygon",
    "coordinates": [
     [
      [
       38,
       7
      ],
      [
       42,
       7
      ],
      [
       42,
       10
      ],
      [
       38,
       10
      ],
      [
       38,
       7
      ]
     ]
    ]
   }
  },
  {
   "type": "Feature",
   "properties": {
    "id": "12.77",
    "r0": 10,
    "c0": 38,
    "r1": 13,
    "c1": 39
   },
   "geometry": {
    "type": "Polygon",
    "coordinates": [
     [
      [
       38,
       10
      ],
      [
       40,
       10
      ],
      [
       40,
       14
      ],
      [
       38,
       14
      ],
      [
       38,
       10
      ]
     ]
    ]
   }
  },
  {
   "type": "Feature",
   "properties": {
    "id": "12.22",
    "r0": 10,
    "c0": 40,
    "r1": 13,
    "c1": 41
   },
   "geometry": {
    "type": "Polygon",
    "coordinates": [
     [
      [
       40,
       10
      ],
      [
       42,
       10
      ],
      [
       42,
       14
      ],
      [
       40,
       14
      ],
      [
       40,
       10
      ]
     ]
    ]
   }
  },
  {
   "type": "Feature",
   "properties": {
    "id": "12.71",
    "r0": 7,
    "c0": 42,
    "r1": 13,
    "c1": 45
   },
   "geometry": {
    "type": "Polygon",
    "coordinates": [
     [
      [
       42,
       7
      ],
      [
       46,
       7
      ],
      [
       46,
       14
      ],
      [
       42,
       14
      ],
      [
       42,
       7
      ]
     ]
    ]
   }
  },
  {
   "type": "Feature",
   "properties": {
    "id": "12.18",
    "r0": 7,
    "c0": 46,
    "r1": 13,
    "c1": 48
   },
   "geometry": {
    "type": "Polygon",
    "coordinates": [
     [
      [
       46,
       7
      ],
      [
       49,
       7
      ],
      [
       49,
       14
      ],
      [
       46,
       14
      ],
      [
       46,
       7
      ]
     ]
    ]
   }
  },
  {
   "type": "Feature",
   "properties": {
    "id": "12.08",
    "r0": 14,
    "c0": 38,
    "r1": 19,
    "c1": 44
   },
   "geometry": {
    "type": "Polygon",
    "coordinates": [
     [
      [
       38,
       14
      ],
      [
       45,
       14
      ],
      [
       45,
       20
      ],
      [
       38,
       20
      ],
      [
       38,
       14
      ]
     ]
    ]
   }
  },
  {
   "type": "Feature",
   "properties": {
    "id": "12.20",
    "r0": 14,
    "c0": 45,
    "r1": 17,
    "c1": 48
   },
   "geometry": {
    "type": "Polygon",
    "coordinates": [
     [
      [
       45,
       14
      ],
      [
       49,
       14
      ],
      [
       49,
       18
      ],
      [
       45,
       18
      ],
      [
       45,
       14
      ]
     ]
    ]
   }
  },
  {
   "type": "Feature",
   "properties": {
    "id": "12.72",
    "r0": 18,
    "c0": 45,
    "r1": 19,
    "c1": 48
   },
   "geometry": {
    "type": "Polygon",
    "coordinates": [
     [
      [
       45,
       18
      ],
      [
       49,
       18
      ],
      [
       49,
       20
      ],
      [
       45,
       20
      ],
      [
       45,
       18
      ]
     ]
    ]
   }
  },
  {
   "type": "Feature",
   "properties": {
    "id": "12.78",
    "r0": 20,
    "c0": 25,
    "r1": 21,
    "c1": 29
   },
   "geometry": {
    "type": "Polygon",
    "coordinates": [
     [
      [
       25,
       20
      ],
      [
       30,
       20
      ],
      [
       30,
       22
      ],
      [
       25,
       22
      ],
      [
       25,
       20
      ]
     ]
    ]
   }
  },
  {
   "type": "Feature",
   "properties": {
    "id": "12.01",
    "r0": 22,
    "c0": 25,
    "r1": 25,
    "c1": 29
   },
   "geometry": {
    "type": "Polygon",
    "coordinates": [
     [
      [
       25,
       22
      ],
      [
       30,
       22
      ],
      [
       30,
       26
      ],
      [
       25,
       26
      ],
      [
       25,
       22
      ]
     ]
    ]
   }
  },
  {
   "type": "Feature",
   "properties": {
    "id": "12.09",
    "r0": 26,
    "c0": 25,
    "r1": 31,
    "c1": 29
   },
   "geometry": {
    "type": "Polygon",
    "coordinates": [
     [
      [
       25,
       26
      ],
      [
       30,
       26
      ],
      [
       30,
       32
      ],
      [
       25,
       32
      ],
      [
       25,
       26
      ]
     ]
    ]
   }
  },
  {
   "type": "Feature",
   "properties": {
    "id": "12.11",
    "r0": 20,
    "c0": 30,
    "r1": 26,
    "c1": 32
   },
   "geometry": {
    "type": "Polygon",
    "coordinates": [
     [
      [
       30,
       20
      ],
      [
       33,
       20
      ],
      [
       33,
       27
      ],
      [
       30,
       27
      ],
      [
       30,
       20
      ]
     ]
    ]
   }
  },
  {
   "type": "Feature",
   "properties": {
    "id": "12.16",
    "r0": 20,
    "c0": 33,
    "r1": 22,
    "c1": 36
   },
   "geometry": {
    "type": "Polygon",
    "coordinates": [
     [
      [
       33,
       20
      ],
      [
       37,
       20
      ],
      [
       37,
       23
      ],
      [
       33,
       23
      ],
      [
       33,
       20
      ]
     ]
    ]
   }
  },
  {
   "type": "Feature",
   "properties": {
    "id": "12.19",
    "r0": 23,
    "c0": 33,
    "r1": 26,
    "c1": 36
   },
   "geometry": {
    "type": "Polygon",
    "coordinates": [
     [
      [
       33,
       23
      ],
      [
       37,
       23
      ],
      [
       37,
       27
      ],
      [
       33,
       27
      ],
      [
       33,
       23
      ]
     ]
    ]
   }
  },
  {
   "type": "Feature",
   "properties": {
    "id": "12.06",
    "r0": 27,
    "c0": 30,
    "r1": 31,
    "c1": 34
   },
   "geometry": {
    "type": "Polygon",
    "coordinates": [
     [
      [
       30,
       27
      ],
      [
       35,
       27
      ],
      [
       35,
       32
      ],
      [
       30,
       32
      ],
      [
       30,
       27
      ]
     ]
    ]
   }
  },
  {
   "type": "Feature",
   "properties": {
    "id": "12.17",
    "r0": 27,
    "c0": 35,
    "r1": 31,
    "c1": 36
   },
   "geometry": {
    "type": "Polygon",
    "coordinates": [
     [
      [
       35,
       27
      ],
      [
       37,
       27
      ],
      [
       37,
       32
      ],
      [
       35,
       32
      ],
      [
       35,
       27
      ]
     ]
    ]
   }
  },
  {
   "type": "Feature",
   "properties": {
    "id": "12.75",
    "r0": 20,
    "c0": 37,
    "r1": 24,
    "c1": 37
   },
   "geometry": {
    "type": "Polygon",
    "coordinates": [
     [
      [
       37,
       20
      ],
      [
       38,
       20
      ],
      [
       38,
       25
      ],
      [
       37,
       25
      ],
      [
       37,
       20
      ]
     ]
    ]
   }
  },
  {
   "type": "Feature",
   "properties": {
    "id": "12.07",
    "r0": 20,
    "c0": 38,
    "r1": 24,
    "c1": 43
   },
   "geometry": {
    "type": "Polygon",
    "coordinates": [
     [
      [
       38,
       20
      ],
      [
       44,
       20
      ],
      [
       44,
       25
      ],
      [
       38,
       25
      ],
      [
       38,
       20
      ]
     ]
    ]
   }
  },
  {
   "type": "Feature",
   "properties": {
    "id": "12.14",
    "r0": 25,
    "c0": 37,
    "r1": 31,
    "c1": 43
   },
   "geometry": {
    "type": "Polygon",
    "coordinates": [
     [
      [
       37,
       25
      ],
      [
       44,
       25
      ],
      [
       44,
       32
      ],
      [
       37,
       32
      ],
      [
       37,
       25
      ]
     ]
    ]
   }
  },
  {
   "type": "Feature",
   "properties": {
    "id": "12.76",
    "r0": 20,
    "c0": 44,
    "r1": 20,
    "c1": 48
   },
   "geometry": {
    "type": "Polygon",
    "coordinates": [
     [
      [
       44,
       20
      ],
      [
       49,
       20
      ],
      [
       49,
       21
      ],
      [
       44,
       21
      ],
      [
       44,
       20
      ]
     ]
    ]
   }
  },
  {
   "type": "Feature",
   "properties": {
    "id": "12.04",
    "r0": 21,
    "c0": 44,
    "r1": 22,
    "c1": 48
   },
   "geometry": {
    "type": "Polygon",
    "coordinates": [
     [
      [
       44,
       21
      ],
      [
       49,
       21
      ],
      [
       49,
       23
      ],
      [
       44,
       23
      ],
      [
       44,
       21
      ]
     ]
    ]
   }
  },
  {
   "type": "Feature",
   "properties": {
    "id": "12.24",
    "r0": 23,
    "c0": 44,
    "r1": 25,
    "c1": 48
   },
   "geometry": {
    "type": "Polygon",
    "coordinates": [
     [
      [
       44,
       23
      ],
      [
       49,
       23
      ],
      [
       49,
       26
      ],
      [
       44,
       26
      ],
      [
       44,
       23
      ]
     ]
    ]
   }
  },
  {
   "type": "Feature",
   "properties": {
    "id": "12.--",
    "r0": 26,
    "c0": 44,
    "r1": 27,
    "c1": 44
   },
   "geometry": {
    "type": "Polygon",
    "coordinates": [
     [
      [
       44,
       26
      ],
      [
       45,
       26
      ],
      [
       45,
       28
      ],
      [
       44,
       28
      ],
      [
       44,
       26
      ]
     ]
    ]
   }
  },
  {
   "type": "Feature",
   "properties": {
    "id": "12.15",
    "r0": 26,
    "c0": 45,
    "r1": 27,
    "c1": 48
   },
   "geometry": {
    "type": "Polygon",
    "coordinates": [
     [
      [
       45,
       26
      ],
      [
       49,
       26
      ],
      [
       49,
       28
      ],
      [
       45,
       28
      ],
      [
       45,
       26
      ]
     ]
    ]
   }
  },
  {
   "type": "Feature",
   "properties": {
    "id": "12.21",
    "r0": 28,
    "c0": 44,
    "r1": 31,
    "c1": 48
   },
   "geometry": {
    "type": "Polygon",
    "coordinates": [
     [
      [
       44,
       28
      ],
      [
       49,
       28
      ],
      [
       49,
       32
      ],
      [
       44,
       32
      ],
      [
       44,
       28
      ]
     ]
    ]
   }
  },
  {
   "type": "Feature",
   "properties": {
    "id": "36",
    "r0": 32,
    "c0": 0,
    "r1": 43,
    "c1": 17
   },
   "geometry": {
    "type": "Polygon",
    "coordinates": [
     [
      [
       0,
       32
      ],
      [
       18,
       32
      ],
      [
       18,
       44
      ],
      [
       0,
       44
      ],
      [
       0,
       32
      ]
     ]
    ]
   }
  },
  {
   "type": "Feature",
   "properties": {
    "id": "36.73",
    "r0": 32,
    "c0": 0,
    "r1": 37,
    "c1": 0
   },
   "geometry": {
    "type": "Polygon",
    "coordinates": [
     [
      [
       0,
       32
      ],
      [
       1,
       32
      ],
      [
       1,
       38
      ],
      [
       0,
       38
      ],
      [
       0,
       32
      ]
     ]
    ]
   }
  },
  {
   "type": "Feature",
   "properties": {
    "id": "36.02",
    "r0": 32,
    "c0": 1,
    "r1": 37,
    "c1": 7
   },
   "geometry": {
    "type": "Polygon",
    "coordinates": [
     [
      [
       1,
       32
      ],
      [
       8,
       32
      ],
      [
       8,
       38
      ],
      [
       1,
       38
      ],
      [
       1,
       32
      ]
     ]
    ]
   }
  },
  {
   "type": "Feature",
   "properties": {
    "id": "36.74",
    "r0": 32,
    "c0": 8,
    "r1": 37,
    "c1": 9
   },
   "geometry": {
    "type": "Polygon",
    "coordinates": [
     [
      [
       8,
       32
      ],
      [
       10,
       32
      ],
      [
       10,
       38
      ],
      [
       8,
       38
      ],
      [
       8,
       32
      ]
     ]
    ]
   }
  },
  {
   "type": "Feature",
   "properties": {
    "id": "36.71",
    "r0": 38,
    "c0": 0,
    "r1": 43,
    "c1": 2
   },
   "geometry": {
    "type": "Polygon",
    "coordinates": [
     [
      [
       0,
       38
      ],
      [
       3,
       38
      ],
      [
       3,
       44
      ],
      [
       0,
       44
      ],
      [
       0,
       38
      ]
     ]
    ]
   }
  },
  {
   "type": "Feature",
   "properties": {
    "id": "36.03",
    "r0": 38,
    "c0": 3,
    "r1": 43,
    "c1": 9
   },
   "geometry": {
    "type": "Polygon",
    "coordinates": [
     [
      [
       3,
       38
      ],
      [
       10,
       38
      ],
      [
       10,
       44
      ],
      [
       3,
       44
      ],
      [
       3,
       38
      ]
     ]
    ]
   }
  },
  {
   "type": "Feature",
   "properties": {
    "id": "36.72",
    "r0": 32,
    "c0": 10,
    "r1": 38,
    "c1": 11
   },
   "geometry": {
    "type": "Polygon",
    "coordinates": [
     [
      [
       10,
       32
      ],
      [
       12,
       32
      ],
      [
       12,
       39
      ],
      [
       10,
       39
      ],
      [
       10,
       32
      ]
     ]
    ]
   }
  },
  {
   "type": "Feature",
   "properties": {
    "id": "36.01",
    "r0": 32,
    "c0": 12,
    "r1": 38,
    "c1": 17
   },
   "geometry": {
    "type": "Polygon",
    "coordinates": [
     [
      [
       12,
       32
      ],
      [
       18,
       32
      ],
      [
       18,
       39
      ],
      [
       12,
       39
      ],
      [
       12,
       32
      ]
     ]
    ]
   }
  },
  {
   "type": "Feature",
   "properties": {
    "id": "36.04",
    "r0": 39,
    "c0": 10,
    "r1": 43,
    "c1": 17
   },
   "geometry": {
    "type": "Polygon",
    "coordinates": [
     [
      [
       10,
       39
      ],
      [
       18,
       39
      ],
      [
       18,
       44
      ],
      [
       10,
       44
      ],
      [
       10,
       39
      ]
     ]
    ]
   }
  },
  {
   "type": "Feature",
   "properties": {
    "id": "72",
    "r0": 44,
    "c0": 0,
    "r1": 56,
    "c1": 17
   },
   "geometry": {
    "type": "Polygon",
    "coordinates": [
     [
      [
       0,
       44
      ],
      [
       18,
       44
      ],
      [
       18,
       57
      ],
      [
       0,
       57
      ],
      [
       0,
       44
      ]
     ]
    ]
   }
  },
  {
   "type": "Feature",
   "properties": {
    "id": "72.05",
    "r0": 44,
    "c0": 0,
    "r1": 45,
    "c1": 5
   },
   "geometry": {
    "type": "Polygon",
    "coordinates": [
     [
      [
       0,
       44
      ],
      [
       6,
       44
      ],
      [
       6,
       46
      ],
      [
       0,
       46
      ],
      [
       0,
       44
      ]
     ]
    ]
   }
  },
  {
   "type": "Feature",
   "properties": {
    "id": "72.08",
    "r0": 46,
    "c0": 0,
    "r1": 50,
    "c1": 5
   },
   "geometry": {
    "type": "Polygon",
    "coordinates": [
     [
      [
       0,
       46
      ],
      [
       6,
       46
      ],
      [
       6,
       51
      ],
      [
       0,
       51
      ],
      [
       0,
       46
      ]
     ]
    ]
   }
  },
  {
   "type": "Feature",
   "properties": {
    "id": "72.10",
    "r0": 44,
    "c0": 6,
    "r1": 50,
    "c1": 8
   },
   "geometry": {
    "type": "Polygon",
    "coordinates": [
     [
      [
       6,
       44
      ],
      [
       9,
       44
      ],
      [
       9,
       51
      ],
      [
       6,
       51
      ],
      [
       6,
       44
      ]
     ]
    ]
   }
  },
  {
   "type": "Feature",
   "properties": {
    "id": "72.03",
    "r0": 51,
    "c0": 0,
    "r1": 56,
    "c1": 3
   },
   "geometry": {
    "type": "Polygon",
    "coordinates": [
     [
      [
       0,
       51
      ],
      [
       4,
       51
      ],
      [
       4,
       57
      ],
      [
       0,
       57
      ],
      [
       0,
       51
      ]
     ]
    ]
   }
  },
  {
   "type": "Feature",
   "properties": {
    "id": "72.06",
    "r0": 51,
    "c0": 4,
    "r1": 53,
    "c1": 8
   },
   "geometry": {
    "type": "Polygon",
    "coordinates": [
     [
      [
       4,
       51
      ],
      [
       9,
       51
      ],
      [
       9,
       54
      ],
      [
       4,
       54
      ],
      [
       4,
       51
      ]
     ]
    ]
   }
  },
  {
   "type": "Feature",
   "properties": {
    "id": "72.09",
    "r0": 54,
    "c0": 4,
    "r1": 56,
    "c1": 8
   },
   "geometry": {
    "type": "Polygon",
    "coordinates": [
     [
      [
       4,
       54
      ],
      [
       9,
       54
      ],
      [
       9,
       57
      ],
      [
       4,
       57
      ],
      [
       4,
       54
      ]
     ]
    ]
   }
  },
  {
   "type": "Feature",
   "properties": {
    "id": "72.04",
    "r0": 44,
    "c0": 9,
    "r1": 46,
    "c1": 12
   },
   "geometry": {
    "type": "Polygon",
    "coordinates": [
     [
      [
       9,
       44
      ],
      [
       13,
       44
      ],
      [
       13,
       47
      ],
      [
       9,
       47
      ],
      [
       9,
       44
      ]
     ]
    ]
   }
  },
  {
   "type": "Feature",
   "properties": {
    "id": "72.07",
    "r0": 47,
    "c0": 9,
    "r1": 50,
    "c1": 12
   },
   "geometry": {
    "type": "Polygon",
    "coordinates": [
     [
      [
       9,
       47
      ],
      [
       13,
       47
      ],
      [
       13,
       51
      ],
      [
       9,
       51
      ],
      [
       9,
       47
      ]
     ]
    ]
   }
  },
  {
   "type": "Feature",
   "properties": {
    "id": "72.01",
    "r0": 44,
    "c0": 13,
    "r1": 50,
    "c1": 17
   },
   "geometry": {
    "type": "Polygon",
    "coordinates": [
     [
      [
       13,
       44
      ],
      [
       18,
       44
      ],
      [
       18,
       51
      ],
      [
       13,
       51
      ],
      [
       13,
       44
      ]
     ]
    ]
   }
  },
  {
   "type": "Feature",
   "properties": {
    "id": "72.02",
    "r0": 51,
    "c0": 9,
    "r1": 56,
    "c1": 12
   },
   "geometry": {
    "type": "Polygon",
    "coordinates": [
     [
      [
       9,
       51
      ],
      [
       13,
       51
      ],
      [
       13,
       57
      ],
      [
       9,
       57
      ],
      [
       9,
       51
      ]
     ]
    ]
   }
  },
  {
   "type": "Feature",
   "properties": {
    "id": "72.11",
    "r0": 51,
    "c0": 13,
    "r1": 54,
    "c1": 14
   },
   "geometry": {
    "type": "Polygon",
    "coordinates": [
     [
      [
       13,
       51
      ],
      [
       15,
       51
      ],
      [
       15,
       55
      ],
      [
       13,
       55
      ],
      [
       13,
       51
      ]
     ]
    ]
   }
  },
  {
   "type": "Feature",
   "properties": {
    "id": "72.12",
    "r0": 51,
    "c0": 15,
    "r1": 54,
    "c1": 17
   },
   "geometry": {
    "type": "Polygon",
    "coordinates": [
     [
      [
       15,
       51
      ],
      [
       18,
       51
      ],
      [
       18,
       55
      ],
      [
       15,
       55
      ],
      [
       15,
       51
      ]
     ]
    ]
   }
  },
  {
   "type": "Feature",
   "properties": {
    "id": "72.71",
    "r0": 55,
    "c0": 13,
    "r1": 56,
    "c1": 17
   },
   "geometry": {
    "type": "Polygon",
    "coordinates": [
     [
      [
       13,
       55
      ],
      [
       18,
       55
      ],
      [
       18,
       57
      ],
      [
       13,
       57
      ],
      [
       13,
       55
      ]
     ]
    ]
   }
  },
  {
   "type": "Feature",
   "properties": {
    "id": "33",
    "r0": 32,
    "c0": 18,
    "r1": 56,
    "c1": 48
   },
   "geometry": {
    "type": "Polygon",
    "coordinates": [
     [
      [
       18,
       32
      ],
      [
       49,
       32
      ],
      [
       49,
       57
      ],
      [
       18,
       57
      ],
      [
       18,
       32
      ]
     ]
    ]
   }
  },
  {
   "type": "Feature",
   "properties": {
    "id": "33.10",
    "r0": 32,
    "c0": 18,
    "r1": 36,
    "c1": 24
   },
   "geometry": {
    "type": "Polygon",
    "coordinates": [
     [
      [
       18,
       32
      ],
      [
       25,
       32
      ],
      [
       25,
       37
      ],
      [
       18,
       37
      ],
      [
       18,
       32
      ]
     ]
    ]
   }
  },
  {
   "type": "Feature",
   "properties": {
    "id": "33.25",
    "r0": 37,
    "c0": 18,
    "r1": 39,
    "c1": 24
   },
   "geometry": {
    "type": "Polygon",
    "coordinates": [
     [
      [
       18,
       37
      ],
      [
       25,
       37
      ],
      [
       25,
       40
      ],
      [
       18,
       40
      ],
      [
       18,
       37
      ]
     ]
    ]
   }
  },
  {
   "type": "Feature",
   "properties": {
    "id": "33.08",
    "r0": 40,
    "c0": 18,
    "r1": 44,
    "c1": 24
   },
   "geometry": {
    "type": "Polygon",
    "coordinates": [
     [
      [
       18,
       40
      ],
      [
       25,
       40
      ],
      [
       25,
       45
      ],
      [
       18,
       45
      ],
      [
       18,
       40
      ]
     ]
    ]
   }
  },
  {
   "type": "Feature",
   "properties": {
    "id": "33.05",
    "r0": 32,
    "c0": 25,
    "r1": 39,
    "c1": 28
   },
   "geometry": {
    "type": "Polygon",
    "coordinates": [
     [
      [
       25,
       32
      ],
      [
       29,
       32
      ],
      [
       29,
       40
      ],
      [
       25,
       40
      ],
      [
       25,
       32
      ]
     ]
    ]
   }
  },
  {
   "type": "Feature",
   "properties": {
    "id": "33.18",
    "r0": 32,
    "c0": 29,
    "r1": 39,
    "c1": 32
   },
   "geometry": {
    "type": "Polygon",
    "coordinates": [
     [
      [
       29,
       32
      ],
      [
       33,
       32
      ],
      [
       33,
       40
      ],
      [
       29,
       40
      ],
      [
       29,
       32
      ]
     ]
    ]
   }
  },
  {
   "type": "Feature",
   "properties": {
    "id": "33.20",
    "r0": 40,
    "c0": 25,
    "r1": 44,
    "c1": 28
   },
   "geometry": {
    "type": "Polygon",
    "coordinates": [
     [
      [
       25,
       40
      ],
      [
       29,
       40
      ],
      [
       29,
       45
      ],
      [
       25,
       45
      ],
      [
       25,
       40
      ]
     ]
    ]
   }
  },
  {
   "type": "Feature",
   "properties": {
    "id": "33.16",
    "r0": 40,
    "c0": 29,
    "r1": 44,
    "c1": 32
   },
   "geometry": {
    "type": "Polygon",
    "coordinates": [
     [
      [
       29,
       40
      ],
      [
       33,
       40
      ],
      [
       33,
       45
      ],
      [
       29,
       45
      ],
      [
       29,
       40
      ]
     ]
    ]
   }
  },
  {
   "type": "Feature",
   "properties": {
    "id": "33.26",
    "r0": 45,
    "c0": 18,
    "r1": 50,
    "c1": 21
   },
   "geometry": {
    "type": "Polygon",
    "coordinates": [
     [
      [
       18,
       45
      ],
      [
       22,
       45
      ],
      [
       22,
       51
      ],
      [
       18,
       51
      ],
      [
       18,
       45
      ]
     ]
    ]
   }
  },
  {
   "type": "Feature",
   "properties": {
    "id": "33.74",
    "r0": 45,
    "c0": 22,
    "r1": 50,
    "c1": 24
   },
   "geometry": {
    "type": "Polygon",
    "coordinates": [
     [
      [
       22,
       45
      ],
      [
       25,
       45
      ],
      [
       25,
       51
      ],
      [
       22,
       51
      ],
      [
       22,
       45
      ]
     ]
    ]
   }
  },
  {
   "type": "Feature",
   "properties": {
    "id": "33.13",
    "r0": 51,
    "c0": 18,
    "r1": 56,
    "c1": 21
   },
   "geometry": {
    "type": "Polygon",
    "coordinates": [
     [
      [
       18,
       51
      ],
      [
       22,
       51
      ],
      [
       22,
       57
      ],
      [
       18,
       57
      ],
      [
       18,
       51
      ]
     ]
    ]
   }
  },
  {
   "type": "Feature",
   "properties": {
    "id": "33.06",
    "r0": 51,
    "c0": 22,
    "r1": 56,
    "c1": 24
   },
   "geometry": {
    "type": "Polygon",
    "coordinates": [
     [
      [
       22,
       51
      ],
      [
       25,
       51
      ],
      [
       25,
       57
      ],
      [
       22,
       57
      ],
      [
       22,
       51
      ]
     ]
    ]
   }
  },
  {
   "type": "Feature",
   "properties": {
    "id": "33.09",
    "r0": 45,
    "c0": 25,
    "r1": 50,
    "c1": 29
   },
   "geometry": {
    "type": "Polygon",
    "coordinates": [
     [
      [
       25,
       45
      ],
      [
       30,
       45
      ],
      [
       30,
       51
      ],
      [
       25,
       51
      ],
      [
       25,
       45
      ]
     ]
    ]
   }
  },
  {
   "type": "Feature",
   "properties": {
    "id": "33.19",
    "r0": 45,
    "c0": 30,
    "r1": 48,
    "c1": 32
   },
   "geometry": {
    "type": "Polygon",
    "coordinates": [
     [
      [
       30,
       45
      ],
      [
       33,
       45
      ],
      [
       33,
       49
      ],
      [
       30,
       49
      ],
      [
       30,
       45
      ]
     ]
    ]
   }
  },
  {
   "type": "Feature",
   "properties": {
    "id": "33.75",
    "r0": 49,
    "c0": 30,
    "r1": 50,
    "c1": 32
   },
   "geometry": {
    "type": "Polygon",
    "coordinates": [
     [
      [
       30,
       49
      ],
      [
       33,
       49
      ],
      [
       33,
       51
      ],
      [
       30,
       51
      ],
      [
       30,
       49
      ]
     ]
    ]
   }
  },
  {
   "type": "Feature",
   "properties": {
    "id": "33.03",
    "r0": 51,
    "c0": 25,
    "r1": 56,
    "c1": 28
   },
   "geometry": {
    "type": "Polygon",
    "coordinates": [
     [
      [
       25,
       51
      ],
      [
       29,
       51
      ],
      [
       29,
       57
      ],
      [
       25,
       57
      ],
      [
       25,
       51
      ]
     ]
    ]
   }
  },
  {
   "type": "Feature",
   "properties": {
    "id": "33.14",
    "r0": 51,
    "c0": 29,
    "r1": 56,
    "c1": 32
   },
   "geometry": {
    "type": "Polygon",
    "coordinates": [
     [
      [
       29,
       51
      ],
      [
       33,
       51
      ],
      [
       33,
       57
      ],
      [
       29,
       57
      ],
      [
       29,
       51
      ]
     ]
    ]
   }
  },
  {
   "type": "Feature",
   "properties": {
    "id": "33.23",
    "r0": 32,
    "c0": 33,
    "r1": 36,
    "c1": 38
   },
   "geometry": {
    "type": "Polygon",
    "coordinates": [
     [
      [
       33,
       32
      ],
      [
       39,
       32
      ],
      [
       39,
       37
      ],
      [
       33,
       37
      ],
      [
       33,
       32
      ]
     ]
    ]
   }
  },
  {
   "type": "Feature",
   "properties": {
    "id": "33.72",
    "r0": 32,
    "c0": 39,
    "r1": 34,
    "c1": 40
   },
   "geometry": {
    "type": "Polygon",
    "coordinates": [
     [
      [
       39,
       32
      ],
      [
       41,
       32
      ],
      [
       41,
       35
      ],
      [
       39,
       35
      ],
      [
       39,
       32
      ]
     ]
    ]
   }
  },
  {
   "type": "Feature",
   "properties": {
    "id": "33.76",
    "r0": 35,
    "c0": 39,
    "r1": 36,
    "c1": 40
   },
   "geometry": {
    "type": "Polygon",
    "coordinates": [
     [
      [
       39,
       35
      ],
      [
       41,
       35
      ],
      [
       41,
       37
      ],
      [
       39,
       37
      ],
      [
       39,
       35
      ]
     ]
    ]
   }
  },
  {
   "type": "Feature",
   "properties": {
    "id": "33.24",
    "r0": 37,
    "c0": 33,
    "r1": 43,
    "c1": 36
   },
   "geometry": {
    "type": "Polygon",
    "coordinates": [
     [
      [
       33,
       37
      ],
      [
       37,
       37
      ],
      [
       37,
       44
      ],
      [
       33,
       44
      ],
      [
       33,
       37
      ]
     ]
    ]
   }
  },
  {
   "type": "Feature",
   "properties": {
    "id": "33.04",
    "r0": 37,
    "c0": 37,
    "r1": 43,
    "c1": 40
   },
   "geometry": {
    "type": "Polygon",
    "coordinates": [
     [
      [
       37,
       37
      ],
      [
       41,
       37
      ],
      [
       41,
       44
      ],
      [
       37,
       44
      ],
      [
       37,
       37
      ]
     ]
    ]
   }
  },
  {
   "type": "Feature",
   "properties": {
    "id": "33.07",
    "r0": 32,
    "c0": 41,
    "r1": 36,
    "c1": 44
   },
   "geometry": {
    "type": "Polygon",
    "coordinates": [
     [
      [
       41,
       32
      ],
      [
       45,
       32
      ],
      [
       45,
       37
      ],
      [
       41,
       37
      ],
      [
       41,
       32
      ]
     ]
    ]
   }
  },
  {
   "type": "Feature",
   "properties": {
    "id": "33.73",
    "r0": 37,
    "c0": 41,
    "r1": 37,
    "c1": 44
   },
   "geometry": {
    "type": "Polygon",
    "coordinates": [
     [
      [
       41,
       37
      ],
      [
       45,
       37
      ],
      [
       45,
       38
      ],
      [
       41,
       38
      ],
      [
       41,
       37
      ]
     ]
    ]
   }
  },
  {
   "type": "Feature",
   "properties": {
    "id": "33.29",
    "r0": 32,
    "c0": 45,
    "r1": 37,
    "c1": 48
   },
   "geometry": {
    "type": "Polygon",
    "coordinates": [
     [
      [
       45,
       32
      ],
      [
       49,
       32
      ],
      [
       49,
       38
      ],
      [
       45,
       38
      ],
      [
       45,
       32
      ]
     ]
    ]
   }
  },
  {
   "type": "Feature",
   "properties": {
    "id": "33.01",
    "r0": 38,
    "c0": 41,
    "r1": 43,
    "c1": 45
   },
   "geometry": {
    "type": "Polygon",
    "coordinates": [
     [
      [
       41,
       38
      ],
      [
       46,
       38
      ],
      [
       46,
       44
      ],
      [
       41,
       44
      ],
      [
       41,
       38
      ]
     ]
    ]
   }
  },
  {
   "type": "Feature",
   "properties": {
    "id": "33.11",
    "r0": 38,
    "c0": 46,
    "r1": 43,
    "c1": 48
   },
   "geometry": {
    "type": "Polygon",
    "coordinates": [
     [
      [
       46,
       38
      ],
      [
       49,
       38
      ],
      [
       49,
       44
      ],
      [
       46,
       44
      ],
      [
       46,
       38
      ]
     ]
    ]
   }
  },
  {
   "type": "Feature",
   "properties": {
    "id": "33.02",
    "r0": 44,
    "c0": 33,
    "r1": 51,
    "c1": 37
   },
   "geometry": {
    "type": "Polygon",
    "coordinates": [
     [
      [
       33,
       44
      ],
      [
       38,
       44
      ],
      [
       38,
       52
      ],
      [
       33,
       52
      ],
      [
       33,
       44
      ]
     ]
    ]
   }
  },
  {
   "type": "Feature",
   "properties": {
    "id": "33.12",
    "r0": 44,
    "c0": 38,
    "r1": 51,
    "c1": 41
   },
   "geometry": {
    "type": "Polygon",
    "coordinates": [
     [
      [
       38,
       44
      ],
      [
       42,
       44
      ],
      [
       42,
       52
      ],
      [
       38,
       52
      ],
      [
       38,
       44
      ]
     ]
    ]
   }
  },
  {
   "type": "Feature",
   "properties": {
    "id": "33.27",
    "r0": 52,
    "c0": 33,
    "r1": 56,
    "c1": 36
   },
   "geometry": {
    "type": "Polygon",
    "coordinates": [
     [
      [
       33,
       52
      ],
      [
       37,
       52
      ],
      [
       37,
       57
      ],
      [
       33,
       57
      ],
      [
       33,
       52
      ]
     ]
    ]
   }
  },
  {
   "type": "Feature",
   "properties": {
    "id": "33.22",
    "r0": 52,
    "c0": 37,
    "r1": 56,
    "c1": 41
   },
   "geometry": {
    "type": "Polygon",
    "coordinates": [
     [
      [
       37,
       52
      ],
      [
       42,
       52
      ],
      [
       42,
       57
      ],
      [
       37,
       57
      ],
      [
       37,
       52
      ]
     ]
    ]
   }
  },
  {
   "type": "Feature",
   "properties": {
    "id": "33.71",
    "r0": 44,
    "c0": 42,
    "r1": 44,
    "c1": 45
   },
   "geometry": {
    "type": "Polygon",
    "coordinates": [
     [
      [
       42,
       44
      ],
      [
       46,
       44
      ],
      [
       46,
       45
      ],
      [
       42,
       45
      ],
      [
       42,
       44
      ]
     ]
    ]
   }
  },
  {
   "type": "Feature",
   "properties": {
    "id": "33.21",
    "r0": 45,
    "c0": 42,
    "r1": 49,
    "c1": 45
   },
   "geometry": {
    "type": "Polygon",
    "coordinates": [
     [
      [
       42,
       45
      ],
      [
       46,
       45
      ],
      [
       46,
       50
      ],
      [
       42,
       50
      ],
      [
       42,
       45
      ]
     ]
    ]
   }
  },
  {
   "type": "Feature",
   "properties": {
    "id": "33.17",
    "r0": 44,
    "c0": 46,
    "r1": 49,
    "c1": 48
   },
   "geometry": {
    "type": "Polygon",
    "coordinates": [
     [
      [
       46,
       44
      ],
      [
       49,
       44
      ],
      [
       49,
       50
      ],
      [
       46,
       50
      ],
      [
       46,
       44
      ]
     ]
    ]
   }
  },
  {
   "type": "Feature",
   "properties": {
    "id": "33.28",
    "r0": 50,
    "c0": 42,
    "r1": 56,
    "c1": 44
   },
   "geometry": {
    "type": "Polygon",
    "coordinates": [
     [
      [
       42,
       50
      ],
      [
       45,
       50
      ],
      [
       45,
       57
      ],
      [
       42,
       57
      ],
      [
       42,
       50
      ]
     ]
    ]
   }
  },
  {
   "type": "Feature",
   "properties": {
    "id": "33.15",
    "r0": 50,
    "c0": 45,
    "r1": 56,
    "c1": 48
   },
   "geometry": {
    "type": "Polygon",
    "coordinates": [
     [
      [
       45,
       50
      ],
      [
       49,
       50
      ],
      [
       49,
       57
      ],
      [
       45,
       57
      ],
      [
       45,
       50
      ]
     ]
    ]
   }
  },
  {
   "type": "Feature",
   "properties": {
    "id": "75",
    "r0": 0,
    "c0": 49,
    "r1": 18,
    "c1": 53
   },
   "geometry": {
    "type": "Polygon",
    "coordinates": [
     [
      [
       49,
       0
      ],
      [
       54,
       0
      ],
      [
       54,
       19
      ],
      [
       49,
       19
      ],
      [
       49,
       0
      ]
     ]
    ]
   }
  },
  {
   "type": "Feature",
   "properties": {
    "id": "75.03",
    "r0": 0,
    "c0": 49,
    "r1": 4,
    "c1": 53
   },
   "geometry": {
    "type": "Polygon",
    "coordinates": [
     [
      [
       49,
       0
      ],
      [
       54,
       0
      ],
      [
       54,
       5
      ],
      [
       49,
       5
      ],
      [
       49,
       0
      ]
     ]
    ]
   }
  },
  {
   "type": "Feature",
   "properties": {
    "id": "75.04",
    "r0": 5,
    "c0": 49,
    "r1": 7,
    "c1": 53
   },
   "geometry": {
    "type": "Polygon",
    "coordinates": [
     [
      [
       49,
       5
      ],
      [
       54,
       5
      ],
      [
       54,
       8
      ],
      [
       49,
       8
      ],
      [
       49,
       5
      ]
     ]
    ]
   }
  },
  {
   "type": "Feature",
   "properties": {
    "id": "75.01",
    "r0": 8,
    "c0": 49,
    "r1": 11,
    "c1": 53
   },
   "geometry": {
    "type": "Polygon",
    "coordinates": [
     [
      [
       49,
       8
      ],
      [
       54,
       8
      ],
      [
       54,
       12
      ],
      [
       49,
       12
      ],
      [
       49,
       8
      ]
     ]
    ]
   }
  },
  {
   "type": "Feature",
   "properties": {
    "id": "75.05",
    "r0": 12,
    "c0": 49,
    "r1": 14,
    "c1": 53
   },
   "geometry": {
    "type": "Polygon",
    "coordinates": [
     [
      [
       49,
       12
      ],
      [
       54,
       12
      ],
      [
       54,
       15
      ],
      [
       49,
       15
      ],
      [
       49,
       12
      ]
     ]
    ]
   }
  },
  {
   "type": "Feature",
   "properties": {
    "id": "75.02",
    "r0": 15,
    "c0": 49,
    "r1": 18,
    "c1": 50
   },
   "geometry": {
    "type": "Polygon",
    "coordinates": [
     [
      [
       49,
       15
      ],
      [
       51,
       15
      ],
      [
       51,
       19
      ],
      [
       49,
       19
      ],
      [
       49,
       15
      ]
     ]
    ]
   }
  },
  {
   "type": "Feature",
   "properties": {
    "id": "75.71",
    "r0": 15,
    "c0": 51,
    "r1": 18,
    "c1": 53
   },
   "geometry": {
    "type": "Polygon",
    "coordinates": [
     [
      [
       51,
       15
      ],
      [
       54,
       15
      ],
      [
       54,
       19
      ],
      [
       51,
       19
      ],
      [
       51,
       15
      ]
     ]
    ]
   }
  },
  {
   "type": "Feature",
   "properties": {
    "id": "61",
    "r0": 0,
    "c0": 54,
    "r1": 14,
    "c1": 69
   },
   "geometry": {
    "type": "Polygon",
    "coordinates": [
     [
      [
       54,
       0
      ],
      [
       70,
       0
      ],
      [
       70,
       15
      ],
      [
       54,
       15
      ],
      [
       54,
       0
      ]
     ]
    ]
   }
  },
  {
   "type": "Feature",
   "properties": {
    "id": "61.01",
    "r0": 0,
    "c0": 54,
    "r1": 7,
    "c1": 56
   },
   "geometry": {
    "type": "Polygon",
    "coordinates": [
     [
      [
       54,
       0
      ],
      [
       57,
       0
      ],
      [
       57,
       8
      ],
      [
       54,
       8
      ],
      [
       54,
       0
      ]
     ]
    ]
   }
  },
  {
   "type": "Feature",
   "properties": {
    "id": "61.11",
    "r0": 0,
    "c0": 57,
    "r1": 4,
    "c1": 58
   },
   "geometry": {
    "type": "Polygon",
    "coordinates": [
     [
      [
       57,
       0
      ],
      [
       59,
       0
      ],
      [
       59,
       5
      ],
      [
       57,
       5
      ],
      [
       57,
       0
      ]
     ]
    ]
   }
  },
  {
   "type": "Feature",
   "properties": {
    "id": "61.02",
    "r0": 0,
    "c0": 59,
    "r1": 4,
    "c1": 61
   },
   "geometry": {
    "type": "Polygon",
    "coordinates": [
     [
      [
       59,
       0
      ],
      [
       62,
       0
      ],
      [
       62,
       5
      ],
      [
       59,
       5
      ],
      [
       59,
       0
      ]
     ]
    ]
   }
  },
  {
   "type": "Feature",
   "properties": {
    "id": "61.12",
    "r0": 5,
    "c0": 57,
    "r1": 7,
    "c1": 61
   },
   "geometry": {
    "type": "Polygon",
    "coordinates": [
     [
      [
       57,
       5
      ],
      [
       62,
       5
      ],
      [
       62,
       8
      ],
      [
       57,
       8
      ],
      [
       57,
       5
      ]
     ]
    ]
   }
  },
  {
   "type": "Feature",
   "properties": {
    "id": "61.71",
    "r0": 8,
    "c0": 54,
    "r1": 9,
    "c1": 56
   },
   "geometry": {
    "type": "Polygon",
    "coordinates": [
     [
      [
       54,
       8
      ],
      [
       57,
       8
      ],
      [
       57,
       10
      ],
      [
       54,
       10
      ],
      [
       54,
       8
      ]
     ]
    ]
   }
  },
  {
   "type": "Feature",
   "properties": {
    "id": "61.10",
    "r0": 10,
    "c0": 54,
    "r1": 14,
    "c1": 56
   },
   "geometry": {
    "type": "Polygon",
    "coordinates": [
     [
      [
       54,
       10
      ],
      [
       57,
       10
      ],
      [
       57,
       15
      ],
      [
       54,
       15
      ],
      [
       54,
       10
      ]
     ]
    ]
   }
  },
  {
   "type": "Feature",
   "properties": {
    "id": "61.05",
    "r0": 8,
    "c0": 57,
    "r1": 11,
    "c1": 61
   },
   "geometry": {
    "type": "Polygon",
    "coordinates": [
     [
      [
       57,
       8
      ],
      [
       62,
       8
      ],
      [
       62,
       12
      ],
      [
       57,
       12
      ],
      [
       57,
       8
      ]
     ]
    ]
   }
  },
  {
   "type": "Feature",
   "properties": {
    "id": "61.08",
    "r0": 12,
    "c0": 57,
    "r1": 14,
    "c1": 61
   },
   "geometry": {
    "type": "Polygon",
    "coordinates": [
     [
      [
       57,
       12
      ],
      [
       62,
       12
      ],
      [
       62,
       15
      ],
      [
       57,
       15
      ],
      [
       57,
       12
      ]
     ]
    ]
   }
  },
  {
   "type": "Feature",
   "properties": {
    "id": "61.09",
    "r0": 0,
    "c0": 62,
    "r1": 1,
    "c1": 66
   },
   "geometry": {
    "type": "Polygon",
    "coordinates": [
     [
      [
       62,
       0
      ],
      [
       67,
       0
      ],
      [
       67,
       2
      ],
      [
       62,
       2
      ],
      [
       62,
       0
      ]
     ]
    ]
   }
  },
  {
   "type": "Feature",
   "properties": {
    "id": "61.06",
    "r0": 2,
    "c0": 62,
    "r1": 7,
    "c1": 66
   },
   "geometry": {
    "type": "Polygon",
    "coordinates": [
     [
      [
       62,
       2
      ],
      [
       67,
       2
      ],
      [
       67,
       8
      ],
      [
       62,
       8
      ],
      [
       62,
       2
      ]
     ]
    ]
   }
  },
  {
   "type": "Feature",
   "properties": {
    "id": "61.03",
    "r0": 0,
    "c0": 67,
    "r1": 7,
    "c1": 69
   },
   "geometry": {
    "type": "Polygon",
    "coordinates": [
     [
      [
       67,
       0
      ],
      [
       70,
       0
      ],
      [
       70,
       8
      ],
      [
       67,
       8
      ],
      [
       67,
       0
      ]
     ]
    ]
   }
  },
  {
   "type": "Feature",
   "properties": {
    "id": "61.04",
    "r0": 8,
    "c0": 62,
    "r1": 14,
    "c1": 65
   },
   "geometry": {
    "type": "Polygon",
    "coordinates": [
     [
      [
       62,
       8
      ],
      [
       66,
       8
      ],
      [
       66,
       15
      ],
      [
       62,
       15
      ],
      [
       62,
       8
      ]
     ]
    ]
   }
  },
  {
   "type": "Feature",
   "properties": {
    "id": "61.72",
    "r0": 8,
    "c0": 66,
    "r1": 9,
    "c1": 69
   },
   "geometry": {
    "type": "Polygon",
    "coordinates": [
     [
      [
       66,
       8
      ],
      [
       70,
       8
      ],
      [
       70,
       10
      ],
      [
       66,
       10
      ],
      [
       66,
       8
      ]
     ]
    ]
   }
  },
  {
   "type": "Feature",
   "properties": {
    "id": "61.07",
    "r0": 10,
    "c0": 66,
    "r1": 14,
    "c1": 69
   },
   "geometry": {
    "type": "Polygon",
    "coordinates": [
     [
      [
       66,
       10
      ],
      [
       70,
       10
      ],
      [
       70,
       15
      ],
      [
       66,
       15
      ],
      [
       66,
       10
      ]
     ]
    ]
   }
  },
  {
   "type": "Feature",
   "properties": {
    "id": "19",
    "r0": 15,
    "c0": 54,
    "r1": 18,
    "c1": 69
   },
   "geometry": {
    "type": "Polygon",
    "coordinates": [
     [
      [
       54,
       15
      ],
      [
       70,
       15
      ],
      [
       70,
       19
      ],
      [
       54,
       19
      ],
      [
       54,
       15
      ]
     ]
    ]
   }
  },
  {
   "type": "Feature",
   "properties": {
    "id": "19.71",
    "r0": 15,
    "c0": 54,
    "r1": 18,
    "c1": 56
   },
   "geometry": {
    "type": "Polygon",
    "coordinates": [
     [
      [
       54,
       15
      ],
      [
       57,
       15
      ],
      [
       57,
       19
      ],
      [
       54,
       19
      ],
      [
       54,
       15
      ]
     ]
    ]
   }
  },
  {
   "type": "Feature",
   "properties": {
    "id": "19.03",
    "r0": 15,
    "c0": 57,
    "r1": 18,
    "c1": 59
   },
   "geometry": {
    "type": "Polygon",
    "coordinates": [
     [
      [
       57,
       15
      ],
      [
       60,
       15
      ],
      [
       60,
       19
      ],
      [
       57,
       19
      ],
      [
       57,
       15
      ]
     ]
    ]
   }
  },
  {
   "type": "Feature",
   "properties": {
    "id": "19.06",
    "r0": 15,
    "c0": 60,
    "r1": 18,
    "c1": 61
   },
   "geometry": {
    "type": "Polygon",
    "coordinates": [
     [
      [
       60,
       15
      ],
      [
       62,
       15
      ],
      [
       62,
       19
      ],
      [
       60,
       19
      ],
      [
       60,
       15
      ]
     ]
    ]
   }
  },
  {
   "type": "Feature",
   "properties": {
    "id": "19.05",
    "r0": 15,
    "c0": 62,
    "r1": 18,
    "c1": 63
   },
   "geometry": {
    "type": "Polygon",
    "coordinates": [
     [
      [
       62,
       15
      ],
      [
       64,
       15
      ],
      [
       64,
       19
      ],
      [
       62,
       19
      ],
      [
       62,
       15
      ]
     ]
    ]
   }
  },
  {
   "type": "Feature",
   "properties": {
    "id": "19.01",
    "r0": 15,
    "c0": 64,
    "r1": 18,
    "c1": 65
   },
   "geometry": {
    "type": "Polygon",
    "coordinates": [
     [
      [
       64,
       15
      ],
      [
       66,
       15
      ],
      [
       66,
       19
      ],
      [
       64,
       19
      ],
      [
       64,
       15
      ]
     ]
    ]
   }
  },
  {
   "type": "Feature",
   "properties": {
    "id": "19.04",
    "r0": 15,
    "c0": 66,
    "r1": 18,
    "c1": 67
   },
   "geometry": {
    "type": "Polygon",
    "coordinates": [
     [
      [
       66,
       15
      ],
      [
       68,
       15
      ],
      [
       68,
       19
      ],
      [
       66,
       19
      ],
      [
       66,
       15
      ]
     ]
    ]
   }
  },
  {
   "type": "Feature",
   "properties": {
    "id": "19.02",
    "r0": 15,
    "c0": 68,
    "r1": 18,
    "c1": 69
   },
   "geometry": {
    "type": "Polygon",
    "coordinates": [
     [
      [
       68,
       15
      ],
      [
       70,
       15
      ],
      [
       70,
       19
      ],
      [
       68,
       19
      ],
      [
       68,
       15
      ]
     ]
    ]
   }
  },
  {
   "type": "Feature",
   "properties": {
    "id": "73",
    "r0": 0,
    "c0": 70,
    "r1": 18,
    "c1": 91
   },
   "geometry": {
    "type": "Polygon",
    "coordinates": [
     [
      [
       70,
       0
      ],
      [
       92,
       0
      ],
      [
       92,
       19
      ],
      [
       70,
       19
      ],
      [
       70,
       0
      ]
     ]
    ]
   }
  },
  {
   "type": "Feature",
   "properties": {
    "id": "73.14",
    "r0": 0,
    "c0": 70,
    "r1": 2,
    "c1": 74
   },
   "geometry": {
    "type": "Polygon",
    "coordinates": [
     [
      [
       70,
       0
      ],
      [
       75,
       0
      ],
      [
       75,
       3
      ],
      [
       70,
       3
      ],
      [
       70,
       0
      ]
     ]
    ]
   }
  },
  {
   "type": "Feature",
   "properties": {
    "id": "73.02",
    "r0": 3,
    "c0": 70,
    "r1": 7,
    "c1": 71
   },
   "geometry": {
    "type": "Polygon",
    "coordinates": [
     [
      [
       70,
       3
      ],
      [
       72,
       3
      ],
      [
       72,
       8
      ],
      [
       70,
       8
      ],
      [
       70,
       3
      ]
     ]
    ]
   }
  },
  {
   "type": "Feature",
   "properties": {
    "id": "73.24",
    "r0": 3,
    "c0": 72,
    "r1": 7,
    "c1": 74
   },
   "geometry": {
    "type": "Polygon",
    "coordinates": [
     [
      [
       72,
       3
      ],
      [
       75,
       3
      ],
      [
       75,
       8
      ],
      [
       72,
       8
      ],
      [
       72,
       3
      ]
     ]
    ]
   }
  },
  {
   "type": "Feature",
   "properties": {
    "id": "73.71",
    "r0": 0,
    "c0": 75,
    "r1": 3,
    "c1": 79
   },
   "geometry": {
    "type": "Polygon",
    "coordinates": [
     [
      [
       75,
       0
      ],
      [
       80,
       0
      ],
      [
       80,
       4
      ],
      [
       75,
       4
      ],
      [
       75,
       0
      ]
     ]
    ]
   }
  },
  {
   "type": "Feature",
   "properties": {
    "id": "73.72",
    "r0": 0,
    "c0": 80,
    "r1": 3,
    "c1": 80
   },
   "geometry": {
    "type": "Polygon",
    "coordinates": [
     [
      [
       80,
       0
      ],
      [
       81,
       0
      ],
      [
       81,
       4
      ],
      [
       80,
       4
      ],
      [
       80,
       0
      ]
     ]
    ]
   }
  },
  {
   "type": "Feature",
   "properties": {
    "id": "73.03",
    "r0": 4,
    "c0": 75,
    "r1": 7,
    "c1": 77
   },
   "geometry": {
    "type": "Polygon",
    "coordinates": [
     [
      [
       75,
       4
      ],
      [
       78,
       4
      ],
      [
       78,
       8
      ],
      [
       75,
       8
      ],
      [
       75,
       4
      ]
     ]
    ]
   }
  },
  {
   "type": "Feature",
   "properties": {
    "id": "73.12",
    "r0": 4,
    "c0": 78,
    "r1": 7,
    "c1": 80
   },
   "geometry": {
    "type": "Polygon",
    "coordinates": [
     [
      [
       78,
       4
      ],
      [
       81,
       4
      ],
      [
       81,
       8
      ],
      [
       78,
       8
      ],
      [
       78,
       4
      ]
     ]
    ]
   }
  },
  {
   "type": "Feature",
   "properties": {
    "id": "73.08",
    "r0": 8,
    "c0": 70,
    "r1": 14,
    "c1": 74
   },
   "geometry": {
    "type": "Polygon",
    "coordinates": [
     [
      [
       70,
       8
      ],
      [
       75,
       8
      ],
      [
       75,
       15
      ],
      [
       70,
       15
      ],
      [
       70,
       8
      ]
     ]
    ]
   }
  },
  {
   "type": "Feature",
   "properties": {
    "id": "73.22",
    "r0": 15,
    "c0": 70,
    "r1": 18,
    "c1": 74
   },
   "geometry": {
    "type": "Polygon",
    "coordinates": [
     [
      [
       70,
       15
      ],
      [
       75,
       15
      ],
      [
       75,
       19
      ],
      [
       70,
       19
      ],
      [
       70,
       15
      ]
     ]
    ]
   }
  },
  {
   "type": "Feature",
   "properties": {
    "id": "73.18",
    "r0": 8,
    "c0": 75,
    "r1": 12,
    "c1": 80
   },
   "geometry": {
    "type": "Polygon",
    "coordinates": [
     [
      [
       75,
       8
      ],
      [
       81,
       8
      ],
      [
       81,
       13
      ],
      [
       75,
       13
      ],
      [
       75,
       8
      ]
     ]
    ]
   }
  },
  {
   "type": "Feature",
   "properties": {
    "id": "73.13",
    "r0": 13,
    "c0": 75,
    "r1": 18,
    "c1": 77
   },
   "geometry": {
    "type": "Polygon",
    "coordinates": [
     [
      [
       75,
       13
      ],
      [
       78,
       13
      ],
      [
       78,
       19
      ],
      [
       75,
       19
      ],
      [
       75,
       13
      ]
     ]
    ]
   }
  },
  {
   "type": "Feature",
   "properties": {
    "id": "73.01",
    "r0": 13,
    "c0": 78,
    "r1": 18,
    "c1": 80
   },
   "geometry": {
    "type": "Polygon",
    "coordinates": [
     [
      [
       78,
       13
      ],
      [
       81,
       13
      ],
      [
       81,
       19
      ],
      [
       78,
       19
      ],
      [
       78,
       13
      ]
     ]
    ]
   }
  },
  {
   "type": "Feature",
   "properties": {
    "id": "73.06",
    "r0": 0,
    "c0": 81,
    "r1": 4,
    "c1": 85
   },
   "geometry": {
    "type": "Polygon",
    "coordinates": [
     [
      [
       81,
       0
      ],
      [
       86,
       0
      ],
      [
       86,
       5
      ],
      [
       81,
       5
      ],
      [
       81,
       0
      ]
     ]
    ]
   }
  },
  {
   "type": "Feature",
   "properties": {
    "id": "73.10",
    "r0": 5,
    "c0": 81,
    "r1": 8,
    "c1": 85
   },
   "geometry": {
    "type": "Polygon",
    "coordinates": [
     [
      [
       81,
       5
      ],
      [
       86,
       5
      ],
      [
       86,
       9
      ],
      [
       81,
       9
      ],
      [
       81,
       5
      ]
     ]
    ]
   }
  },
  {
   "type": "Feature",
   "properties": {
    "id": "73.16",
    "r0": 0,
    "c0": 86,
    "r1": 5,
    "c1": 88
   },
   "geometry": {
    "type": "Polygon",
    "coordinates": [
     [
      [
       86,
       0
      ],
      [
       89,
       0
      ],
      [
       89,
       6
      ],
      [
       86,
       6
      ],
      [
       86,
       0
      ]
     ]
    ]
   }
  },
  {
   "type": "Feature",
   "properties": {
    "id": "73.09",
    "r0": 0,
    "c0": 89,
    "r1": 5,
    "c1": 91
   },
   "geometry": {
    "type": "Polygon",
    "coordinates": [
     [
      [
       89,
       0
      ],
      [
       92,
       0
      ],
      [
       92,
       6
      ],
      [
       89,
       6
      ],
      [
       89,
       0
      ]
     ]
    ]
   }
  },
  {
   "type": "Feature",
   "properties": {
    "id": "73.11",
    "r0": 6,
    "c0": 86,
    "r1": 8,
    "c1": 88
   },
   "geometry": {
    "type": "Polygon",
    "coordinates": [
     [
      [
       86,
       6
      ],
      [
       89,
       6
      ],
      [
       89,
       9
      ],
      [
       86,
       9
      ],
      [
       86,
       6
      ]
     ]
    ]
   }
  },
  {
   "type": "Feature",
   "properties": {
    "id": "73.07",
    "r0": 6,
    "c0": 89,
    "r1": 8,
    "c1": 91
   },
   "geometry": {
    "type": "Polygon",
    "coordinates": [
     [
      [
       89,
       6
      ],
      [
       92,
       6
      ],
      [
       92,
       9
      ],
      [
       89,
       9
      ],
      [
       89,
       6
      ]
     ]
    ]
   }
  },
  {
   "type": "Feature",
   "properties": {
    "id": "73.17",
    "r0": 9,
    "c0": 81,
    "r1": 13,
    "c1": 86
   },
   "geometry": {
    "type": "Polygon",
    "coordinates": [
     [
      [
       81,
       9
      ],
      [
       87,
       9
      ],
      [
       87,
       14
      ],
      [
       81,
       14
      ],
      [
       81,
       9
      ]
     ]
    ]
   }
  },
  {
   "type": "Feature",
   "properties": {
    "id": "73.26",
    "r0": 14,
    "c0": 81,
    "r1": 18,
    "c1": 86
   },
   "geometry": {
    "type": "Polygon",
    "coordinates": [
     [
      [
       81,
       14
      ],
      [
       87,
       14
      ],
      [
       87,
       19
      ],
      [
       81,
       19
      ],
      [
       81,
       14
      ]
     ]
    ]
   }
  },
  {
   "type": "Feature",
   "properties": {
    "id": "73.04",
    "r0": 9,
    "c0": 87,
    "r1": 13,
    "c1": 89
   },
   "geometry": {
    "type": "Polygon",
    "coordinates": [
     [
      [
       87,
       9
      ],
      [
       90,
       9
      ],
      [
       90,
       14
      ],
      [
       87,
       14
      ],
      [
       87,
       9
      ]
     ]
    ]
   }
  },
  {
   "type": "Feature",
   "properties": {
    "id": "73.73",
    "r0": 9,
    "c0": 90,
    "r1": 13,
    "c1": 91
   },
   "geometry": {
    "type": "Polygon",
    "coordinates": [
     [
      [
       90,
       9
      ],
      [
       92,
       9
      ],
      [
       92,
       14
      ],
      [
       90,
       14
      ],
      [
       90,
       9
      ]
     ]
    ]
   }
  },
  {
   "type": "Feature",
   "properties": {
    "id": "73.05",
    "r0": 14,
    "c0": 87,
    "r1": 18,
    "c1": 88
   },
   "geometry": {
    "type": "Polygon",
    "coordinates": [
     [
      [
       87,
       14
      ],
      [
       89,
       14
      ],
      [
       89,
       19
      ],
      [
       87,
       19
      ],
      [
       87,
       14
      ]
     ]
    ]
   }
  },
  {
   "type": "Feature",
   "properties": {
    "id": "73.15",
    "r0": 14,
    "c0": 89,
    "r1": 17,
    "c1": 91
   },
   "geometry": {
    "type": "Polygon",
    "coordinates": [
     [
      [
       89,
       14
      ],
      [
       92,
       14
      ],
      [
       92,
       18
      ],
      [
       89,
       18
      ],
      [
       89,
       14
      ]
     ]
    ]
   }
  },
  {
   "type": "Feature",
   "properties": {
    "id": "73.--",
    "r0": 18,
    "c0": 89,
    "r1": 18,
    "c1": 91
   },
   "geometry": {
    "type": "Polygon",
    "coordinates": [
     [
      [
       89,
       18
      ],
      [
       92,
       18
      ],
      [
       92,
       19
      ],
      [
       89,
       19
      ],
      [
       89,
       18
      ]
     ]
    ]
   }
  },
  {
   "type": "Feature",
   "properties": {
    "id": "32",
    "r0": 19,
    "c0": 49,
    "r1": 56,
    "c1": 71
   },
   "geometry": {
    "type": "Polygon",
    "coordinates": [
     [
      [
       49,
       19
      ],
      [
       72,
       19
      ],
      [
       72,
       57
      ],
      [
       49,
       57
      ],
      [
       49,
       19
      ]
     ]
    ]
   }
  },
  {
   "type": "Feature",
   "properties": {
    "id": "32.18",
    "r0": 19,
    "c0": 49,
    "r1": 20,
    "c1": 56
   },
   "geometry": {
    "type": "Polygon",
    "coordinates": [
     [
      [
       49,
       19
      ],
      [
       57,
       19
      ],
      [
       57,
       21
      ],
      [
       49,
       21
      ],
      [
       49,
       19
      ]
     ]
    ]
   }
  },
  {
   "type": "Feature",
   "properties": {
    "id": "32.05",
    "r0": 21,
    "c0": 49,
    "r1": 28,
    "c1": 56
   },
   "geometry": {
    "type": "Polygon",
    "coordinates": [
     [
      [
       49,
       21
      ],
      [
       57,
       21
      ],
      [
       57,
       29
      ],
      [
       49,
       29
      ],
      [
       49,
       21
      ]
     ]
    ]
   }
  },
  {
   "type": "Feature",
   "properties": {
    "id": "32.12",
    "r0": 19,
    "c0": 57,
    "r1": 28,
    "c1": 60
   },
   "geometry": {
    "type": "Polygon",
    "coordinates": [
     [
      [
       57,
       19
      ],
      [
       61,
       19
      ],
      [
       61,
       29
      ],
      [
       57,
       29
      ],
      [
       57,
       19
      ]
     ]
    ]
   }
  },
  {
   "type": "Feature",
   "properties": {
    "id": "32.15",
    "r0": 29,
    "c0": 49,
    "r1": 36,
    "c1": 53
   },
   "geometry": {
    "type": "Polygon",
    "coordinates": [
     [
      [
       49,
       29
      ],
      [
       54,
       29
      ],
      [
       54,
       37
      ],
      [
       49,
       37
      ],
      [
       49,
       29
      ]
     ]
    ]
   }
  },
  {
   "type": "Feature",
   "properties": {
    "id": "32.74",
    "r0": 37,
    "c0": 49,
    "r1": 37,
    "c1": 53
   },
   "geometry": {
    "type": "Polygon",
    "coordinates": [
     [
      [
       49,
       37
      ],
      [
       54,
       37
      ],
      [
       54,
       38
      ],
      [
       49,
       38
      ],
      [
       49,
       37
      ]
     ]
    ]
   }
  },
  {
   "type": "Feature",
   "properties": {
    "id": "32.02",
    "r0": 29,
    "c0": 54,
    "r1": 37,
    "c1": 60
   },
   "geometry": {
    "type": "Polygon",
    "coordinates": [
     [
      [
       54,
       29
      ],
      [
       61,
       29
      ],
      [
       61,
       38
      ],
      [
       54,
       38
      ],
      [
       54,
       29
      ]
     ]
    ]
   }
  },
  {
   "type": "Feature",
   "properties": {
    "id": "32.72",
    "r0": 19,
    "c0": 61,
    "r1": 21,
    "c1": 64
   },
   "geometry": {
    "type": "Polygon",
    "coordinates": [
     [
      [
       61,
       19
      ],
      [
       65,
       19
      ],
      [
       65,
       22
      ],
      [
       61,
       22
      ],
      [
       61,
       19
      ]
     ]
    ]
   }
  },
  {
   "type": "Feature",
   "properties": {
    "id": "32.71",
    "r0": 22,
    "c0": 61,
    "r1": 23,
    "c1": 64
   },
   "geometry": {
    "type": "Polygon",
    "coordinates": [
     [
      [
       61,
       22
      ],
      [
       65,
       22
      ],
      [
       65,
       24
      ],
      [
       61,
       24
      ],
      [
       61,
       22
      ]
     ]
    ]
   }
  },
  {
   "type": "Feature",
   "properties": {
    "id": "32.75",
    "r0": 19,
    "c0": 65,
    "r1": 23,
    "c1": 67
   },
   "geometry": {
    "type": "Polygon",
    "coordinates": [
     [
      [
       65,
       19
      ],
      [
       68,
       19
      ],
      [
       68,
       24
      ],
      [
       65,
       24
      ],
      [
       65,
       19
      ]
     ]
    ]
   }
  },
  {
   "type": "Feature",
   "properties": {
    "id": "32.13",
    "r0": 24,
    "c0": 61,
    "r1": 29,
    "c1": 67
   },
   "geometry": {
    "type": "Polygon",
    "coordinates": [
     [
      [
       61,
       24
      ],
      [
       68,
       24
      ],
      [
       68,
       30
      ],
      [
       61,
       30
      ],
      [
       61,
       24
      ]
     ]
    ]
   }
  },
  {
   "type": "Feature",
   "properties": {
    "id": "32.03",
    "r0": 19,
    "c0": 68,
    "r1": 29,
    "c1": 71
   },
   "geometry": {
    "type": "Polygon",
    "coordinates": [
     [
      [
       68,
       19
      ],
      [
       72,
       19
      ],
      [
       72,
       30
      ],
      [
       68,
       30
      ],
      [
       68,
       19
      ]
     ]
    ]
   }
  },
  {
   "type": "Feature",
   "properties": {
    "id": "32.06",
    "r0": 30,
    "c0": 61,
    "r1": 37,
    "c1": 67
   },
   "geometry": {
    "type": "Polygon",
    "coordinates": [
     [
      [
       61,
       30
      ],
      [
       68,
       30
      ],
      [
       68,
       38
      ],
      [
       61,
       38
      ],
      [
       61,
       30
      ]
     ]
    ]
   }
  },
  {
   "type": "Feature",
   "properties": {
    "id": "32.16",
    "r0": 30,
    "c0": 68,
    "r1": 37,
    "c1": 71
   },
   "geometry": {
    "type": "Polygon",
    "coordinates": [
     [
      [
       68,
       30
      ],
      [
       72,
       30
      ],
      [
       72,
       38
      ],
      [
       68,
       38
      ],
      [
       68,
       30
      ]
     ]
    ]
   }
  },
  {
   "type": "Feature",
   "properties": {
    "id": "32.10",
    "r0": 38,
    "c0": 49,
    "r1": 42,
    "c1": 56
   },
   "geometry": {
    "type": "Polygon",
    "coordinates": [
     [
      [
       49,
       38
      ],
      [
       57,
       38
      ],
      [
       57,
       43
      ],
      [
       49,
       43
      ],
      [
       49,
       38
      ]
     ]
    ]
   }
  },
  {
   "type": "Feature",
   "properties": {
    "id": "32.11",
    "r0": 43,
    "c0": 49,
    "r1": 47,
    "c1": 56
   },
   "geometry": {
    "type": "Polygon",
    "coordinates": [
     [
      [
       49,
       43
      ],
      [
       57,
       43
      ],
      [
       57,
       48
      ],
      [
       49,
       48
      ],
      [
       49,
       43
      ]
     ]
    ]
   }
  },
  {
   "type": "Feature",
   "properties": {
    "id": "32.73",
    "r0": 38,
    "c0": 57,
    "r1": 47,
    "c1": 60
   },
   "geometry": {
    "type": "Polygon",
    "coordinates": [
     [
      [
       57,
       38
      ],
      [
       61,
       38
      ],
      [
       61,
       48
      ],
      [
       57,
       48
      ],
      [
       57,
       38
      ]
     ]
    ]
   }
  },
  {
   "type": "Feature",
   "properties": {
    "id": "32.01",
    "r0": 48,
    "c0": 49,
    "r1": 56,
    "c1": 54
   },
   "geometry": {
    "type": "Polygon",
    "coordinates": [
     [
      [
       49,
       48
      ],
      [
       55,
       48
      ],
      [
       55,
       57
      ],
      [
       49,
       57
      ],
      [
       49,
       48
      ]
     ]
    ]
   }
  },
  {
   "type": "Feature",
   "properties": {
    "id": "32.09",
    "r0": 48,
    "c0": 55,
    "r1": 56,
    "c1": 60
   },
   "geometry": {
    "type": "Polygon",
    "coordinates": [
     [
      [
       55,
       48
      ],
      [
       61,
       48
      ],
      [
       61,
       57
      ],
      [
       55,
       57
      ],
      [
       55,
       48
      ]
     ]
    ]
   }
  },
  {
   "type": "Feature",
   "properties": {
    "id": "32.04",
    "r0": 38,
    "c0": 61,
    "r1": 44,
    "c1": 66
   },
   "geometry": {
    "type": "Polygon",
    "coordinates": [
     [
      [
       61,
       38
      ],
      [
       67,
       38
      ],
      [
       67,
       45
      ],
      [
       61,
       45
      ],
      [
       61,
       38
      ]
     ]
    ]
   }
  },
  {
   "type": "Feature",
   "properties": {
    "id": "32.78",
    "r0": 45,
    "c0": 61,
    "r1": 46,
    "c1": 66
   },
   "geometry": {
    "type": "Polygon",
    "coordinates": [
     [
      [
       61,
       45
      ],
      [
       67,
       45
      ],
      [
       67,
       47
      ],
      [
       61,
       47
      ],
      [
       61,
       45
      ]
     ]
    ]
   }
  },
  {
   "type": "Feature",
   "properties": {
    "id": "32.79",
    "r0": 38,
    "c0": 67,
    "r1": 38,
    "c1": 71
   },
   "geometry": {
    "type": "Polygon",
    "coordinates": [
     [
      [
       67,
       38
      ],
      [
       72,
       38
      ],
      [
       72,
       39
      ],
      [
       67,
       39
      ],
      [
       67,
       38
      ]
     ]
    ]
   }
  },
  {
   "type": "Feature",
   "properties": {
    "id": "32.07",
    "r0": 39,
    "c0": 67,
    "r1": 46,
    "c1": 71
   },
   "geometry": {
    "type": "Polygon",
    "coordinates": [
     [
      [
       67,
       39
      ],
      [
       72,
       39
      ],
      [
       72,
       47
      ],
      [
       67,
       47
      ],
      [
       67,
       39
      ]
     ]
    ]
   }
  },
  {
   "type": "Feature",
   "properties": {
    "id": "32.76",
    "r0": 47,
    "c0": 61,
    "r1": 50,
    "c1": 64
   },
   "geometry": {
    "type": "Polygon",
    "coordinates": [
     [
      [
       61,
       47
      ],
      [
       65,
       47
      ],
      [
       65,
       51
      ],
      [
       61,
       51
      ],
      [
       61,
       47
      ]
     ]
    ]
   }
  },
  {
   "type": "Feature",
   "properties": {
    "id": "32.17",
    "r0": 51,
    "c0": 61,
    "r1": 56,
    "c1": 64
   },
   "geometry": {
    "type": "Polygon",
    "coordinates": [
     [
      [
       61,
       51
      ],
      [
       65,
       51
      ],
      [
       65,
       57
      ],
      [
       61,
       57
      ],
      [
       61,
       51
      ]
     ]
    ]
   }
  },
  {
   "type": "Feature",
   "properties": {
    "id": "32.08",
    "r0": 47,
    "c0": 65,
    "r1": 52,
    "c1": 71
   },
   "geometry": {
    "type": "Polygon",
    "coordinates": [
     [
      [
       65,
       47
      ],
      [
       72,
       47
      ],
      [
       72,
       53
      ],
      [
       65,
       53
      ],
      [
       65,
       47
      ]
     ]
    ]
   }
  },
  {
   "type": "Feature",
   "properties": {
    "id": "32.14",
    "r0": 53,
    "c0": 65,
    "r1": 56,
    "c1": 70
   },
   "geometry": {
    "type": "Polygon",
    "coordinates": [
     [
      [
       65,
       53
      ],
      [
       71,
       53
      ],
      [
       71,
       57
      ],
      [
       65,
       57
      ],
      [
       65,
       53
      ]
     ]
    ]
   }
  },
  {
   "type": "Feature",
   "properties": {
    "id": "32.77",
    "r0": 53,
    "c0": 71,
    "r1": 56,
    "c1": 71
   },
   "geometry": {
    "type": "Polygon",
    "coordinates": [
     [
      [
       71,
       53
      ],
      [
       72,
       53
      ],
      [
       72,
       57
      ],
      [
       71,
       57
      ],
      [
       71,
       53
      ]
     ]
    ]
   }
  },
  {
   "type": "Feature",
   "properties": {
    "id": "91",
    "r0": 19,
    "c0": 72,
    "r1": 56,
    "c1": 91
   },
   "geometry": {
    "type": "Polygon",
    "coordinates": [
     [
      [
       72,
       19
      ],
      [
       92,
       19
      ],
      [
       92,
       57
      ],
      [
       72,
       57
      ],
      [
       72,
       19
      ]
     ]
    ]
   }
  },
  {
   "type": "Feature",
   "properties": {
    "id": "91.22",
    "r0": 19,
    "c0": 72,
    "r1": 23,
    "c1": 73
   },
   "geometry": {
    "type": "Polygon",
    "coordinates": [
     [
      [
       72,
       19
      ],
      [
       74,
       19
      ],
      [
       74,
       24
      ],
      [
       72,
       24
      ],
      [
       72,
       19
      ]
     ]
    ]
   }
  },
  {
   "type": "Feature",
   "properties": {
    "id": "91.05",
    "r0": 19,
    "c0": 74,
    "r1": 23,
    "c1": 77
   },
   "geometry": {
    "type": "Polygon",
    "coordinates": [
     [
      [
       74,
       19
      ],
      [
       78,
       19
      ],
      [
       78,
       24
      ],
      [
       74,
       24
      ],
      [
       74,
       19
      ]
     ]
    ]
   }
  },
  {
   "type": "Feature",
   "properties": {
    "id": "91.15",
    "r0": 19,
    "c0": 78,
    "r1": 23,
    "c1": 81
   },
   "geometry": {
    "type": "Polygon",
    "coordinates": [
     [
      [
       78,
       19
      ],
      [
       82,
       19
      ],
      [
       82,
       24
      ],
      [
       78,
       24
      ],
      [
       78,
       19
      ]
     ]
    ]
   }
  },
  {
   "type": "Feature",
   "properties": {
    "id": "91.16",
    "r0": 24,
    "c0": 72,
    "r1": 29,
    "c1": 76
   },
   "geometry": {
    "type": "Polygon",
    "coordinates": [
     [
      [
       72,
       24
      ],
      [
       77,
       24
      ],
      [
       77,
       30
      ],
      [
       72,
       30
      ],
      [
       72,
       24
      ]
     ]
    ]
   }
  },
  {
   "type": "Feature",
   "properties": {
    "id": "91.25",
    "r0": 24,
    "c0": 77,
    "r1": 29,
    "c1": 81
   },
   "geometry": {
    "type": "Polygon",
    "coordinates": [
     [
      [
       77,
       24
      ],
      [
       82,
       24
      ],
      [
       82,
       30
      ],
      [
       77,
       30
      ],
      [
       77,
       24
      ]
     ]
    ]
   }
  },
  {
   "type": "Feature",
   "properties": {
    "id": "91.10",
    "r0": 30,
    "c0": 72,
    "r1": 37,
    "c1": 73
   },
   "geometry": {
    "type": "Polygon",
    "coordinates": [
     [
      [
       72,
       30
      ],
      [
       74,
       30
      ],
      [
       74,
       38
      ],
      [
       72,
       38
      ],
      [
       72,
       30
      ]
     ]
    ]
   }
  },
  {
   "type": "Feature",
   "properties": {
    "id": "91.23",
    "r0": 30,
    "c0": 74,
    "r1": 37,
    "c1": 79
   },
   "geometry": {
    "type": "Polygon",
    "coordinates": [
     [
      [
       74,
       30
      ],
      [
       80,
       30
      ],
      [
       80,
       38
      ],
      [
       74,
       38
      ],
      [
       74,
       30
      ]
     ]
    ]
   }
  },
  {
   "type": "Feature",
   "properties": {
    "id": "91.26",
    "r0": 30,
    "c0": 80,
    "r1": 37,
    "c1": 81
   },
   "geometry": {
    "type": "Polygon",
    "coordinates": [
     [
      [
       80,
       30
      ],
      [
       82,
       30
      ],
      [
       82,
       38
      ],
      [
       80,
       38
      ],
      [
       80,
       30
      ]
     ]
    ]
   }
  },
  {
   "type": "Feature",
   "properties": {
    "id": "91.20",
    "r0": 19,
    "c0": 82,
    "r1": 19,
    "c1": 89
   },
   "geometry": {
    "type": "Polygon",
    "coordinates": [
     [
      [
       82,
       19
      ],
      [
       90,
       19
      ],
      [
       90,
       20
      ],
      [
       82,
       20
      ],
      [
       82,
       19
      ]
     ]
    ]
   }
  },
  {
   "type": "Feature",
   "properties": {
    "id": "91.13",
    "r0": 20,
    "c0": 82,
    "r1": 28,
    "c1": 89
   },
   "geometry": {
    "type": "Polygon",
    "coordinates": [
     [
      [
       82,
       20
      ],
      [
       90,
       20
      ],
      [
       90,
       29
      ],
      [
       82,
       29
      ],
      [
       82,
       20
      ]
     ]
    ]
   }
  },
  {
   "type": "Feature",
   "properties": {
    "id": "91.03",
    "r0": 19,
    "c0": 90,
    "r1": 28,
    "c1": 91
   },
   "geometry": {
    "type": "Polygon",
    "coordinates": [
     [
      [
       90,
       19
      ],
      [
       92,
       19
      ],
      [
       92,
       29
      ],
      [
       90,
       29
      ],
      [
       90,
       19
      ]
     ]
    ]
   }
  },
  {
   "type": "Feature",
   "properties": {
    "id": "91.09",
    "r0": 29,
    "c0": 82,
    "r1": 35,
    "c1": 84
   },
   "geometry": {
    "type": "Polygon",
    "coordinates": [
     [
      [
       82,
       29
      ],
      [
       85,
       29
      ],
      [
       85,
       36
      ],
      [
       82,
       36
      ],
      [
       82,
       29
      ]
     ]
    ]
   }
  },
  {
   "type": "Feature",
   "properties": {
    "id": "91.21",
    "r0": 36,
    "c0": 82,
    "r1": 37,
    "c1": 84
   },
   "geometry": {
    "type": "Polygon",
    "coordinates": [
     [
      [
       82,
       36
      ],
      [
       85,
       36
      ],
      [
       85,
       38
      ],
      [
       82,
       38
      ],
      [
       82,
       36
      ]
     ]
    ]
   }
  },
  {
   "type": "Feature",
   "properties": {
    "id": "91.24",
    "r0": 29,
    "c0": 85,
    "r1": 35,
    "c1": 91
   },
   "geometry": {
    "type": "Polygon",
    "coordinates": [
     [
      [
       85,
       29
      ],
      [
       92,
       29
      ],
      [
       92,
       36
      ],
      [
       85,
       36
      ],
      [
       85,
       29
      ]
     ]
    ]
   }
  },
  {
   "type": "Feature",
   "properties": {
    "id": "91.11",
    "r0": 36,
    "c0": 85,
    "r1": 37,
    "c1": 91
   },
   "geometry": {
    "type": "Polygon",
    "coordinates": [
     [
      [
       85,
       36
      ],
      [
       92,
       36
      ],
      [
       92,
       38
      ],
      [
       85,
       38
      ],
      [
       85,
       36
      ]
     ]
    ]
   }
  },
  {
   "type": "Feature",
   "properties": {
    "id": "91.04",
    "r0": 38,
    "c0": 72,
    "r1": 39,
    "c1": 79
   },
   "geometry": {
    "type": "Polygon",
    "coordinates": [
     [
      [
       72,
       38
      ],
      [
       80,
       38
      ],
      [
       80,
       40
      ],
      [
       72,
       40
      ],
      [
       72,
       38
      ]
     ]
    ]
   }
  },
  {
   "type": "Feature",
   "properties": {
    "id": "91.14",
    "r0": 40,
    "c0": 72,
    "r1": 47,
    "c1": 79
   },
   "geometry": {
    "type": "Polygon",
    "coordinates": [
     [
      [
       72,
       40
      ],
      [
       80,
       40
      ],
      [
       80,
       48
      ],
      [
       72,
       48
      ],
      [
       72,
       40
      ]
     ]
    ]
   }
  },
  {
   "type": "Feature",
   "properties": {
    "id": "91.19",
    "r0": 38,
    "c0": 80,
    "r1": 39,
    "c1": 82
   },
   "geometry": {
    "type": "Polygon",
    "coordinates": [
     [
      [
       80,
       38
      ],
      [
       83,
       38
      ],
      [
       83,
       40
      ],
      [
       80,
       40
      ],
      [
       80,
       38
      ]
     ]
    ]
   }
  },
  {
   "type": "Feature",
   "properties": {
    "id": "91.01",
    "r0": 40,
    "c0": 80,
    "r1": 47,
    "c1": 82
   },
   "geometry": {
    "type": "Polygon",
    "coordinates": [
     [
      [
       80,
       40
      ],
      [
       83,
       40
      ],
      [
       83,
       48
      ],
      [
       80,
       48
      ],
      [
       80,
       40
      ]
     ]
    ]
   }
  },
  {
   "type": "Feature",
   "properties": {
    "id": "91.07",
    "r0": 48,
    "c0": 72,
    "r1": 55,
    "c1": 76
   },
   "geometry": {
    "type": "Polygon",
    "coordinates": [
     [
      [
       72,
       48
      ],
      [
       77,
       48
      ],
      [
       77,
       56
      ],
      [
       72,
       56
      ],
      [
       72,
       48
      ]
     ]
    ]
   }
  },
  {
   "type": "Feature",
   "properties": {
    "id": "91.71",
    "r0": 56,
    "c0": 72,
    "r1": 56,
    "c1": 76
   },
   "geometry": {
    "type": "Polygon",
    "coordinates": [
     [
      [
       72,
       56
      ],
      [
       77,
       56
      ],
      [
       77,
       57
      ],
      [
       72,
       57
      ],
      [
       72,
       56
      ]
     ]
    ]
   }
  },
  {
   "type": "Feature",
   "properties": {
    "id": "91.02",
    "r0": 48,
    "c0": 77,
    "r1": 56,
    "c1": 82
   },
   "geometry": {
    "type": "Polygon",
    "coordinates": [
     [
      [
       77,
       48
      ],
      [
       83,
       48
      ],
      [
       83,
       57
      ],
      [
       77,
       57
      ],
      [
       77,
       48
      ]
     ]
    ]
   }
  },
  {
   "type": "Feature",
   "properties": {
    "id": "91.12",
    "r0": 38,
    "c0": 83,
    "r1": 42,
    "c1": 91
   },
   "geometry": {
    "type": "Polygon",
    "coordinates": [
     [
      [
       83,
       38
      ],
      [
       92,
       38
      ],
      [
       92,
       43
      ],
      [
       83,
       43
      ],
      [
       83,
       38
      ]
     ]
    ]
   }
  },
  {
   "type": "Feature",
   "properties": {
    "id": "91.17",
    "r0": 43,
    "c0": 83,
    "r1": 48,
    "c1": 86
   },
   "geometry": {
    "type": "Polygon",
    "coordinates": [
     [
      [
       83,
       43
      ],
      [
       87,
       43
      ],
      [
       87,
       49
      ],
      [
       83,
       49
      ],
      [
       83,
       43
      ]
     ]
    ]
   }
  },
  {
   "type": "Feature",
   "properties": {
    "id": "91.08",
    "r0": 43,
    "c0": 87,
    "r1": 48,
    "c1": 91
   },
   "geometry": {
    "type": "Polygon",
    "coordinates": [
     [
      [
       87,
       43
      ],
      [
       92,
       43
      ],
      [
       92,
       49
      ],
      [
       87,
       49
      ],
      [
       87,
       43
      ]
     ]
    ]
   }
  },
  {
   "type": "Feature",
   "properties": {
    "id": "91.18",
    "r0": 49,
    "c0": 83,
    "r1": 54,
    "c1": 87
   },
   "geometry": {
    "type": "Polygon",
    "coordinates": [
     [
      [
       83,
       49
      ],
      [
       88,
       49
      ],
      [
       88,
       55
      ],
      [
       83,
       55
      ],
      [
       83,
       49
      ]
     ]
    ]
   }
  },
  {
   "type": "Feature",
   "properties": {
    "id": "91.27",
    "r0": 55,
    "c0": 83,
    "r1": 56,
    "c1": 87
   },
   "geometry": {
    "type": "Polygon",
    "coordinates": [
     [
      [
       83,
       55
      ],
      [
       88,
       55
      ],
      [
       88,
       57
      ],
      [
       83,
       57
      ],
      [
       83,
       55
      ]
     ]
    ]
   }
  },
  {
   "type": "Feature",
   "properties": {
    "id": "91.06",
    "r0": 49,
    "c0": 88,
    "r1": 54,
    "c1": 91
   },
   "geometry": {
    "type": "Polygon",
    "coordinates": [
     [
      [
       88,
       49
      ],
      [
       92,
       49
      ],
      [
       92,
       55
      ],
      [
       88,
       55
      ],
      [
       88,
       49
      ]
     ]
    ]
   }
  },
  {
   "type": "Feature",
   "properties": {
    "id": "91.28",
    "r0": 55,
    "c0": 88,
    "r1": 56,
    "c1": 91
   },
   "geometry": {
    "type": "Polygon",
    "coordinates": [
     [
      [
       88,
       55
      ],
      [
       92,
       55
      ],
      [
       92,
       57
      ],
      [
       88,
       57
      ],
      [
       88,
       55
      ]
     ]
    ]
   }
  },
  {
   "type": "Feature",
   "properties": {
    "id": "13",
    "r0": 0,
    "c0": 92,
    "r1": 11,
    "c1": 111
   },
   "geometry": {
    "type": "Polygon",
    "coordinates": [
     [
      [
       92,
       0
      ],
      [
       112,
       0
      ],
      [
       112,
       12
      ],
      [
       92,
       12
      ],
      [
       92,
       0
      ]
     ]
    ]
   }
  },
  {
   "type": "Feature",
   "properties": {
    "id": "13.06",
    "r0": 0,
    "c0": 92,
    "r1": 4,
    "c1": 95
   },
   "geometry": {
    "type": "Polygon",
    "coordinates": [
     [
      [
       92,
       0
      ],
      [
       96,
       0
      ],
      [
       96,
       5
      ],
      [
       92,
       5
      ],
      [
       92,
       0
      ]
     ]
    ]
   }
  },
  {
   "type": "Feature",
   "properties": {
    "id": "13.12",
    "r0": 0,
    "c0": 96,
    "r1": 4,
    "c1": 98
   },
   "geometry": {
    "type": "Polygon",
    "coordinates": [
     [
      [
       96,
       0
      ],
      [
       99,
       0
      ],
      [
       99,
       5
      ],
      [
       96,
       5
      ],
      [
       96,
       0
      ]
     ]
    ]
   }
  },
  {
   "type": "Feature",
   "properties": {
    "id": "13.74",
    "r0": 0,
    "c0": 99,
    "r1": 0,
    "c1": 101
   },
   "geometry": {
    "type": "Polygon",
    "coordinates": [
     [
      [
       99,
       0
      ],
      [
       102,
       0
      ],
      [
       102,
       1
      ],
      [
       99,
       1
      ],
      [
       99,
       0
      ]
     ]
    ]
   }
  },
  {
   "type": "Feature",
   "properties": {
    "id": "13.03",
    "r0": 1,
    "c0": 99,
    "r1": 3,
    "c1": 101
   },
   "geometry": {
    "type": "Polygon",
    "coordinates": [
     [
      [
       99,
       1
      ],
      [
       102,
       1
      ],
      [
       102,
       4
      ],
      [
       99,
       4
      ],
      [
       99,
       1
      ]
     ]
    ]
   }
  },
  {
   "type": "Feature",
   "properties": {
    "id": "13.75",
    "r0": 4,
    "c0": 99,
    "r1": 4,
    "c1": 101
   },
   "geometry": {
    "type": "Polygon",
    "coordinates": [
     [
      [
       99,
       4
      ],
      [
       102,
       4
      ],
      [
       102,
       5
      ],
      [
       99,
       5
      ],
      [
       99,
       4
      ]
     ]
    ]
   }
  },
  {
   "type": "Feature",
   "properties": {
    "id": "13.01",
    "r0": 5,
    "c0": 92,
    "r1": 8,
    "c1": 96
   },
   "geometry": {
    "type": "Polygon",
    "coordinates": [
     [
      [
       92,
       5
      ],
      [
       97,
       5
      ],
      [
       97,
       9
      ],
      [
       92,
       9
      ],
      [
       92,
       5
      ]
     ]
    ]
   }
  },
  {
   "type": "Feature",
   "properties": {
    "id": "13.10",
    "r0": 9,
    "c0": 92,
    "r1": 11,
    "c1": 96
   },
   "geometry": {
    "type": "Polygon",
    "coordinates": [
     [
      [
       92,
       9
      ],
      [
       97,
       9
      ],
      [
       97,
       12
      ],
      [
       92,
       12
      ],
      [
       92,
       9
      ]
     ]
    ]
   }
  },
  {
   "type": "Feature",
   "properties": {
    "id": "13.04",
    "r0": 5,
    "c0": 97,
    "r1": 8,
    "c1": 101
   },
   "geometry": {
    "type": "Polygon",
    "coordinates": [
     [
      [
       97,
       5
      ],
      [
       102,
       5
      ],
      [
       102,
       9
      ],
      [
       97,
       9
      ],
      [
       97,
       5
      ]
     ]
    ]
   }
  },
  {
   "type": "Feature",
   "properties": {
    "id": "13.72",
    "r0": 9,
    "c0": 97,
    "r1": 11,
    "c1": 97
   },
   "geometry": {
    "type": "Polygon",
    "coordinates": [
     [
      [
       97,
       9
      ],
      [
       98,
       9
      ],
      [
       98,
       12
      ],
      [
       97,
       12
      ],
      [
       97,
       9
      ]
     ]
    ]
   }
  },
  {
   "type": "Feature",
   "properties": {
    "id": "13.11",
    "r0": 9,
    "c0": 98,
    "r1": 11,
    "c1": 101
   },
   "geometry": {
    "type": "Polygon",
    "coordinates": [
     [
      [
       98,
       9
      ],
      [
       102,
       9
      ],
      [
       102,
       12
      ],
      [
       98,
       12
      ],
      [
       98,
       9
      ]
     ]
    ]
   }
  },
  {
   "type": "Feature",
   "properties": {
    "id": "13.09",
    "r0": 0,
    "c0": 102,
    "r1": 4,
    "c1": 103
   },
   "geometry": {
    "type": "Polygon",
    "coordinates": [
     [
      [
       102,
       0
      ],
      [
       104,
       0
      ],
      [
       104,
       5
      ],
      [
       102,
       5
      ],
      [
       102,
       0
      ]
     ]
    ]
   }
  },
  {
   "type": "Feature",
   "properties": {
    "id": "13.73",
    "r0": 0,
    "c0": 104,
    "r1": 4,
    "c1": 104
   },
   "geometry": {
    "type": "Polygon",
    "coordinates": [
     [
      [
       104,
       0
      ],
      [
       105,
       0
      ],
      [
       105,
       5
      ],
      [
       104,
       5
      ],
      [
       104,
       0
      ]
     ]
    ]
   }
  },
  {
   "type": "Feature",
   "properties": {
    "id": "13.02",
    "r0": 0,
    "c0": 105,
    "r1": 4,
    "c1": 108
   },
   "geometry": {
    "type": "Polygon",
    "coordinates": [
     [
      [
       105,
       0
      ],
      [
       109,
       0
      ],
      [
       109,
       5
      ],
      [
       105,
       5
      ],
      [
       105,
       0
      ]
     ]
    ]
   }
  },
  {
   "type": "Feature",
   "properties": {
    "id": "13.07",
    "r0": 0,
    "c0": 109,
    "r1": 4,
    "c1": 111
   },
   "geometry": {
    "type": "Polygon",
    "coordinates": [
     [
      [
       109,
       0
      ],
      [
       112,
       0
      ],
      [
       112,
       5
      ],
      [
       109,
       5
      ],
      [
       109,
       0
      ]
     ]
    ]
   }
  },
  {
   "type": "Feature",
   "properties": {
    "id": "13.71",
    "r0": 5,
    "c0": 102,
    "r1": 8,
    "c1": 105
   },
   "geometry": {
    "type": "Polygon",
    "coordinates": [
     [
      [
       102,
       5
      ],
      [
       106,
       5
      ],
      [
       106,
       9
      ],
      [
       102,
       9
      ],
      [
       102,
       5
      ]
     ]
    ]
   }
  },
  {
   "type": "Feature",
   "properties": {
    "id": "13.76",
    "r0": 5,
    "c0": 106,
    "r1": 8,
    "c1": 107
   },
   "geometry": {
    "type": "Polygon",
    "coordinates": [
     [
      [
       106,
       5
      ],
      [
       108,
       5
      ],
      [
       108,
       9
      ],
      [
       106,
       9
      ],
      [
       106,
       5
      ]
     ]
    ]
   }
  },
  {
   "type": "Feature",
   "properties": {
    "id": "13.--",
    "r0": 9,
    "c0": 102,
    "r1": 11,
    "c1": 102
   },
   "geometry": {
    "type": "Polygon",
    "coordinates": [
     [
      [
       102,
       9
      ],
      [
       103,
       9
      ],
      [
       103,
       12
      ],
      [
       102,
       12
      ],
      [
       102,
       9
      ]
     ]
    ]
   }
  },
  {
   "type": "Feature",
   "properties": {
    "id": "13.08",
    "r0": 9,
    "c0": 103,
    "r1": 11,
    "c1": 107
   },
   "geometry": {
    "type": "Polygon",
    "coordinates": [
     [
      [
       103,
       9
      ],
      [
       108,
       9
      ],
      [
       108,
       12
      ],
      [
       103,
       12
      ],
      [
       103,
       9
      ]
     ]
    ]
   }
  },
  {
   "type": "Feature",
   "properties": {
    "id": "13.77",
    "r0": 5,
    "c0": 108,
    "r1": 5,
    "c1": 111
   },
   "geometry": {
    "type": "Polygon",
    "coordinates": [
     [
      [
       108,
       5
      ],
      [
       112,
       5
      ],
      [
       112,
       6
      ],
      [
       108,
       6
      ],
      [
       108,
       5
      ]
     ]
    ]
   }
  },
  {
   "type": "Feature",
   "properties": {
    "id": "13.05",
    "r0": 6,
    "c0": 108,
    "r1": 11,
    "c1": 111
   },
   "geometry": {
    "type": "Polygon",
    "coordinates": [
     [
      [
       108,
       6
      ],
      [
       112,
       6
      ],
      [
       112,
       12
      ],
      [
       108,
       12
      ],
      [
       108,
       6
      ]
     ]
    ]
   }
  },
  {
   "type": "Feature",
   "properties": {
    "id": "18",
    "r0": 12,
    "c0": 92,
    "r1": 27,
    "c1": 111
   },
   "geometry": {
    "type": "Polygon",
    "coordinates": [
     [
      [
       92,
       12
      ],
      [
       112,
       12
      ],
      [
       112,
       28
      ],
      [
       92,
       28
      ],
      [
       92,
       12
      ]
     ]
    ]
   }
  },
  {
   "type": "Feature",
   "properties": {
    "id": "18.02",
    "r0": 12,
    "c0": 92,
    "r1": 18,
    "c1": 97
   },
   "geometry": {
    "type": "Polygon",
    "coordinates": [
     [
      [
       92,
       12
      ],
      [
       98,
       12
      ],
      [
       98,
       19
      ],
      [
       92,
       19
      ],
      [
       92,
       12
      ]
     ]
    ]
   }
  },
  {
   "type": "Feature",
   "properties": {
    "id": "18.71",
    "r0": 12,
    "c0": 98,
    "r1": 18,
    "c1": 101
   },
   "geometry": {
    "type": "Polygon",
    "coordinates": [
     [
      [
       98,
       12
      ],
      [
       102,
       12
      ],
      [
       102,
       19
      ],
      [
       98,
       19
      ],
      [
       98,
       12
      ]
     ]
    ]
   }
  },
  {
   "type": "Feature",
   "properties": {
    "id": "18.07",
    "r0": 19,
    "c0": 92,
    "r1": 24,
    "c1": 96
   },
   "geometry": {
    "type": "Polygon",
    "coordinates": [
     [
      [
       92,
       19
      ],
      [
       97,
       19
      ],
      [
       97,
       25
      ],
      [
       92,
       25
      ],
      [
       92,
       19
      ]
     ]
    ]
   }
  },
  {
   "type": "Feature",
   "properties": {
    "id": "18.12",
    "r0": 25,
    "c0": 92,
    "r1": 27,
    "c1": 96
   },
   "geometry": {
    "type": "Polygon",
    "coordinates": [
     [
      [
       92,
       25
      ],
      [
       97,
       25
      ],
      [
       97,
       28
      ],
      [
       92,
       28
      ],
      [
       92,
       25
      ]
     ]
    ]
   }
  },
  {
   "type": "Feature",
   "properties": {
    "id": "18.08",
    "r0": 19,
    "c0": 97,
    "r1": 23,
    "c1": 101
   },
   "geometry": {
    "type": "Polygon",
    "coordinates": [
     [
      [
       97,
       19
      ],
      [
       102,
       19
      ],
      [
       102,
       24
      ],
      [
       97,
       24
      ],
      [
       97,
       19
      ]
     ]
    ]
   }
  },
  {
   "type": "Feature",
   "properties": {
    "id": "18.05",
    "r0": 24,
    "c0": 97,
    "r1": 27,
    "c1": 101
   },
   "geometry": {
    "type": "Polygon",
    "coordinates": [
     [
      [
       97,
       24
      ],
      [
       102,
       24
      ],
      [
       102,
       28
      ],
      [
       97,
       28
      ],
      [
       97,
       24
      ]
     ]
    ]
   }
  },
  {
   "type": "Feature",
   "properties": {
    "id": "18.06",
    "r0": 12,
    "c0": 102,
    "r1": 19,
    "c1": 104
   },
   "geometry": {
    "type": "Polygon",
    "coordinates": [
     [
      [
       102,
       12
      ],
      [
       105,
       12
      ],
      [
       105,
       20
      ],
      [
       102,
       20
      ],
      [
       102,
       12
      ]
     ]
    ]
   }
  },
  {
   "type": "Feature",
   "properties": {
    "id": "18.03",
    "r0": 12,
    "c0": 105,
    "r1": 16,
    "c1": 111
   },
   "geometry": {
    "type": "Polygon",
    "coordinates": [
     [
      [
       105,
       12
      ],
      [
       112,
       12
      ],
      [
       112,
       17
      ],
      [
       105,
       17
      ],
      [
       105,
       12
      ]
     ]
    ]
   }
  },
  {
   "type": "Feature",
   "properties": {
    "id": "18.72",
    "r0": 17,
    "c0": 105,
    "r1": 19,
    "c1": 106
   },
   "geometry": {
    "type": "Polygon",
    "coordinates": [
     [
      [
       105,
       17
      ],
      [
       107,
       17
      ],
      [
       107,
       20
      ],
      [
       105,
       20
      ],
      [
       105,
       17
      ]
     ]
    ]
   }
  },
  {
   "type": "Feature",
   "properties": {
    "id": "18.13",
    "r0": 17,
    "c0": 107,
    "r1": 19,
    "c1": 111
   },
   "geometry": {
    "type": "Polygon",
    "coordinates": [
     [
      [
       107,
       17
      ],
      [
       112,
       17
      ],
      [
       112,
       20
      ],
      [
       107,
       20
      ],
      [
       107,
       17
      ]
     ]
    ]
   }
  },
  {
   "type": "Feature",
   "properties": {
    "id": "18.04",
    "r0": 20,
    "c0": 102,
    "r1": 24,
    "c1": 105
   },
   "geometry": {
    "type": "Polygon",
    "coordinates": [
     [
      [
       102,
       20
      ],
      [
       106,
       20
      ],
      [
       106,
       25
      ],
      [
       102,
       25
      ],
      [
       102,
       20
      ]
     ]
    ]
   }
  },
  {
   "type": "Feature",
   "properties": {
    "id": "18.10",
    "r0": 25,
    "c0": 102,
    "r1": 27,
    "c1": 105
   },
   "geometry": {
    "type": "Polygon",
    "coordinates": [
     [
      [
       102,
       25
      ],
      [
       106,
       25
      ],
      [
       106,
       28
      ],
      [
       102,
       28
      ],
      [
       102,
       25
      ]
     ]
    ]
   }
  },
  {
   "type": "Feature",
   "properties": {
    "id": "18.09",
    "r0": 20,
    "c0": 106,
    "r1": 21,
    "c1": 111
   },
   "geometry": {
    "type": "Polygon",
    "coordinates": [
     [
      [
       106,
       20
      ],
      [
       112,
       20
      ],
      [
       112,
       22
      ],
      [
       106,
       22
      ],
      [
       106,
       20
      ]
     ]
    ]
   }
  },
  {
   "type": "Feature",
   "properties": {
    "id": "18.01",
    "r0": 22,
    "c0": 106,
    "r1": 27,
    "c1": 109
   },
   "geometry": {
    "type": "Polygon",
    "coordinates": [
     [
      [
       106,
       22
      ],
      [
       110,
       22
      ],
      [
       110,
       28
      ],
      [
       106,
       28
      ],
      [
       106,
       22
      ]
     ]
    ]
   }
  },
  {
   "type": "Feature",
   "properties": {
    "id": "18.11",
    "r0": 22,
    "c0": 110,
    "r1": 27,
    "c1": 111
   },
   "geometry": {
    "type": "Polygon",
    "coordinates": [
     [
      [
       110,
       22
      ],
      [
       112,
       22
      ],
      [
       112,
       28
      ],
      [
       110,
       28
      ],
      [
       110,
       22
      ]
     ]
    ]
   }
  },
  {
   "type": "Feature",
   "properties": {
    "id": "53",
    "r0": 0,
    "c0": 112,
    "r1": 17,
    "c1": 135
   },
   "geometry": {
    "type": "Polygon",
    "coordinates": [
     [
      [
       112,
       0
      ],
      [
       136,
       0
      ],
      [
       136,
       18
      ],
      [
       112,
       18
      ],
      [
       112,
       0
      ]
     ]
    ]
   }
  },
  {
   "type": "Feature",
   "properties": {
    "id": "53.03",
    "r0": 0,
    "c0": 112,
    "r1": 5,
    "c1": 117
   },
   "geometry": {
    "type": "Polygon",
    "coordinates": [
     [
      [
       112,
       0
      ],
      [
       118,
       0
      ],
      [
       118,
       6
      ],
      [
       112,
       6
      ],
      [
       112,
       0
      ]
     ]
    ]
   }
  },
  {
   "type": "Feature",
   "properties": {
    "id": "53.09",
    "r0": 6,
    "c0": 112,
    "r1": 8,
    "c1": 117
   },
   "geometry": {
    "type": "Polygon",
    "coordinates": [
     [
      [
       112,
       6
      ],
      [
       118,
       6
      ],
      [
       118,
       9
      ],
      [
       112,
       9
      ],
      [
       112,
       6
      ]
     ]
    ]
   }
  },
  {
   "type": "Feature",
   "properties": {
    "id": "53.18",
    "r0": 0,
    "c0": 118,
    "r1": 4,
    "c1": 120
   },
   "geometry": {
    "type": "Polygon",
    "coordinates": [
     [
      [
       118,
       0
      ],
      [
       121,
       0
      ],
      [
       121,
       5
      ],
      [
       118,
       5
      ],
      [
       118,
       0
      ]
     ]
    ]
   }
  },
  {
   "type": "Feature",
   "properties": {
    "id": "53.19",
    "r0": 0,
    "c0": 121,
    "r1": 4,
    "c1": 123
   },
   "geometry": {
    "type": "Polygon",
    "coordinates": [
     [
      [
       121,
       0
      ],
      [
       124,
       0
      ],
      [
       124,
       5
      ],
      [
       121,
       5
      ],
      [
       121,
       0
      ]
     ]
    ]
   }
  },
  {
   "type": "Feature",
   "properties": {
    "id": "53.06",
    "r0": 5,
    "c0": 118,
    "r1": 8,
    "c1": 123
   },
   "geometry": {
    "type": "Polygon",
    "coordinates": [
     [
      [
       118,
       5
      ],
      [
       124,
       5
      ],
      [
       124,
       9
      ],
      [
       118,
       9
      ],
      [
       118,
       5
      ]
     ]
    ]
   }
  },
  {
   "type": "Feature",
   "properties": {
    "id": "53.13",
    "r0": 9,
    "c0": 112,
    "r1": 12,
    "c1": 114
   },
   "geometry": {
    "type": "Polygon",
    "coordinates": [
     [
      [
       112,
       9
      ],
      [
       115,
       9
      ],
      [
       115,
       13
      ],
      [
       112,
       13
      ],
      [
       112,
       9
      ]
     ]
    ]
   }
  },
  {
   "type": "Feature",
   "properties": {
    "id": "53.16",
    "r0": 9,
    "c0": 115,
    "r1": 12,
    "c1": 117
   },
   "geometry": {
    "type": "Polygon",
    "coordinates": [
     [
      [
       115,
       9
      ],
      [
       118,
       9
      ],
      [
       118,
       13
      ],
      [
       115,
       13
      ],
      [
       115,
       9
      ]
     ]
    ]
   }
  },
  {
   "type": "Feature",
   "properties": {
    "id": "53.07",
    "r0": 13,
    "c0": 112,
    "r1": 17,
    "c1": 117
   },
   "geometry": {
    "type": "Polygon",
    "coordinates": [
     [
      [
       112,
       13
      ],
      [
       118,
       13
      ],
      [
       118,
       18
      ],
      [
       112,
       18
      ],
      [
       112,
       13
      ]
     ]
    ]
   }
  },
  {
   "type": "Feature",
   "properties": {
    "id": "53.11",
    "r0": 9,
    "c0": 118,
    "r1": 13,
    "c1": 123
   },
   "geometry": {
    "type": "Polygon",
    "coordinates": [
     [
      [
       118,
       9
      ],
      [
       124,
       9
      ],
      [
       124,
       14
      ],
      [
       118,
       14
      ],
      [
       118,
       9
      ]
     ]
    ]
   }
  },
  {
   "type": "Feature",
   "properties": {
    "id": "53.21",
    "r0": 14,
    "c0": 118,
    "r1": 17,
    "c1": 121
   },
   "geometry": {
    "type": "Polygon",
    "coordinates": [
     [
      [
       118,
       14
      ],
      [
       122,
       14
      ],
      [
       122,
       18
      ],
      [
       118,
       18
      ],
      [
       118,
       14
      ]
     ]
    ]
   }
  },
  {
   "type": "Feature",
   "properties": {
    "id": "53.17",
    "r0": 14,
    "c0": 122,
    "r1": 17,
    "c1": 123
   },
   "geometry": {
    "type": "Polygon",
    "coordinates": [
     [
      [
       122,
       14
      ],
      [
       124,
       14
      ],
      [
       124,
       18
      ],
      [
       122,
       18
      ],
      [
       122,
       14
      ]
     ]
    ]
   }
  },
  {
   "type": "Feature",
   "properties": {
    "id": "53.04",
    "r0": 0,
    "c0": 124,
    "r1": 2,
    "c1": 129
   },
   "geometry": {
    "type": "Polygon",
    "coordinates": [
     [
      [
       124,
       0
      ],
      [
       130,
       0
      ],
      [
       130,
       3
      ],
      [
       124,
       3
      ],
      [
       124,
       0
      ]
     ]
    ]
   }
  },
  {
   "type": "Feature",
   "properties": {
    "id": "53.01",
    "r0": 3,
    "c0": 124,
    "r1": 8,
    "c1": 129
   },
   "geometry": {
    "type": "Polygon",
    "coordinates": [
     [
      [
       124,
       3
      ],
      [
       130,
       3
      ],
      [
       130,
       9
      ],
      [
       124,
       9
      ],
      [
       124,
       3
      ]
     ]
    ]
   }
  },
  {
   "type": "Feature",
   "properties": {
    "id": "53.71",
    "r0": 9,
    "c0": 124,
    "r1": 9,
    "c1": 129
   },
   "geometry": {
    "type": "Polygon",
    "coordinates": [
     [
      [
       124,
       9
      ],
      [
       130,
       9
      ],
      [
       130,
       10
      ],
      [
       124,
       10
      ],
      [
       124,
       9
      ]
     ]
    ]
   }
  },
  {
   "type": "Feature",
   "properties": {
    "id": "53.14",
    "r0": 0,
    "c0": 130,
    "r1": 2,
    "c1": 135
   },
   "geometry": {
    "type": "Polygon",
    "coordinates": [
     [
      [
       130,
       0
      ],
      [
       136,
       0
      ],
      [
       136,
       3
      ],
      [
       130,
       3
      ],
      [
       130,
       0
      ]
     ]
    ]
   }
  },
  {
   "type": "Feature",
   "properties": {
    "id": "53.02",
    "r0": 3,
    "c0": 130,
    "r1": 9,
    "c1": 135
   },
   "geometry": {
    "type": "Polygon",
    "coordinates": [
     [
      [
       130,
       3
      ],
      [
       136,
       3
      ],
      [
       136,
       10
      ],
      [
       130,
       10
      ],
      [
       130,
       3
      ]
     ]
    ]
   }
  },
  {
   "type": "Feature",
   "properties": {
    "id": "53.12",
    "r0": 10,
    "c0": 124,
    "r1": 14,
    "c1": 125
   },
   "geometry": {
    "type": "Polygon",
    "coordinates": [
     [
      [
       124,
       10
      ],
      [
       126,
       10
      ],
      [
       126,
       15
      ],
      [
       124,
       15
      ],
      [
       124,
       10
      ]
     ]
    ]
   }
  },
  {
   "type": "Feature",
   "properties": {
    "id": "53.05",
    "r0": 10,
    "c0": 126,
    "r1": 14,
    "c1": 129
   },
   "geometry": {
    "type": "Polygon",
    "coordinates": [
     [
      [
       126,
       10
      ],
      [
       130,
       10
      ],
      [
       130,
       15
      ],
      [
       126,
       15
      ],
      [
       126,
       10
      ]
     ]
    ]
   }
  },
  {
   "type": "Feature",
   "properties": {
    "id": "53.15",
    "r0": 15,
    "c0": 124,
    "r1": 17,
    "c1": 129
   },
   "geometry": {
    "type": "Polygon",
    "coordinates": [
     [
      [
       124,
       15
      ],
      [
       130,
       15
      ],
      [
       130,
       18
      ],
      [
       124,
       18
      ],
      [
       124,
       15
      ]
     ]
    ]
   }
  },
  {
   "type": "Feature",
   "properties": {
    "id": "53.10",
    "r0": 10,
    "c0": 130,
    "r1": 11,
    "c1": 135
   },
   "geometry": {
    "type": "Polygon",
    "coordinates": [
     [
      [
       130,
       10
      ],
      [
       136,
       10
      ],
      [
       136,
       12
      ],
      [
       130,
       12
      ],
      [
       130,
       10
      ]
     ]
    ]
   }
  },
  {
   "type": "Feature",
   "properties": {
    "id": "53.08",
    "r0": 12,
    "c0": 130,
    "r1": 17,
    "c1": 134
   },
   "geometry": {
    "type": "Polygon",
    "coordinates": [
     [
      [
       130,
       12
      ],
      [
       135,
       12
      ],
      [
       135,
       18
      ],
      [
       130,
       18
      ],
      [
       130,
       12
      ]
     ]
    ]
   }
  },
  {
   "type": "Feature",
   "properties": {
    "id": "53.20",
    "r0": 12,
    "c0": 135,
    "r1": 17,
    "c1": 135
   },
   "geometry": {
    "type": "Polygon",
    "coordinates": [
     [
      [
       135,
       12
      ],
      [
       136,
       12
      ],
      [
       136,
       18
      ],
      [
       135,
       18
      ],
      [
       135,
       12
      ]
     ]
    ]
   }
  },
  {
   "type": "Feature",
   "properties": {
    "id": "82",
    "r0": 18,
    "c0": 112,
    "r1": 27,
    "c1": 126
   },
   "geometry": {
    "type": "Polygon",
    "coordinates": [
     [
      [
       112,
       18
      ],
      [
       127,
       18
      ],
      [
       127,
       28
      ],
      [
       112,
       28
      ],
      [
       112,
       18
      ]
     ]
    ]
   }
  },
  {
   "type": "Feature",
   "properties": {
    "id": "82.04",
    "r0": 18,
    "c0": 112,
    "r1": 22,
    "c1": 118
   },
   "geometry": {
    "type": "Polygon",
    "coordinates": [
     [
      [
       112,
       18
      ],
      [
       119,
       18
      ],
      [
       119,
       23
      ],
      [
       112,
       23
      ],
      [
       112,
       18
      ]
     ]
    ]
   }
  },
  {
   "type": "Feature",
   "properties": {
    "id": "82.--",
    "r0": 23,
    "c0": 112,
    "r1": 24,
    "c1": 112
   },
   "geometry": {
    "type": "Polygon",
    "coordinates": [
     [
      [
       112,
       23
      ],
      [
       113,
       23
      ],
      [
       113,
       25
      ],
      [
       112,
       25
      ],
      [
       112,
       23
      ]
     ]
    ]
   }
  },
  {
   "type": "Feature",
   "properties": {
    "id": "82.07",
    "r0": 23,
    "c0": 113,
    "r1": 24,
    "c1": 115
   },
   "geometry": {
    "type": "Polygon",
    "coordinates": [
     [
      [
       113,
       23
      ],
      [
       116,
       23
      ],
      [
       116,
       25
      ],
      [
       113,
       25
      ],
      [
       113,
       23
      ]
     ]
    ]
   }
  },
  {
   "type": "Feature",
   "properties": {
    "id": "82.08",
    "r0": 25,
    "c0": 112,
    "r1": 27,
    "c1": 115
   },
   "geometry": {
    "type": "Polygon",
    "coordinates": [
     [
      [
       112,
       25
      ],
      [
       116,
       25
      ],
      [
       116,
       28
      ],
      [
       112,
       28
      ],
      [
       112,
       25
      ]
     ]
    ]
   }
  },
  {
   "type": "Feature",
   "properties": {
    "id": "82.02",
    "r0": 23,
    "c0": 116,
    "r1": 27,
    "c1": 118
   },
   "geometry": {
    "type": "Polygon",
    "coordinates": [
     [
      [
       116,
       23
      ],
      [
       119,
       23
      ],
      [
       119,
       28
      ],
      [
       116,
       28
      ],
      [
       116,
       23
      ]
     ]
    ]
   }
  },
  {
   "type": "Feature",
   "properties": {
    "id": "82.05",
    "r0": 18,
    "c0": 119,
    "r1": 22,
    "c1": 121
   },
   "geometry": {
    "type": "Polygon",
    "coordinates": [
     [
      [
       119,
       18
      ],
      [
       122,
       18
      ],
      [
       122,
       23
      ],
      [
       119,
       23
      ],
      [
       119,
       18
      ]
     ]
    ]
   }
  },
  {
   "type": "Feature",
   "properties": {
    "id": "82.03",
    "r0": 18,
    "c0": 122,
    "r1": 22,
    "c1": 126
   },
   "geometry": {
    "type": "Polygon",
    "coordinates": [
     [
      [
       122,
       18
      ],
      [
       127,
       18
      ],
      [
       127,
       23
      ],
      [
       122,
       23
      ],
      [
       122,
       18
      ]
     ]
    ]
   }
  },
  {
   "type": "Feature",
   "properties": {
    "id": "82.71",
    "r0": 23,
    "c0": 119,
    "r1": 24,
    "c1": 122
   },
   "geometry": {
    "type": "Polygon",
    "coordinates": [
     [
      [
       119,
       23
      ],
      [
       123,
       23
      ],
      [
       123,
       25
      ],
      [
       119,
       25
      ],
      [
       119,
       23
      ]
     ]
    ]
   }
  },
  {
   "type": "Feature",
   "properties": {
    "id": "82.06",
    "r0": 25,
    "c0": 119,
    "r1": 27,
    "c1": 122
   },
   "geometry": {
    "type": "Polygon",
    "coordinates": [
     [
      [
       119,
       25
      ],
      [
       123,
       25
      ],
      [
       123,
       28
      ],
      [
       119,
       28
      ],
      [
       119,
       25
      ]
     ]
    ]
   }
  },
  {
   "type": "Feature",
   "properties": {
    "id": "82.72",
    "r0": 23,
    "c0": 123,
    "r1": 24,
    "c1": 126
   },
   "geometry": {
    "type": "Polygon",
    "coordinates": [
     [
      [
       123,
       23
      ],
      [
       127,
       23
      ],
      [
       127,
       25
      ],
      [
       123,
       25
      ],
      [
       123,
       23
      ]
     ]
    ]
   }
  },
  {
   "type": "Feature",
   "properties": {
    "id": "82.01",
    "r0": 25,
    "c0": 123,
    "r1": 27,
    "c1": 126
   },
   "geometry": {
    "type": "Polygon",
    "coordinates": [
     [
      [
       123,
       25
      ],
      [
       127,
       25
      ],
      [
       127,
       28
      ],
      [
       123,
       28
      ],
      [
       123,
       25
      ]
     ]
    ]
   }
  },
  {
   "type": "Feature",
   "properties": {
    "id": "76",
    "r0": 18,
    "c0": 127,
    "r1": 27,
    "c1": 135
   },
   "geometry": {
    "type": "Polygon",
    "coordinates": [
     [
      [
       127,
       18
      ],
      [
       136,
       18
      ],
      [
       136,
       28
      ],
      [
       127,
       28
      ],
      [
       127,
       18
      ]
     ]
    ]
   }
  },
  {
   "type": "Feature",
   "properties": {
    "id": "76.02",
    "r0": 18,
    "c0": 127,
    "r1": 22,
    "c1": 129
   },
   "geometry": {
    "type": "Polygon",
    "coordinates": [
     [
      [
       127,
       18
      ],
      [
       130,
       18
      ],
      [
       130,
       23
      ],
      [
       127,
       23
      ],
      [
       127,
       18
      ]
     ]
    ]
   }
  },
  {
   "type": "Feature",
   "properties": {
    "id": "76.03",
    "r0": 18,
    "c0": 130,
    "r1": 22,
    "c1": 133
   },
   "geometry": {
    "type": "Polygon",
    "coordinates": [
     [
      [
       130,
       18
      ],
      [
       134,
       18
      ],
      [
       134,
       23
      ],
      [
       130,
       23
      ],
      [
       130,
       18
      ]
     ]
    ]
   }
  },
  {
   "type": "Feature",
   "properties": {
    "id": "76.05",
    "r0": 18,
    "c0": 134,
    "r1": 22,
    "c1": 135
   },
   "geometry": {
    "type": "Polygon",
    "coordinates": [
     [
      [
       134,
       18
      ],
      [
       136,
       18
      ],
      [
       136,
       23
      ],
      [
       134,
       23
      ],
      [
       134,
       18
      ]
     ]
    ]
   }
  },
  {
   "type": "Feature",
   "properties": {
    "id": "76.06",
    "r0": 23,
    "c0": 127,
    "r1": 27,
    "c1": 128
   },
   "geometry": {
    "type": "Polygon",
    "coordinates": [
     [
      [
       127,
       23
      ],
      [
       129,
       23
      ],
      [
       129,
       28
      ],
      [
       127,
       28
      ],
      [
       127,
       23
      ]
     ]
    ]
   }
  },
  {
   "type": "Feature",
   "properties": {
    "id": "76.01",
    "r0": 23,
    "c0": 129,
    "r1": 27,
    "c1": 131
   },
   "geometry": {
    "type": "Polygon",
    "coordinates": [
     [
      [
       129,
       23
      ],
      [
       132,
       23
      ],
      [
       132,
       28
      ],
      [
       129,
       28
      ],
      [
       129,
       23
      ]
     ]
    ]
   }
  },
  {
   "type": "Feature",
   "properties": {
    "id": "76.04",
    "r0": 23,
    "c0": 132,
    "r1": 27,
    "c1": 135
   },
   "geometry": {
    "type": "Polygon",
    "coordinates": [
     [
      [
       132,
       23
      ],
      [
       136,
       23
      ],
      [
       136,
       28
      ],
      [
       132,
       28
      ],
      [
       132,
       23
      ]
     ]
    ]
   }
  },
  {
   "type": "Feature",
   "properties": {
    "id": "17",
    "r0": 28,
    "c0": 92,
    "r1": 41,
    "c1": 104
   },
   "geometry": {
    "type": "Polygon",
    "coordinates": [
     [
      [
       92,
       28
      ],
      [
       105,
       28
      ],
      [
       105,
       42
      ],
      [
       92,
       42
      ],
      [
       92,
       28
      ]
     ]
    ]
   }
  },
  {
   "type": "Feature",
   "properties": {
    "id": "17.03",
    "r0": 28,
    "c0": 92,
    "r1": 33,
    "c1": 95
   },
   "geometry": {
    "type": "Polygon",
    "coordinates": [
     [
      [
       92,
       28
      ],
      [
       96,
       28
      ],
      [
       96,
       34
      ],
      [
       92,
       34
      ],
      [
       92,
       28
      ]
     ]
    ]
   }
  },
  {
   "type": "Feature",
   "properties": {
    "id": "17.71",
    "r0": 28,
    "c0": 96,
    "r1": 33,
    "c1": 97
   },
   "geometry": {
    "type": "Polygon",
    "coordinates": [
     [
      [
       96,
       28
      ],
      [
       98,
       28
      ],
      [
       98,
       34
      ],
      [
       96,
       34
      ],
      [
       96,
       28
      ]
     ]
    ]
   }
  },
  {
   "type": "Feature",
   "properties": {
    "id": "17.08",
    "r0": 28,
    "c0": 98,
    "r1": 29,
    "c1": 102
   },
   "geometry": {
    "type": "Polygon",
    "coordinates": [
     [
      [
       98,
       28
      ],
      [
       103,
       28
      ],
      [
       103,
       30
      ],
      [
       98,
       30
      ],
      [
       98,
       28
      ]
     ]
    ]
   }
  },
  {
   "type": "Feature",
   "properties": {
    "id": "17.01",
    "r0": 30,
    "c0": 98,
    "r1": 33,
    "c1": 102
   },
   "geometry": {
    "type": "Polygon",
    "coordinates": [
     [
      [
       98,
       30
      ],
      [
       103,
       30
      ],
      [
       103,
       34
      ],
      [
       98,
       34
      ],
      [
       98,
       30
      ]
     ]
    ]
   }
  },
  {
   "type": "Feature",
   "properties": {
    "id": "17.09",
    "r0": 28,
    "c0": 103,
    "r1": 33,
    "c1": 104
   },
   "geometry": {
    "type": "Polygon",
    "coordinates": [
     [
      [
       103,
       28
      ],
      [
       105,
       28
      ],
      [
       105,
       34
      ],
      [
       103,
       34
      ],
      [
       103,
       28
      ]
     ]
    ]
   }
  },
  {
   "type": "Feature",
   "properties": {
    "id": "17.06",
    "r0": 34,
    "c0": 92,
    "r1": 41,
    "c1": 94
   },
   "geometry": {
    "type": "Polygon",
    "coordinates": [
     [
      [
       92,
       34
      ],
      [
       95,
       34
      ],
      [
       95,
       42
      ],
      [
       92,
       42
      ],
      [
       92,
       34
      ]
     ]
    ]
   }
  },
  {
   "type": "Feature",
   "properties": {
    "id": "17.07",
    "r0": 34,
    "c0": 95,
    "r1": 37,
    "c1": 99
   },
   "geometry": {
    "type": "Polygon",
    "coordinates": [
     [
      [
       95,
       34
      ],
      [
       100,
       34
      ],
      [
       100,
       38
      ],
      [
       95,
       38
      ],
      [
       95,
       34
      ]
     ]
    ]
   }
  },
  {
   "type": "Feature",
   "properties": {
    "id": "17.04",
    "r0": 38,
    "c0": 95,
    "r1": 41,
    "c1": 99
   },
   "geometry": {
    "type": "Polygon",
    "coordinates": [
     [
      [
       95,
       38
      ],
      [
       100,
       38
      ],
      [
       100,
       42
      ],
      [
       95,
       42
      ],
      [
       95,
       38
      ]
     ]
    ]
   }
  },
  {
   "type": "Feature",
   "properties": {
    "id": "17.05",
    "r0": 34,
    "c0": 100,
    "r1": 37,
    "c1": 104
   },
   "geometry": {
    "type": "Polygon",
    "coordinates": [
     [
      [
       100,
       34
      ],
      [
       105,
       34
      ],
      [
       105,
       38
      ],
      [
       100,
       38
      ],
      [
       100,
       34
      ]
     ]
    ]
   }
  },
  {
   "type": "Feature",
   "properties": {
    "id": "17.02",
    "r0": 38,
    "c0": 100,
    "r1": 41,
    "c1": 104
   },
   "geometry": {
    "type": "Polygon",
    "coordinates": [
     [
      [
       100,
       38
      ],
      [
       105,
       38
      ],
      [
       105,
       42
      ],
      [
       100,
       42
      ],
      [
       100,
       38
      ]
     ]
    ]
   }
  },
  {
   "type": "Feature",
   "properties": {
    "id": "15",
    "r0": 42,
    "c0": 92,
    "r1": 56,
    "c1": 104
   },
   "geometry": {
    "type": "Polygon",
    "coordinates": [
     [
      [
       92,
       42
      ],
      [
       105,
       42
      ],
      [
       105,
       57
      ],
      [
       92,
       57
      ],
      [
       92,
       42
      ]
     ]
    ]
   }
  },
  {
   "type": "Feature",
   "properties": {
    "id": "15.07",
    "r0": 42,
    "c0": 92,
    "r1": 46,
    "c1": 94
   },
   "geometry": {
    "type": "Polygon",
    "coordinates": [
     [
      [
       92,
       42
      ],
      [
       95,
       42
      ],
      [
       95,
       47
      ],
      [
       92,
       47
      ],
      [
       92,
       42
      ]
     ]
    ]
   }
  },
  {
   "type": "Feature",
   "properties": {
    "id": "15.04",
    "r0": 42,
    "c0": 95,
    "r1": 46,
    "c1": 97
   },
   "geometry": {
    "type": "Polygon",
    "coordinates": [
     [
      [
       95,
       42
      ],
      [
       98,
       42
      ],
      [
       98,
       47
      ],
      [
       95,
       47
      ],
      [
       95,
       42
      ]
     ]
    ]
   }
  },
  {
   "type": "Feature",
   "properties": {
    "id": "15.08",
    "r0": 47,
    "c0": 92,
    "r1": 50,
    "c1": 97
   },
   "geometry": {
    "type": "Polygon",
    "coordinates": [
     [
      [
       92,
       47
      ],
      [
       98,
       47
      ],
      [
       98,
       51
      ],
      [
       92,
       51
      ],
      [
       92,
       47
      ]
     ]
    ]
   }
  },
  {
   "type": "Feature",
   "properties": {
    "id": "15.05",
    "r0": 42,
    "c0": 98,
    "r1": 45,
    "c1": 101
   },
   "geometry": {
    "type": "Polygon",
    "coordinates": [
     [
      [
       98,
       42
      ],
      [
       102,
       42
      ],
      [
       102,
       46
      ],
      [
       98,
       46
      ],
      [
       98,
       42
      ]
     ]
    ]
   }
  },
  {
   "type": "Feature",
   "properties": {
    "id": "15.71",
    "r0": 42,
    "c0": 102,
    "r1": 45,
    "c1": 104
   },
   "geometry": {
    "type": "Polygon",
    "coordinates": [
     [
      [
       102,
       42
      ],
      [
       105,
       42
      ],
      [
       105,
       46
      ],
      [
       102,
       46
      ],
      [
       102,
       42
      ]
     ]
    ]
   }
  },
  {
   "type": "Feature",
   "properties": {
    "id": "15.02",
    "r0": 46,
    "c0": 98,
    "r1": 50,
    "c1": 104
   },
   "geometry": {
    "type": "Polygon",
    "coordinates": [
     [
      [
       98,
       46
      ],
      [
       105,
       46
      ],
      [
       105,
       51
      ],
      [
       98,
       51
      ],
      [
       98,
       46
      ]
     ]
    ]
   }
  },
  {
   "type": "Feature",
   "properties": {
    "id": "15.72",
    "r0": 51,
    "c0": 92,
    "r1": 53,
    "c1": 95
   },
   "geometry": {
    "type": "Polygon",
    "coordinates": [
     [
      [
       92,
       51
      ],
      [
       96,
       51
      ],
      [
       96,
       54
      ],
      [
       92,
       54
      ],
      [
       92,
       51
      ]
     ]
    ]
   }
  },
  {
   "type": "Feature",
   "properties": {
    "id": "15.03",
    "r0": 54,
    "c0": 92,
    "r1": 56,
    "c1": 95
   },
   "geometry": {
    "type": "Polygon",
    "coordinates": [
     [
      [
       92,
       54
      ],
      [
       96,
       54
      ],
      [
       96,
       57
      ],
      [
       92,
       57
      ],
      [
       92,
       54
      ]
     ]
    ]
   }
  },
  {
   "type": "Feature",
   "properties": {
    "id": "15.06",
    "r0": 51,
    "c0": 96,
    "r1": 56,
    "c1": 98
   },
   "geometry": {
    "type": "Polygon",
    "coordinates": [
     [
      [
       96,
       51
      ],
      [
       99,
       51
      ],
      [
       99,
       57
      ],
      [
       96,
       57
      ],
      [
       96,
       51
      ]
     ]
    ]
   }
  },
  {
   "type": "Feature",
   "properties": {
    "id": "15.01",
    "r0": 51,
    "c0": 99,
    "r1": 56,
    "c1": 102
   },
   "geometry": {
    "type": "Polygon",
    "coordinates": [
     [
      [
       99,
       51
      ],
      [
       103,
       51
      ],
      [
       103,
       57
      ],
      [
       99,
       57
      ],
      [
       99,
       51
      ]
     ]
    ]
   }
  },
  {
   "type": "Feature",
   "properties": {
    "id": "15.09",
    "r0": 51,
    "c0": 103,
    "r1": 56,
    "c1": 104
   },
   "geometry": {
    "type": "Polygon",
    "coordinates": [
     [
      [
       103,
       51
      ],
      [
       105,
       51
      ],
      [
       105,
       57
      ],
      [
       103,
       57
      ],
      [
       103,
       51
      ]
     ]
    ]
   }
  },
  {
   "type": "Feature",
   "properties": {
    "id": "35",
    "r0": 28,
    "c0": 105,
    "r1": 56,
    "c1": 135
   },
   "geometry": {
    "type": "Polygon",
    "coordinates": [
     [
      [
       105,
       28
      ],
      [
       136,
       28
      ],
      [
       136,
       57
      ],
      [
       105,
       57
      ],
      [
       105,
       28
      ]
     ]
    ]
   }
  },
  {
   "type": "Feature",
   "properties": {
    "id": "35.27",
    "r0": 28,
    "c0": 105,
    "r1": 33,
    "c1": 107
   },
   "geometry": {
    "type": "Polygon",
    "coordinates": [
     [
      [
       105,
       28
      ],
      [
       108,
       28
      ],
      [
       108,
       34
      ],
      [
       105,
       34
      ],
      [
       105,
       28
      ]
     ]
    ]
   }
  },
  {
   "type": "Feature",
   "properties": {
    "id": "35.77",
    "r0": 34,
    "c0": 105,
    "r1": 34,
    "c1": 107
   },
   "geometry": {
    "type": "Polygon",
    "coordinates": [
     [
      [
       105,
       34
      ],
      [
       108,
       34
      ],
      [
       108,
       35
      ],
      [
       105,
       35
      ],
      [
       105,
       34
      ]
     ]
    ]
   }
  },
  {
   "type": "Feature",
   "properties": {
    "id": "35.06",
    "r0": 28,
    "c0": 108,
    "r1": 34,
    "c1": 112
   },
   "geometry": {
    "type": "Polygon",
    "coordinates": [
     [
      [
       108,
       28
      ],
      [
       113,
       28
      ],
      [
       113,
       35
      ],
      [
       108,
       35
      ],
      [
       108,
       28
      ]
     ]
    ]
   }
  },
  {
   "type": "Feature",
   "properties": {
    "id": "35.05",
    "r0": 35,
    "c0": 105,
    "r1": 41,
    "c1": 108
   },
   "geometry": {
    "type": "Polygon",
    "coordinates": [
     [
      [
       105,
       35
      ],
      [
       109,
       35
      ],
      [
       109,
       42
      ],
      [
       105,
       42
      ],
      [
       105,
       35
      ]
     ]
    ]
   }
  },
  {
   "type": "Feature",
   "properties": {
    "id": "35.74",
    "r0": 35,
    "c0": 109,
    "r1": 36,
    "c1": 112
   },
   "geometry": {
    "type": "Polygon",
    "coordinates": [
     [
      [
       109,
       35
      ],
      [
       113,
       35
      ],
      [
       113,
       37
      ],
      [
       109,
       37
      ],
      [
       109,
       35
      ]
     ]
    ]
   }
  },
  {
   "type": "Feature",
   "properties": {
    "id": "35.28",
    "r0": 37,
    "c0": 109,
    "r1": 41,
    "c1": 112
   },
   "geometry": {
    "type": "Polygon",
    "coordinates": [
     [
      [
       109,
       37
      ],
      [
       113,
       37
      ],
      [
       113,
       42
      ],
      [
       109,
       42
      ],
      [
       109,
       37
      ]
     ]
    ]
   }
  },
  {
   "type": "Feature",
   "properties": {
    "id": "35.16",
    "r0": 28,
    "c0": 113,
    "r1": 35,
    "c1": 115
   },
   "geometry": {
    "type": "Polygon",
    "coordinates": [
     [
      [
       113,
       28
      ],
      [
       116,
       28
      ],
      [
       116,
       36
      ],
      [
       113,
       36
      ],
      [
       113,
       28
      ]
     ]
    ]
   }
  },
  {
   "type": "Feature",
   "properties": {
    "id": "35.22",
    "r0": 28,
    "c0": 116,
    "r1": 35,
    "c1": 120
   },
   "geometry": {
    "type": "Polygon",
    "coordinates": [
     [
      [
       116,
       28
      ],
      [
       121,
       28
      ],
      [
       121,
       36
      ],
      [
       116,
       36
      ],
      [
       116,
       28
      ]
     ]
    ]
   }
  },
  {
   "type": "Feature",
   "properties": {
    "id": "35.75",
    "r0": 36,
    "c0": 113,
    "r1": 36,
    "c1": 117
   },
   "geometry": {
    "type": "Polygon",
    "coordinates": [
     [
      [
       113,
       36
      ],
      [
       118,
       36
      ],
      [
       118,
       37
      ],
      [
       113,
       37
      ],
      [
       113,
       36
      ]
     ]
    ]
   }
  },
  {
   "type": "Feature",
   "properties": {
    "id": "35.25",
    "r0": 37,
    "c0": 113,
    "r1": 41,
    "c1": 117
   },
   "geometry": {
    "type": "Polygon",
    "coordinates": [
     [
      [
       113,
       37
      ],
      [
       118,
       37
      ],
      [
       118,
       42
      ],
      [
       113,
       42
      ],
      [
       113,
       37
      ]
     ]
    ]
   }
  },
  {
   "type": "Feature",
   "properties": {
    "id": "35.03",
    "r0": 36,
    "c0": 118,
    "r1": 41,
    "c1": 120
   },
   "geometry": {
    "type": "Polygon",
    "coordinates": [
     [
      [
       118,
       36
      ],
      [
       121,
       36
      ],
      [
       121,
       42
      ],
      [
       118,
       42
      ],
      [
       118,
       36
      ]
     ]
    ]
   }
  },
  {
   "type": "Feature",
   "properties": {
    "id": "35.15",
    "r0": 42,
    "c0": 105,
    "r1": 50,
    "c1": 107
   },
   "geometry": {
    "type": "Polygon",
    "coordinates": [
     [
      [
       105,
       42
      ],
      [
       108,
       42
      ],
      [
       108,
       51
      ],
      [
       105,
       51
      ],
      [
       105,
       42
      ]
     ]
    ]
   }
  },
  {
   "type": "Feature",
   "properties": {
    "id": "35.23",
    "r0": 42,
    "c0": 108,
    "r1": 46,
    "c1": 113
   },
   "geometry": {
    "type": "Polygon",
    "coordinates": [
     [
      [
       108,
       42
      ],
      [
       114,
       42
      ],
      [
       114,
       47
      ],
      [
       108,
       47
      ],
      [
       108,
       42
      ]
     ]
    ]
   }
  },
  {
   "type": "Feature",
   "properties": {
    "id": "35.20",
    "r0": 47,
    "c0": 108,
    "r1": 50,
    "c1": 113
   },
   "geometry": {
    "type": "Polygon",
    "coordinates": [
     [
      [
       108,
       47
      ],
      [
       114,
       47
      ],
      [
       114,
       51
      ],
      [
       108,
       51
      ],
      [
       108,
       47
      ]
     ]
    ]
   }
  },
  {
   "type": "Feature",
   "properties": {
    "id": "35.26",
    "r0": 51,
    "c0": 105,
    "r1": 55,
    "c1": 109
   },
   "geometry": {
    "type": "Polygon",
    "coordinates": [
     [
      [
       105,
       51
      ],
      [
       110,
       51
      ],
      [
       110,
       56
      ],
      [
       105,
       56
      ],
      [
       105,
       51
      ]
     ]
    ]
   }
  },
  {
   "type": "Feature",
   "properties": {
    "id": "35.72",
    "r0": 56,
    "c0": 105,
    "r1": 56,
    "c1": 109
   },
   "geometry": {
    "type": "Polygon",
    "coordinates": [
     [
      [
       105,
       56
      ],
      [
       110,
       56
      ],
      [
       110,
       57
      ],
      [
       105,
       57
      ],
      [
       105,
       56
      ]
     ]
    ]
   }
  },
  {
   "type": "Feature",
   "properties": {
    "id": "35.04",
    "r0": 51,
    "c0": 110,
    "r1": 56,
    "c1": 113
   },
   "geometry": {
    "type": "Polygon",
    "coordinates": [
     [
      [
       110,
       51
      ],
      [
       114,
       51
      ],
      [
       114,
       57
      ],
      [
       110,
       57
      ],
      [
       110,
       51
      ]
     ]
    ]
   }
  },
  {
   "type": "Feature",
   "properties": {
    "id": "35.09",
    "r0": 42,
    "c0": 114,
    "r1": 47,
    "c1": 120
   },
   "geometry": {
    "type": "Polygon",
    "coordinates": [
     [
      [
       114,
       42
      ],
      [
       121,
       42
      ],
      [
       121,
       48
      ],
      [
       114,
       48
      ],
      [
       114,
       42
      ]
     ]
    ]
   }
  },
  {
   "type": "Feature",
   "properties": {
    "id": "35.13",
    "r0": 48,
    "c0": 114,
    "r1": 51,
    "c1": 120
   },
   "geometry": {
    "type": "Polygon",
    "coordinates": [
     [
      [
       114,
       48
      ],
      [
       121,
       48
      ],
      [
       121,
       52
      ],
      [
       114,
       52
      ],
      [
       114,
       48
      ]
     ]
    ]
   }
  },
  {
   "type": "Feature",
   "properties": {
    "id": "35.10",
    "r0": 52,
    "c0": 114,
    "r1": 56,
    "c1": 120
   },
   "geometry": {
    "type": "Polygon",
    "coordinates": [
     [
      [
       114,
       52
      ],
      [
       121,
       52
      ],
      [
       121,
       57
      ],
      [
       114,
       57
      ],
      [
       114,
       52
      ]
     ]
    ]
   }
  },
  {
   "type": "Feature",
   "properties": {
    "id": "35.73",
    "r0": 28,
    "c0": 121,
    "r1": 29,
    "c1": 124
   },
   "geometry": {
    "type": "Polygon",
    "coordinates": [
     [
      [
       121,
       28
      ],
      [
       125,
       28
      ],
      [
       125,
       30
      ],
      [
       121,
       30
      ],
      [
       121,
       28
      ]
     ]
    ]
   }
  },
  {
   "type": "Feature",
   "properties": {
    "id": "35.19",
    "r0": 30,
    "c0": 121,
    "r1": 35,
    "c1": 124
   },
   "geometry": {
    "type": "Polygon",
    "coordinates": [
     [
      [
       121,
       30
      ],
      [
       125,
       30
      ],
      [
       125,
       36
      ],
      [
       121,
       36
      ],
      [
       121,
       30
      ]
     ]
    ]
   }
  },
  {
   "type": "Feature",
   "properties": {
    "id": "35.11",
    "r0": 28,
    "c0": 125,
    "r1": 35,
    "c1": 128
   },
   "geometry": {
    "type": "Polygon",
    "coordinates": [
     [
      [
       125,
       28
      ],
      [
       129,
       28
      ],
      [
       129,
       36
      ],
      [
       125,
       36
      ],
      [
       125,
       28
      ]
     ]
    ]
   }
  },
  {
   "type": "Feature",
   "properties": {
    "id": "35.21",
    "r0": 36,
    "c0": 121,
    "r1": 42,
    "c1": 124
   },
   "geometry": {
    "type": "Polygon",
    "coordinates": [
     [
      [
       121,
       36
      ],
      [
       125,
       36
      ],
      [
       125,
       43
      ],
      [
       121,
       43
      ],
      [
       121,
       36
      ]
     ]
    ]
   }
  },
  {
   "type": "Feature",
   "properties": {
    "id": "35.14",
    "r0": 36,
    "c0": 125,
    "r1": 42,
    "c1": 128
   },
   "geometry": {
    "type": "Polygon",
    "coordinates": [
     [
      [
       125,
       36
      ],
      [
       129,
       36
      ],
      [
       129,
       43
      ],
      [
       125,
       43
      ],
      [
       125,
       36
      ]
     ]
    ]
   }
  },
  {
   "type": "Feature",
   "properties": {
    "id": "35.02",
    "r0": 28,
    "c0": 129,
    "r1": 31,
    "c1": 135
   },
   "geometry": {
    "type": "Polygon",
    "coordinates": [
     [
      [
       129,
       28
      ],
      [
       136,
       28
      ],
      [
       136,
       32
      ],
      [
       129,
       32
      ],
      [
       129,
       28
      ]
     ]
    ]
   }
  },
  {
   "type": "Feature",
   "properties": {
    "id": "35.24",
    "r0": 32,
    "c0": 129,
    "r1": 36,
    "c1": 135
   },
   "geometry": {
    "type": "Polygon",
    "coordinates": [
     [
      [
       129,
       32
      ],
      [
       136,
       32
      ],
      [
       136,
       37
      ],
      [
       129,
       37
      ],
      [
       129,
       32
      ]
     ]
    ]
   }
  },
  {
   "type": "Feature",
   "properties": {
    "id": "35.78",
    "r0": 37,
    "c0": 129,
    "r1": 42,
    "c1": 135
   },
   "geometry": {
    "type": "Polygon",
    "coordinates": [
     [
      [
       129,
       37
      ],
      [
       136,
       37
      ],
      [
       136,
       43
      ],
      [
       129,
       43
      ],
      [
       129,
       37
      ]
     ]
    ]
   }
  },
  {
   "type": "Feature",
   "properties": {
    "id": "35.07",
    "r0": 43,
    "c0": 121,
    "r1": 48,
    "c1": 127
   },
   "geometry": {
    "type": "Polygon",
    "coordinates": [
     [
      [
       121,
       43
      ],
      [
       128,
       43
      ],
      [
       128,
       49
      ],
      [
       121,
       49
      ],
      [
       121,
       43
      ]
     ]
    ]
   }
  },
  {
   "type": "Feature",
   "properties": {
    "id": "35.29",
    "r0": 49,
    "c0": 121,
    "r1": 53,
    "c1": 127
   },
   "geometry": {
    "type": "Polygon",
    "coordinates": [
     [
      [
       121,
       49
      ],
      [
       128,
       49
      ],
      [
       128,
       54
      ],
      [
       121,
       54
      ],
      [
       121,
       49
      ]
     ]
    ]
   }
  },
  {
   "type": "Feature",
   "properties": {
    "id": "35.71",
    "r0": 54,
    "c0": 121,
    "r1": 56,
    "c1": 121
   },
   "geometry": {
    "type": "Polygon",
    "coordinates": [
     [
      [
       121,
       54
      ],
      [
       122,
       54
      ],
      [
       122,
       57
      ],
      [
       121,
       57
      ],
      [
       121,
       54
      ]
     ]
    ]
   }
  },
  {
   "type": "Feature",
   "properties": {
    "id": "35.01",
    "r0": 54,
    "c0": 122,
    "r1": 56,
    "c1": 126
   },
   "geometry": {
    "type": "Polygon",
    "coordinates": [
     [
      [
       122,
       54
      ],
      [
       127,
       54
      ],
      [
       127,
       57
      ],
      [
       122,
       57
      ],
      [
       122,
       54
      ]
     ]
    ]
   }
  },
  {
   "type": "Feature",
   "properties": {
    "id": "35.79",
    "r0": 54,
    "c0": 127,
    "r1": 56,
    "c1": 127
   },
   "geometry": {
    "type": "Polygon",
    "coordinates": [
     [
      [
       127,
       54
      ],
      [
       128,
       54
      ],
      [
       128,
       57
      ],
      [
       127,
       57
      ],
      [
       127,
       54
      ]
     ]
    ]
   }
  },
  {
   "type": "Feature",
   "properties": {
    "id": "35.17",
    "r0": 43,
    "c0": 128,
    "r1": 49,
    "c1": 131
   },
   "geometry": {
    "type": "Polygon",
    "coordinates": [
     [
      [
       128,
       43
      ],
      [
       132,
       43
      ],
      [
       132,
       50
      ],
      [
       128,
       50
      ],
      [
       128,
       43
      ]
     ]
    ]
   }
  },
  {
   "type": "Feature",
   "properties": {
    "id": "35.08",
    "r0": 43,
    "c0": 132,
    "r1": 49,
    "c1": 135
   },
   "geometry": {
    "type": "Polygon",
    "coordinates": [
     [
      [
       132,
       43
      ],
      [
       136,
       43
      ],
      [
       136,
       50
      ],
      [
       132,
       50
      ],
      [
       132,
       43
      ]
     ]
    ]
   }
  },
  {
   "type": "Feature",
   "properties": {
    "id": "35.--",
    "r0": 50,
    "c0": 128,
    "r1": 50,
    "c1": 128
   },
   "geometry": {
    "type": "Polygon",
    "coordinates": [
     [
      [
       128,
       50
      ],
      [
       129,
       50
      ],
      [
       129,
       51
      ],
      [
       128,
       51
      ],
      [
       128,
       50
      ]
     ]
    ]
   }
  },
  {
   "type": "Feature",
   "properties": {
    "id": "35.76",
    "r0": 50,
    "c0": 129,
    "r1": 50,
    "c1": 131
   },
   "geometry": {
    "type": "Polygon",
    "coordinates": [
     [
      [
       129,
       50
      ],
      [
       132,
       50
      ],
      [
       132,
       51
      ],
      [
       129,
       51
      ],
      [
       129,
       50
      ]
     ]
    ]
   }
  },
  {
   "type": "Feature",
   "properties": {
    "id": "35.12",
    "r0": 51,
    "c0": 128,
    "r1": 56,
    "c1": 131
   },
   "geometry": {
    "type": "Polygon",
    "coordinates": [
     [
      [
       128,
       51
      ],
      [
       132,
       51
      ],
      [
       132,
       57
      ],
      [
       128,
       57
      ],
      [
       128,
       51
      ]
     ]
    ]
   }
  },
  {
   "type": "Feature",
   "properties": {
    "id": "35.18",
    "r0": 50,
    "c0": 132,
    "r1": 56,
    "c1": 135
   },
   "geometry": {
    "type": "Polygon",
    "coordinates": [
     [
      [
       132,
       50
      ],
      [
       136,
       50
      ],
      [
       136,
       57
      ],
      [
       132,
       57
      ],
      [
       132,
       50
      ]
     ]
    ]
   }
  },
  {
   "type": "Feature",
   "properties": {
    "id": "71",
    "r0": 0,
    "c0": 136,
    "r1": 12,
    "c1": 153
   },
   "geometry": {
    "type": "Polygon",
    "coordinates": [
     [
      [
       136,
       0
      ],
      [
       154,
       0
      ],
      [
       154,
       13
      ],
      [
       136,
       13
      ],
      [
       136,
       0
      ]
     ]
    ]
   }
  },
  {
   "type": "Feature",
   "properties": {
    "id": "71.07",
    "r0": 0,
    "c0": 136,
    "r1": 6,
    "c1": 138
   },
   "geometry": {
    "type": "Polygon",
    "coordinates": [
     [
      [
       136,
       0
      ],
      [
       139,
       0
      ],
      [
       139,
       7
      ],
      [
       136,
       7
      ],
      [
       136,
       0
      ]
     ]
    ]
   }
  },
  {
   "type": "Feature",
   "properties": {
    "id": "71.04",
    "r0": 0,
    "c0": 139,
    "r1": 3,
    "c1": 144
   },
   "geometry": {
    "type": "Polygon",
    "coordinates": [
     [
      [
       139,
       0
      ],
      [
       145,
       0
      ],
      [
       145,
       4
      ],
      [
       139,
       4
      ],
      [
       139,
       0
      ]
     ]
    ]
   }
  },
  {
   "type": "Feature",
   "properties": {
    "id": "71.73",
    "r0": 4,
    "c0": 139,
    "r1": 6,
    "c1": 141
   },
   "geometry": {
    "type": "Polygon",
    "coordinates": [
     [
      [
       139,
       4
      ],
      [
       142,
       4
      ],
      [
       142,
       7
      ],
      [
       139,
       7
      ],
      [
       139,
       4
      ]
     ]
    ]
   }
  },
  {
   "type": "Feature",
   "properties": {
    "id": "71.08",
    "r0": 4,
    "c0": 142,
    "r1": 6,
    "c1": 144
   },
   "geometry": {
    "type": "Polygon",
    "coordinates": [
     [
      [
       142,
       4
      ],
      [
       145,
       4
      ],
      [
       145,
       7
      ],
      [
       142,
       7
      ],
      [
       142,
       4
      ]
     ]
    ]
   }
  },
  {
   "type": "Feature",
   "properties": {
    "id": "71.02",
    "r0": 7,
    "c0": 136,
    "r1": 12,
    "c1": 140
   },
   "geometry": {
    "type": "Polygon",
    "coordinates": [
     [
      [
       136,
       7
      ],
      [
       141,
       7
      ],
      [
       141,
       13
      ],
      [
       136,
       13
      ],
      [
       136,
       7
      ]
     ]
    ]
   }
  },
  {
   "type": "Feature",
   "properties": {
    "id": "71.05",
    "r0": 7,
    "c0": 141,
    "r1": 12,
    "c1": 144
   },
   "geometry": {
    "type": "Polygon",
    "coordinates": [
     [
      [
       141,
       7
      ],
      [
       145,
       7
      ],
      [
       145,
       13
      ],
      [
       141,
       13
      ],
      [
       141,
       7
      ]
     ]
    ]
   }
  },
  {
   "type": "Feature",
   "properties": {
    "id": "71.71",
    "r0": 0,
    "c0": 145,
    "r1": 2,
    "c1": 149
   },
   "geometry": {
    "type": "Polygon",
    "coordinates": [
     [
      [
       145,
       0
      ],
      [
       150,
       0
      ],
      [
       150,
       3
      ],
      [
       145,
       3
      ],
      [
       145,
       0
      ]
     ]
    ]
   }
  },
  {
   "type": "Feature",
   "properties": {
    "id": "71.06",
    "r0": 3,
    "c0": 145,
    "r1": 5,
    "c1": 149
   },
   "geometry": {
    "type": "Polygon",
    "coordinates": [
     [
      [
       145,
       3
      ],
      [
       150,
       3
      ],
      [
       150,
       6
      ],
      [
       145,
       6
      ],
      [
       145,
       3
      ]
     ]
    ]
   }
  },
  {
   "type": "Feature",
   "properties": {
    "id": "71.74",
    "r0": 0,
    "c0": 150,
    "r1": 0,
    "c1": 153
   },
   "geometry": {
    "type": "Polygon",
    "coordinates": [
     [
      [
       150,
       0
      ],
      [
       154,
       0
      ],
      [
       154,
       1
      ],
      [
       150,
       1
      ],
      [
       150,
       0
      ]
     ]
    ]
   }
  },
  {
   "type": "Feature",
   "properties": {
    "id": "71.03",
    "r0": 1,
    "c0": 150,
    "r1": 5,
    "c1": 153
   },
   "geometry": {
    "type": "Polygon",
    "coordinates": [
     [
      [
       150,
       1
      ],
      [
       154,
       1
      ],
      [
       154,
       6
      ],
      [
       150,
       6
      ],
      [
       150,
       1
      ]
     ]
    ]
   }
  },
  {
   "type": "Feature",
   "properties": {
    "id": "71.72",
    "r0": 6,
    "c0": 145,
    "r1": 9,
    "c1": 147
   },
   "geometry": {
    "type": "Polygon",
    "coordinates": [
     [
      [
       145,
       6
      ],
      [
       148,
       6
      ],
      [
       148,
       10
      ],
      [
       145,
       10
      ],
      [
       145,
       6
      ]
     ]
    ]
   }
  },
  {
   "type": "Feature",
   "properties": {
    "id": "71.10",
    "r0": 6,
    "c0": 148,
    "r1": 9,
    "c1": 150
   },
   "geometry": {
    "type": "Polygon",
    "coordinates": [
     [
      [
       148,
       6
      ],
      [
       151,
       6
      ],
      [
       151,
       10
      ],
      [
       148,
       10
      ],
      [
       148,
       6
      ]
     ]
    ]
   }
  },
  {
   "type": "Feature",
   "properties": {
    "id": "71.01",
    "r0": 10,
    "c0": 145,
    "r1": 12,
    "c1": 150
   },
   "geometry": {
    "type": "Polygon",
    "coordinates": [
     [
      [
       145,
       10
      ],
      [
       151,
       10
      ],
      [
       151,
       13
      ],
      [
       145,
       13
      ],
      [
       145,
       10
      ]
     ]
    ]
   }
  },
  {
   "type": "Feature",
   "properties": {
    "id": "71.11",
    "r0": 6,
    "c0": 151,
    "r1": 8,
    "c1": 153
   },
   "geometry": {
    "type": "Polygon",
    "coordinates": [
     [
      [
       151,
       6
      ],
      [
       154,
       6
      ],
      [
       154,
       9
      ],
      [
       151,
       9
      ],
      [
       151,
       6
      ]
     ]
    ]
   }
  },
  {
   "type": "Feature",
   "properties": {
    "id": "71.09",
    "r0": 9,
    "c0": 151,
    "r1": 12,
    "c1": 153
   },
   "geometry": {
    "type": "Polygon",
    "coordinates": [
     [
      [
       151,
       9
      ],
      [
       154,
       9
      ],
      [
       154,
       13
      ],
      [
       151,
       13
      ],
      [
       151,
       9
      ]
     ]
    ]
   }
  },
  {
   "type": "Feature",
   "properties": {
    "id": "92",
    "r0": 13,
    "c0": 136,
    "r1": 28,
    "c1": 153
   },
   "geometry": {
    "type": "Polygon",
    "coordinates": [
     [
      [
       136,
       13
      ],
      [
       154,
       13
      ],
      [
       154,
       29
      ],
      [
       136,
       29
      ],
      [
       136,
       13
      ]
     ]
    ]
   }
  },
  {
   "type": "Feature",
   "properties": {
    "id": "92.10",
    "r0": 13,
    "c0": 136,
    "r1": 19,
    "c1": 139
   },
   "geometry": {
    "type": "Polygon",
    "coordinates": [
     [
      [
       136,
       13
      ],
      [
       140,
       13
      ],
      [
       140,
       20
      ],
      [
       136,
       20
      ],
      [
       136,
       13
      ]
     ]
    ]
   }
  },
  {
   "type": "Feature",
   "properties": {
    "id": "92.02",
    "r0": 13,
    "c0": 140,
    "r1": 15,
    "c1": 143
   },
   "geometry": {
    "type": "Polygon",
    "coordinates": [
     [
      [
       140,
       13
      ],
      [
       144,
       13
      ],
      [
       144,
       16
      ],
      [
       140,
       16
      ],
      [
       140,
       13
      ]
     ]
    ]
   }
  },
  {
   "type": "Feature",
   "properties": {
    "id": "92.71",
    "r0": 16,
    "c0": 140,
    "r1": 19,
    "c1": 143
   },
   "geometry": {
    "type": "Polygon",
    "coordinates": [
     [
      [
       140,
       16
      ],
      [
       144,
       16
      ],
      [
       144,
       20
      ],
      [
       140,
       20
      ],
      [
       140,
       16
      ]
     ]
    ]
   }
  },
  {
   "type": "Feature",
   "properties": {
    "id": "92.03",
    "r0": 20,
    "c0": 136,
    "r1": 23,
    "c1": 141
   },
   "geometry": {
    "type": "Polygon",
    "coordinates": [
     [
      [
       136,
       20
      ],
      [
       142,
       20
      ],
      [
       142,
       24
      ],
      [
       136,
       24
      ],
      [
       136,
       20
      ]
     ]
    ]
   }
  },
  {
   "type": "Feature",
   "properties": {
    "id": "92.08",
    "r0": 20,
    "c0": 142,
    "r1": 23,
    "c1": 143
   },
   "geometry": {
    "type": "Polygon",
    "coordinates": [
     [
      [
       142,
       20
      ],
      [
       144,
       20
      ],
      [
       144,
       24
      ],
      [
       142,
       24
      ],
      [
       142,
       20
      ]
     ]
    ]
   }
  },
  {
   "type": "Feature",
   "properties": {
    "id": "92.09",
    "r0": 24,
    "c0": 136,
    "r1": 28,
    "c1": 143
   },
   "geometry": {
    "type": "Polygon",
    "coordinates": [
     [
      [
       136,
       24
      ],
      [
       144,
       24
      ],
      [
       144,
       29
      ],
      [
       136,
       29
      ],
      [
       136,
       24
      ]
     ]
    ]
   }
  },
  {
   "type": "Feature",
   "properties": {
    "id": "92.01",
    "r0": 13,
    "c0": 144,
    "r1": 21,
    "c1": 147
   },
   "geometry": {
    "type": "Polygon",
    "coordinates": [
     [
      [
       144,
       13
      ],
      [
       148,
       13
      ],
      [
       148,
       22
      ],
      [
       144,
       22
      ],
      [
       144,
       13
      ]
     ]
    ]
   }
  },
  {
   "type": "Feature",
   "properties": {
    "id": "92.06",
    "r0": 13,
    "c0": 148,
    "r1": 18,
    "c1": 153
   },
   "geometry": {
    "type": "Polygon",
    "coordinates": [
     [
      [
       148,
       13
      ],
      [
       154,
       13
      ],
      [
       154,
       19
      ],
      [
       148,
       19
      ],
      [
       148,
       13
      ]
     ]
    ]
   }
  },
  {
   "type": "Feature",
   "properties": {
    "id": "92.07",
    "r0": 19,
    "c0": 148,
    "r1": 21,
    "c1": 153
   },
   "geometry": {
    "type": "Polygon",
    "coordinates": [
     [
      [
       148,
       19
      ],
      [
       154,
       19
      ],
      [
       154,
       22
      ],
      [
       148,
       22
      ],
      [
       148,
       19
      ]
     ]
    ]
   }
  },
  {
   "type": "Feature",
   "properties": {
    "id": "92.11",
    "r0": 22,
    "c0": 144,
    "r1": 25,
    "c1": 145
   },
   "geometry": {
    "type": "Polygon",
    "coordinates": [
     [
      [
       144,
       22
      ],
      [
       146,
       22
      ],
      [
       146,
       26
      ],
      [
       144,
       26
      ],
      [
       144,
       22
      ]
     ]
    ]
   }
  },
  {
   "type": "Feature",
   "properties": {
    "id": "92.12",
    "r0": 22,
    "c0": 146,
    "r1": 25,
    "c1": 149
   },
   "geometry": {
    "type": "Polygon",
    "coordinates": [
     [
      [
       146,
       22
      ],
      [
       150,
       22
      ],
      [
       150,
       26
      ],
      [
       146,
       26
      ],
      [
       146,
       22
      ]
     ]
    ]
   }
  },
  {
   "type": "Feature",
   "properties": {
    "id": "92.04",
    "r0": 26,
    "c0": 144,
    "r1": 28,
    "c1": 149
   },
   "geometry": {
    "type": "Polygon",
    "coordinates": [
     [
      [
       144,
       26
      ],
      [
       150,
       26
      ],
      [
       150,
       29
      ],
      [
       144,
       29
      ],
      [
       144,
       26
      ]
     ]
    ]
   }
  },
  {
   "type": "Feature",
   "properties": {
    "id": "92.05",
    "r0": 22,
    "c0": 150,
    "r1": 28,
    "c1": 153
   },
   "geometry": {
    "type": "Polygon",
    "coordinates": [
     [
      [
       150,
       22
      ],
      [
       154,
       22
      ],
      [
       154,
       29
      ],
      [
       150,
       29
      ],
      [
       150,
       22
      ]
     ]
    ]
   }
  },
  {
   "type": "Feature",
   "properties": {
    "id": "16",
    "r0": 0,
    "c0": 154,
    "r1": 17,
    "c1": 172
   },
   "geometry": {
    "type": "Polygon",
    "coordinates": [
     [
      [
       154,
       0
      ],
      [
       173,
       0
      ],
      [
       173,
       18
      ],
      [
       154,
       18
      ],
      [
       154,
       0
      ]
     ]
    ]
   }
  },
  {
   "type": "Feature",
   "properties": {
    "id": "16.10",
    "r0": 0,
    "c0": 154,
    "r1": 5,
    "c1": 157
   },
   "geometry": {
    "type": "Polygon",
    "coordinates": [
     [
      [
       154,
       0
      ],
      [
       158,
       0
      ],
      [
       158,
       6
      ],
      [
       154,
       6
      ],
      [
       154,
       0
      ]
     ]
    ]
   }
  },
  {
   "type": "Feature",
   "properties": {
    "id": "16.08",
    "r0": 0,
    "c0": 158,
    "r1": 5,
    "c1": 162
   },
   "geometry": {
    "type": "Polygon",
    "coordinates": [
     [
      [
       158,
       0
      ],
      [
       163,
       0
      ],
      [
       163,
       6
      ],
      [
       158,
       6
      ],
      [
       158,
       0
      ]
     ]
    ]
   }
  },
  {
   "type": "Feature",
   "properties": {
    "id": "16.05",
    "r0": 6,
    "c0": 154,
    "r1": 9,
    "c1": 157
   },
   "geometry": {
    "type": "Polygon",
    "coordinates": [
     [
      [
       154,
       6
      ],
      [
       158,
       6
      ],
      [
       158,
       10
      ],
      [
       154,
       10
      ],
      [
       154,
       6
      ]
     ]
    ]
   }
  },
  {
   "type": "Feature",
   "properties": {
    "id": "16.06",
    "r0": 6,
    "c0": 158,
    "r1": 9,
    "c1": 162
   },
   "geometry": {
    "type": "Polygon",
    "coordinates": [
     [
      [
       158,
       6
      ],
      [
       163,
       6
      ],
      [
       163,
       10
      ],
      [
       158,
       10
      ],
      [
       158,
       6
      ]
     ]
    ]
   }
  },
  {
   "type": "Feature",
   "properties": {
    "id": "16.74",
    "r0": 10,
    "c0": 154,
    "r1": 11,
    "c1": 157
   },
   "geometry": {
    "type": "Polygon",
    "coordinates": [
     [
      [
       154,
       10
      ],
      [
       158,
       10
      ],
      [
       158,
       12
      ],
      [
       154,
       12
      ],
      [
       154,
       10
      ]
     ]
    ]
   }
  },
  {
   "type": "Feature",
   "properties": {
    "id": "16.09",
    "r0": 12,
    "c0": 154,
    "r1": 17,
    "c1": 157
   },
   "geometry": {
    "type": "Polygon",
    "coordinates": [
     [
      [
       154,
       12
      ],
      [
       158,
       12
      ],
      [
       158,
       18
      ],
      [
       154,
       18
      ],
      [
       154,
       12
      ]
     ]
    ]
   }
  },
  {
   "type": "Feature",
   "properties": {
    "id": "16.13",
    "r0": 10,
    "c0": 158,
    "r1": 11,
    "c1": 162
   },
   "geometry": {
    "type": "Polygon",
    "coordinates": [
     [
      [
       158,
       10
      ],
      [
       163,
       10
      ],
      [
       163,
       12
      ],
      [
       158,
       12
      ],
      [
       158,
       10
      ]
     ]
    ]
   }
  },
  {
   "type": "Feature",
   "properties": {
    "id": "16.03",
    "r0": 12,
    "c0": 158,
    "r1": 17,
    "c1": 162
   },
   "geometry": {
    "type": "Polygon",
    "coordinates": [
     [
      [
       158,
       12
      ],
      [
       163,
       12
      ],
      [
       163,
       18
      ],
      [
       158,
       18
      ],
      [
       158,
       12
      ]
     ]
    ]
   }
  },
  {
   "type": "Feature",
   "properties": {
    "id": "16.72",
    "r0": 0,
    "c0": 163,
    "r1": 1,
    "c1": 167
   },
   "geometry": {
    "type": "Polygon",
    "coordinates": [
     [
      [
       163,
       0
      ],
      [
       168,
       0
      ],
      [
       168,
       2
      ],
      [
       163,
       2
      ],
      [
       163,
       0
      ]
     ]
    ]
   }
  },
  {
   "type": "Feature",
   "properties": {
    "id": "16.04",
    "r0": 2,
    "c0": 163,
    "r1": 8,
    "c1": 167
   },
   "geometry": {
    "type": "Polygon",
    "coordinates": [
     [
      [
       163,
       2
      ],
      [
       168,
       2
      ],
      [
       168,
       9
      ],
      [
       163,
       9
      ],
      [
       163,
       2
      ]
     ]
    ]
   }
  },
  {
   "type": "Feature",
   "properties": {
    "id": "16.07",
    "r0": 0,
    "c0": 168,
    "r1": 5,
    "c1": 172
   },
   "geometry": {
    "type": "Polygon",
    "coordinates": [
     [
      [
       168,
       0
      ],
      [
       173,
       0
      ],
      [
       173,
       6
      ],
      [
       168,
       6
      ],
      [
       168,
       0
      ]
     ]
    ]
   }
  },
  {
   "type": "Feature",
   "properties": {
    "id": "16.01",
    "r0": 6,
    "c0": 168,
    "r1": 8,
    "c1": 172
   },
   "geometry": {
    "type": "Polygon",
    "coordinates": [
     [
      [
       168,
       6
      ],
      [
       173,
       6
      ],
      [
       173,
       9
      ],
      [
       168,
       9
      ],
      [
       168,
       6
      ]
     ]
    ]
   }
  },
  {
   "type": "Feature",
   "properties": {
    "id": "16.73",
    "r0": 9,
    "c0": 163,
    "r1": 12,
    "c1": 165
   },
   "geometry": {
    "type": "Polygon",
    "coordinates": [
     [
      [
       163,
       9
      ],
      [
       166,
       9
      ],
      [
       166,
       13
      ],
      [
       163,
       13
      ],
      [
       163,
       9
      ]
     ]
    ]
   }
  },
  {
   "type": "Feature",
   "properties": {
    "id": "16.11",
    "r0": 9,
    "c0": 166,
    "r1": 12,
    "c1": 168
   },
   "geometry": {
    "type": "Polygon",
    "coordinates": [
     [
      [
       166,
       9
      ],
      [
       169,
       9
      ],
      [
       169,
       13
      ],
      [
       166,
       13
      ],
      [
       166,
       9
      ]
     ]
    ]
   }
  },
  {
   "type": "Feature",
   "properties": {
    "id": "16.02",
    "r0": 13,
    "c0": 163,
    "r1": 17,
    "c1": 168
   },
   "geometry": {
    "type": "Polygon",
    "coordinates": [
     [
      [
       163,
       13
      ],
      [
       169,
       13
      ],
      [
       169,
       18
      ],
      [
       163,
       18
      ],
      [
       163,
       13
      ]
     ]
    ]
   }
  },
  {
   "type": "Feature",
   "properties": {
    "id": "16.12",
    "r0": 9,
    "c0": 169,
    "r1": 10,
    "c1": 172
   },
   "geometry": {
    "type": "Polygon",
    "coordinates": [
     [
      [
       169,
       9
      ],
      [
       173,
       9
      ],
      [
       173,
       11
      ],
      [
       169,
       11
      ],
      [
       169,
       9
      ]
     ]
    ]
   }
  },
  {
   "type": "Feature",
   "properties": {
    "id": "16.71",
    "r0": 11,
    "c0": 169,
    "r1": 17,
    "c1": 172
   },
   "geometry": {
    "type": "Polygon",
    "coordinates": [
     [
      [
       169,
       11
      ],
      [
       173,
       11
      ],
      [
       173,
       18
      ],
      [
       169,
       18
      ],
      [
       169,
       11
      ]
     ]
    ]
   }
  },
  {
   "type": "Feature",
   "properties": {
    "id": "63",
    "r0": 18,
    "c0": 154,
    "r1": 28,
    "c1": 172
   },
   "geometry": {
    "type": "Polygon",
    "coordinates": [
     [
      [
       154,
       18
      ],
      [
       173,
       18
      ],
      [
       173,
       29
      ],
      [
       154,
       29
      ],
      [
       154,
       18
      ]
     ]
    ]
   }
  },
  {
   "type": "Feature",
   "properties": {
    "id": "63.72",
    "r0": 18,
    "c0": 154,
    "r1": 22,
    "c1": 154
   },
   "geometry": {
    "type": "Polygon",
    "coordinates": [
     [
      [
       154,
       18
      ],
      [
       155,
       18
      ],
      [
       155,
       23
      ],
      [
       154,
       23
      ],
      [
       154,
       18
      ]
     ]
    ]
   }
  },
  {
   "type": "Feature",
   "properties": {
    "id": "63.04",
    "r0": 18,
    "c0": 155,
    "r1": 22,
    "c1": 159
   },
   "geometry": {
    "type": "Polygon",
    "coordinates": [
     [
      [
       155,
       18
      ],
      [
       160,
       18
      ],
      [
       160,
       23
      ],
      [
       155,
       23
      ],
      [
       155,
       18
      ]
     ]
    ]
   }
  },
  {
   "type": "Feature",
   "properties": {
    "id": "63.10",
    "r0": 18,
    "c0": 160,
    "r1": 22,
    "c1": 162
   },
   "geometry": {
    "type": "Polygon",
    "coordinates": [
     [
      [
       160,
       18
      ],
      [
       163,
       18
      ],
      [
       163,
       23
      ],
      [
       160,
       23
      ],
      [
       160,
       18
      ]
     ]
    ]
   }
  },
  {
   "type": "Feature",
   "properties": {
    "id": "63.09",
    "r0": 23,
    "c0": 154,
    "r1": 28,
    "c1": 156
   },
   "geometry": {
    "type": "Polygon",
    "coordinates": [
     [
      [
       154,
       23
      ],
      [
       157,
       23
      ],
      [
       157,
       29
      ],
      [
       154,
       29
      ],
      [
       154,
       23
      ]
     ]
    ]
   }
  },
  {
   "type": "Feature",
   "properties": {
    "id": "63.03",
    "r0": 23,
    "c0": 157,
    "r1": 28,
    "c1": 160
   },
   "geometry": {
    "type": "Polygon",
    "coordinates": [
     [
      [
       157,
       23
      ],
      [
       161,
       23
      ],
      [
       161,
       29
      ],
      [
       157,
       29
      ],
      [
       157,
       23
      ]
     ]
    ]
   }
  },
  {
   "type": "Feature",
   "properties": {
    "id": "63.11",
    "r0": 23,
    "c0": 161,
    "r1": 28,
    "c1": 162
   },
   "geometry": {
    "type": "Polygon",
    "coordinates": [
     [
      [
       161,
       23
      ],
      [
       163,
       23
      ],
      [
       163,
       29
      ],
      [
       161,
       29
      ],
      [
       161,
       23
      ]
     ]
    ]
   }
  },
  {
   "type": "Feature",
   "properties": {
    "id": "63.01",
    "r0": 18,
    "c0": 163,
    "r1": 22,
    "c1": 165
   },
   "geometry": {
    "type": "Polygon",
    "coordinates": [
     [
      [
       163,
       18
      ],
      [
       166,
       18
      ],
      [
       166,
       23
      ],
      [
       163,
       23
      ],
      [
       163,
       18
      ]
     ]
    ]
   }
  },
  {
   "type": "Feature",
   "properties": {
    "id": "63.07",
    "r0": 18,
    "c0": 166,
    "r1": 22,
    "c1": 168
   },
   "geometry": {
    "type": "Polygon",
    "coordinates": [
     [
      [
       166,
       18
      ],
      [
       169,
       18
      ],
      [
       169,
       23
      ],
      [
       166,
       23
      ],
      [
       166,
       18
      ]
     ]
    ]
   }
  },
  {
   "type": "Feature",
   "properties": {
    "id": "63.71",
    "r0": 18,
    "c0": 169,
    "r1": 19,
    "c1": 172
   },
   "geometry": {
    "type": "Polygon",
    "coordinates": [
     [
      [
       169,
       18
      ],
      [
       173,
       18
      ],
      [
       173,
       20
      ],
      [
       169,
       20
      ],
      [
       169,
       18
      ]
     ]
    ]
   }
  },
  {
   "type": "Feature",
   "properties": {
    "id": "63.08",
    "r0": 20,
    "c0": 169,
    "r1": 22,
    "c1": 172
   },
   "geometry": {
    "type": "Polygon",
    "coordinates": [
     [
      [
       169,
       20
      ],
      [
       173,
       20
      ],
      [
       173,
       23
      ],
      [
       169,
       23
      ],
      [
       169,
       20
      ]
     ]
    ]
   }
  },
  {
   "type": "Feature",
   "properties": {
    "id": "63.02",
    "r0": 23,
    "c0": 163,
    "r1": 28,
    "c1": 167
   },
   "geometry": {
    "type": "Polygon",
    "coordinates": [
     [
      [
       163,
       23
      ],
      [
       168,
       23
      ],
      [
       168,
       29
      ],
      [
       163,
       29
      ],
      [
       163,
       23
      ]
     ]
    ]
   }
  },
  {
   "type": "Feature",
   "properties": {
    "id": "63.05",
    "r0": 23,
    "c0": 168,
    "r1": 25,
    "c1": 172
   },
   "geometry": {
    "type": "Polygon",
    "coordinates": [
     [
      [
       168,
       23
      ],
      [
       173,
       23
      ],
      [
       173,
       26
      ],
      [
       168,
       26
      ],
      [
       168,
       23
      ]
     ]
    ]
   }
  },
  {
   "type": "Feature",
   "properties": {
    "id": "63.06",
    "r0": 26,
    "c0": 168,
    "r1": 28,
    "c1": 172
   },
   "geometry": {
    "type": "Polygon",
    "coordinates": [
     [
      [
       168,
       26
      ],
      [
       173,
       26
      ],
      [
       173,
       29
      ],
      [
       168,
       29
      ],
      [
       168,
       26
      ]
     ]
    ]
   }
  },
  {
   "type": "Feature",
   "properties": {
    "id": "31",
    "r0": 29,
    "c0": 136,
    "r1": 36,
    "c1": 142
   },
   "geometry": {
    "type": "Polygon",
    "coordinates": [
     [
      [
       136,
       29
      ],
      [
       143,
       29
      ],
      [
       143,
       37
      ],
      [
       136,
       37
      ],
      [
       136,
       29
      ]
     ]
    ]
   }
  },
  {
   "type": "Feature",
   "properties": {
    "id": "31.73",
    "r0": 29,
    "c0": 136,
    "r1": 31,
    "c1": 138
   },
   "geometry": {
    "type": "Polygon",
    "coordinates": [
     [
      [
       136,
       29
      ],
      [
       139,
       29
      ],
      [
       139,
       32
      ],
      [
       136,
       32
      ],
      [
       136,
       29
      ]
     ]
    ]
   }
  },
  {
   "type": "Feature",
   "properties": {
    "id": "31.01",
    "r0": 32,
    "c0": 136,
    "r1": 32,
    "c1": 138
   },
   "geometry": {
    "type": "Polygon",
    "coordinates": [
     [
      [
       136,
       32
      ],
      [
       139,
       32
      ],
      [
       139,
       33
      ],
      [
       136,
       33
      ],
      [
       136,
       32
      ]
     ]
    ]
   }
  },
  {
   "type": "Feature",
   "properties": {
    "id": "31.74",
    "r0": 29,
    "c0": 139,
    "r1": 32,
    "c1": 142
   },
   "geometry": {
    "type": "Polygon",
    "coordinates": [
     [
      [
       139,
       29
      ],
      [
       143,
       29
      ],
      [
       143,
       33
      ],
      [
       139,
       33
      ],
      [
       139,
       29
      ]
     ]
    ]
   }
  },
  {
   "type": "Feature",
   "properties": {
    "id": "31.71",
    "r0": 33,
    "c0": 136,
    "r1": 36,
    "c1": 137
   },
   "geometry": {
    "type": "Polygon",
    "coordinates": [
     [
      [
       136,
       33
      ],
      [
       138,
       33
      ],
      [
       138,
       37
      ],
      [
       136,
       37
      ],
      [
       136,
       33
      ]
     ]
    ]
   }
  },
  {
   "type": "Feature",
   "properties": {
    "id": "31.72",
    "r0": 33,
    "c0": 138,
    "r1": 36,
    "c1": 139
   },
   "geometry": {
    "type": "Polygon",
    "coordinates": [
     [
      [
       138,
       33
      ],
      [
       140,
       33
      ],
      [
       140,
       37
      ],
      [
       138,
       37
      ],
      [
       138,
       33
      ]
     ]
    ]
   }
  },
  {
   "type": "Feature",
   "properties": {
    "id": "31.75",
    "r0": 33,
    "c0": 140,
    "r1": 36,
    "c1": 142
   },
   "geometry": {
    "type": "Polygon",
    "coordinates": [
     [
      [
       140,
       33
      ],
      [
       143,
       33
      ],
      [
       143,
       37
      ],
      [
       140,
       37
      ],
      [
       140,
       33
      ]
     ]
    ]
   }
  },
  {
   "type": "Feature",
   "properties": {
    "id": "21",
    "r0": 29,
    "c0": 143,
    "r1": 36,
    "c1": 154
   },
   "geometry": {
    "type": "Polygon",
    "coordinates": [
     [
      [
       143,
       29
      ],
      [
       155,
       29
      ],
      [
       155,
       37
      ],
      [
       143,
       37
      ],
      [
       143,
       29
      ]
     ]
    ]
   }
  },
  {
   "type": "Feature",
   "properties": {
    "id": "21.04",
    "r0": 29,
    "c0": 143,
    "r1": 31,
    "c1": 148
   },
   "geometry": {
    "type": "Polygon",
    "coordinates": [
     [
      [
       143,
       29
      ],
      [
       149,
       29
      ],
      [
       149,
       32
      ],
      [
       143,
       32
      ],
      [
       143,
       29
      ]
     ]
    ]
   }
  },
  {
   "type": "Feature",
   "properties": {
    "id": "21.05",
    "r0": 32,
    "c0": 143,
    "r1": 36,
    "c1": 145
   },
   "geometry": {
    "type": "Polygon",
    "coordinates": [
     [
      [
       143,
       32
      ],
      [
       146,
       32
      ],
      [
       146,
       37
      ],
      [
       143,
       37
      ],
      [
       143,
       32
      ]
     ]
    ]
   }
  },
  {
   "type": "Feature",
   "properties": {
    "id": "21.02",
    "r0": 32,
    "c0": 146,
    "r1": 36,
    "c1": 148
   },
   "geometry": {
    "type": "Polygon",
    "coordinates": [
     [
      [
       146,
       32
      ],
      [
       149,
       32
      ],
      [
       149,
       37
      ],
      [
       146,
       37
      ],
      [
       146,
       32
      ]
     ]
    ]
   }
  },
  {
   "type": "Feature",
   "properties": {
    "id": "21.71",
    "r0": 29,
    "c0": 149,
    "r1": 31,
    "c1": 152
   },
   "geometry": {
    "type": "Polygon",
    "coordinates": [
     [
      [
       149,
       29
      ],
      [
       153,
       29
      ],
      [
       153,
       32
      ],
      [
       149,
       32
      ],
      [
       149,
       29
      ]
     ]
    ]
   }
  },
  {
   "type": "Feature",
   "properties": {
    "id": "21.72",
    "r0": 29,
    "c0": 153,
    "r1": 31,
    "c1": 154
   },
   "geometry": {
    "type": "Polygon",
    "coordinates": [
     [
      [
       153,
       29
      ],
      [
       155,
       29
      ],
      [
       155,
       32
      ],
      [
       153,
       32
      ],
      [
       153,
       29
      ]
     ]
    ]
   }
  },
  {
   "type": "Feature",
   "properties": {
    "id": "21.03",
    "r0": 32,
    "c0": 149,
    "r1": 36,
    "c1": 152
   },
   "geometry": {
    "type": "Polygon",
    "coordinates": [
     [
      [
       149,
       32
      ],
      [
       153,
       32
      ],
      [
       153,
       37
      ],
      [
       149,
       37
      ],
      [
       149,
       32
      ]
     ]
    ]
   }
  },
  {
   "type": "Feature",
   "properties": {
    "id": "21.01",
    "r0": 32,
    "c0": 153,
    "r1": 36,
    "c1": 154
   },
   "geometry": {
    "type": "Polygon",
    "coordinates": [
     [
      [
       153,
       32
      ],
      [
       155,
       32
      ],
      [
       155,
       37
      ],
      [
       153,
       37
      ],
      [
       153,
       32
      ]
     ]
    ]
   }
  },
  {
   "type": "Feature",
   "properties": {
    "id": "74",
    "r0": 37,
    "c0": 136,
    "r1": 52,
    "c1": 154
   },
   "geometry": {
    "type": "Polygon",
    "coordinates": [
     [
      [
       136,
       37
      ],
      [
       155,
       37
      ],
      [
       155,
       53
      ],
      [
       136,
       53
      ],
      [
       136,
       37
      ]
     ]
    ]
   }
  },
  {
   "type": "Feature",
   "properties": {
    "id": "74.72",
    "r0": 37,
    "c0": 136,
    "r1": 39,
    "c1": 139
   },
   "geometry": {
    "type": "Polygon",
    "coordinates": [
     [
      [
       136,
       37
      ],
      [
       140,
       37
      ],
      [
       140,
       40
      ],
      [
       136,
       40
      ],
      [
       136,
       37
      ]
     ]
    ]
   }
  },
  {
   "type": "Feature",
   "properties": {
    "id": "74.09",
    "r0": 40,
    "c0": 136,
    "r1": 43,
    "c1": 139
   },
   "geometry": {
    "type": "Polygon",
    "coordinates": [
     [
      [
       136,
       40
      ],
      [
       140,
       40
      ],
      [
       140,
       44
      ],
      [
       136,
       44
      ],
      [
       136,
       40
      ]
     ]
    ]
   }
  },
  {
   "type": "Feature",
   "properties": {
    "id": "74.03",
    "r0": 37,
    "c0": 140,
    "r1": 41,
    "c1": 144
   },
   "geometry": {
    "type": "Polygon",
    "coordinates": [
     [
      [
       140,
       37
      ],
      [
       145,
       37
      ],
      [
       145,
       42
      ],
      [
       140,
       42
      ],
      [
       140,
       37
      ]
     ]
    ]
   }
  },
  {
   "type": "Feature",
   "properties": {
    "id": "74.10",
    "r0": 42,
    "c0": 140,
    "r1": 43,
    "c1": 144
   },
   "geometry": {
    "type": "Polygon",
    "coordinates": [
     [
      [
       140,
       42
      ],
      [
       145,
       42
      ],
      [
       145,
       44
      ],
      [
       140,
       44
      ],
      [
       140,
       42
      ]
     ]
    ]
   }
  },
  {
   "type": "Feature",
   "properties": {
    "id": "74.13",
    "r0": 44,
    "c0": 136,
    "r1": 48,
    "c1": 138
   },
   "geometry": {
    "type": "Polygon",
    "coordinates": [
     [
      [
       136,
       44
      ],
      [
       139,
       44
      ],
      [
       139,
       49
      ],
      [
       136,
       49
      ],
      [
       136,
       44
      ]
     ]
    ]
   }
  },
  {
   "type": "Feature",
   "properties": {
    "id": "74.04",
    "r0": 44,
    "c0": 139,
    "r1": 48,
    "c1": 140
   },
   "geometry": {
    "type": "Polygon",
    "coordinates": [
     [
      [
       139,
       44
      ],
      [
       141,
       44
      ],
      [
       141,
       49
      ],
      [
       139,
       49
      ],
      [
       139,
       44
      ]
     ]
    ]
   }
  },
  {
   "type": "Feature",
   "properties": {
    "id": "74.11",
    "r0": 49,
    "c0": 136,
    "r1": 52,
    "c1": 140
   },
   "geometry": {
    "type": "Polygon",
    "coordinates": [
     [
      [
       136,
       49
      ],
      [
       141,
       49
      ],
      [
       141,
       53
      ],
      [
       136,
       53
      ],
      [
       136,
       49
      ]
     ]
    ]
   }
  },
  {
   "type": "Feature",
   "properties": {
    "id": "74.01",
    "r0": 44,
    "c0": 141,
    "r1": 47,
    "c1": 144
   },
   "geometry": {
    "type": "Polygon",
    "coordinates": [
     [
      [
       141,
       44
      ],
      [
       145,
       44
      ],
      [
       145,
       48
      ],
      [
       141,
       48
      ],
      [
       141,
       44
      ]
     ]
    ]
   }
  },
  {
   "type": "Feature",
   "properties": {
    "id": "74.14",
    "r0": 48,
    "c0": 141,
    "r1": 49,
    "c1": 144
   },
   "geometry": {
    "type": "Polygon",
    "coordinates": [
     [
      [
       141,
       48
      ],
      [
       145,
       48
      ],
      [
       145,
       50
      ],
      [
       141,
       50
      ],
      [
       141,
       48
      ]
     ]
    ]
   }
  },
  {
   "type": "Feature",
   "properties": {
    "id": "74.07",
    "r0": 50,
    "c0": 141,
    "r1": 52,
    "c1": 144
   },
   "geometry": {
    "type": "Polygon",
    "coordinates": [
     [
      [
       141,
       50
      ],
      [
       145,
       50
      ],
      [
       145,
       53
      ],
      [
       141,
       53
      ],
      [
       141,
       50
      ]
     ]
    ]
   }
  },
  {
   "type": "Feature",
   "properties": {
    "id": "74.71",
    "r0": 37,
    "c0": 145,
    "r1": 38,
    "c1": 150
   },
   "geometry": {
    "type": "Polygon",
    "coordinates": [
     [
      [
       145,
       37
      ],
      [
       151,
       37
      ],
      [
       151,
       39
      ],
      [
       145,
       39
      ],
      [
       145,
       37
      ]
     ]
    ]
   }
  },
  {
   "type": "Feature",
   "properties": {
    "id": "74.02",
    "r0": 39,
    "c0": 145,
    "r1": 44,
    "c1": 150
   },
   "geometry": {
    "type": "Polygon",
    "coordinates": [
     [
      [
       145,
       39
      ],
      [
       151,
       39
      ],
      [
       151,
       45
      ],
      [
       145,
       45
      ],
      [
       145,
       39
      ]
     ]
    ]
   }
  },
  {
   "type": "Feature",
   "properties": {
    "id": "74.08",
    "r0": 37,
    "c0": 151,
    "r1": 41,
    "c1": 154
   },
   "geometry": {
    "type": "Polygon",
    "coordinates": [
     [
      [
       151,
       37
      ],
      [
       155,
       37
      ],
      [
       155,
       42
      ],
      [
       151,
       42
      ],
      [
       151,
       37
      ]
     ]
    ]
   }
  },
  {
   "type": "Feature",
   "properties": {
    "id": "74.12",
    "r0": 42,
    "c0": 151,
    "r1": 44,
    "c1": 154
   },
   "geometry": {
    "type": "Polygon",
    "coordinates": [
     [
      [
       151,
       42
      ],
      [
       155,
       42
      ],
      [
       155,
       45
      ],
      [
       151,
       45
      ],
      [
       151,
       42
      ]
     ]
    ]
   }
  },
  {
   "type": "Feature",
   "properties": {
    "id": "74.05",
    "r0": 45,
    "c0": 145,
    "r1": 52,
    "c1": 149
   },
   "geometry": {
    "type": "Polygon",
    "coordinates": [
     [
      [
       145,
       45
      ],
      [
       150,
       45
      ],
      [
       150,
       53
      ],
      [
       145,
       53
      ],
      [
       145,
       45
      ]
     ]
    ]
   }
  },
  {
   "type": "Feature",
   "properties": {
    "id": "74.06",
    "r0": 45,
    "c0": 150,
    "r1": 50,
    "c1": 154
   },
   "geometry": {
    "type": "Polygon",
    "coordinates": [
     [
      [
       150,
       45
      ],
      [
       155,
       45
      ],
      [
       155,
       51
      ],
      [
       150,
       51
      ],
      [
       150,
       45
      ]
     ]
    ]
   }
  },
  {
   "type": "Feature",
   "properties": {
    "id": "74.15",
    "r0": 51,
    "c0": 150,
    "r1": 52,
    "c1": 154
   },
   "geometry": {
    "type": "Polygon",
    "coordinates": [
     [
      [
       150,
       51
      ],
      [
       155,
       51
      ],
      [
       155,
       53
      ],
      [
       150,
       53
      ],
      [
       150,
       51
      ]
     ]
    ]
   }
  },
  {
   "type": "Feature",
   "properties": {
    "id": "51",
    "r0": 53,
    "c0": 136,
    "r1": 56,
    "c1": 154
   },
   "geometry": {
    "type": "Polygon",
    "coordinates": [
     [
      [
       136,
       53
      ],
      [
       155,
       53
      ],
      [
       155,
       57
      ],
      [
       136,
       57
      ],
      [
       136,
       53
      ]
     ]
    ]
   }
  },
  {
   "type": "Feature",
   "properties": {
    "id": "51.02",
    "r0": 53,
    "c0": 136,
    "r1": 56,
    "c1": 139
   },
   "geometry": {
    "type": "Polygon",
    "coordinates": [
     [
      [
       136,
       53
      ],
      [
       140,
       53
      ],
      [
       140,
       57
      ],
      [
       136,
       57
      ],
      [
       136,
       53
      ]
     ]
    ]
   }
  },
  {
   "type": "Feature",
   "properties": {
    "id": "51.03",
    "r0": 53,
    "c0": 140,
    "r1": 56,
    "c1": 141
   },
   "geometry": {
    "type": "Polygon",
    "coordinates": [
     [
      [
       140,
       53
      ],
      [
       142,
       53
      ],
      [
       142,
       57
      ],
      [
       140,
       57
      ],
      [
       140,
       53
      ]
     ]
    ]
   }
  },
  {
   "type": "Feature",
   "properties": {
    "id": "51.71",
    "r0": 53,
    "c0": 142,
    "r1": 56,
    "c1": 142
   },
   "geometry": {
    "type": "Polygon",
    "coordinates": [
     [
      [
       142,
       53
      ],
      [
       143,
       53
      ],
      [
       143,
       57
      ],
      [
       142,
       57
      ],
      [
       142,
       53
      ]
     ]
    ]
   }
  },
  {
   "type": "Feature",
   "properties": {
    "id": "51.08",
    "r0": 53,
    "c0": 143,
    "r1": 56,
    "c1": 145
   },
   "geometry": {
    "type": "Polygon",
    "coordinates": [
     [
      [
       143,
       53
      ],
      [
       146,
       53
      ],
      [
       146,
       57
      ],
      [
       143,
       57
      ],
      [
       143,
       53
      ]
     ]
    ]
   }
  },
  {
   "type": "Feature",
   "properties": {
    "id": "51.01",
    "r0": 53,
    "c0": 146,
    "r1": 54,
    "c1": 148
   },
   "geometry": {
    "type": "Polygon",
    "coordinates": [
     [
      [
       146,
       53
      ],
      [
       149,
       53
      ],
      [
       149,
       55
      ],
      [
       146,
       55
      ],
      [
       146,
       53
      ]
     ]
    ]
   }
  },
  {
   "type": "Feature",
   "properties": {
    "id": "51.06",
    "r0": 55,
    "c0": 146,
    "r1": 56,
    "c1": 148
   },
   "geometry": {
    "type": "Polygon",
    "coordinates": [
     [
      [
       146,
       55
      ],
      [
       149,
       55
      ],
      [
       149,
       57
      ],
      [
       146,
       57
      ],
      [
       146,
       55
      ]
     ]
    ]
   }
  },
  {
   "type": "Feature",
   "properties": {
    "id": "51.04",
    "r0": 53,
    "c0": 149,
    "r1": 56,
    "c1": 150
   },
   "geometry": {
    "type": "Polygon",
    "coordinates": [
     [
      [
       149,
       53
      ],
      [
       151,
       53
      ],
      [
       151,
       57
      ],
      [
       149,
       57
      ],
      [
       149,
       53
      ]
     ]
    ]
   }
  },
  {
   "type": "Feature",
   "properties": {
    "id": "51.07",
    "r0": 53,
    "c0": 151,
    "r1": 56,
    "c1": 153
   },
   "geometry": {
    "type": "Polygon",
    "coordinates": [
     [
      [
       151,
       53
      ],
      [
       154,
       53
      ],
      [
       154,
       57
      ],
      [
       151,
       57
      ],
      [
       151,
       53
      ]
     ]
    ]
   }
  },
  {
   "type": "Feature",
   "properties": {
    "id": "51.05",
    "r0": 53,
    "c0": 154,
    "r1": 56,
    "c1": 154
   },
   "geometry": {
    "type": "Polygon",
    "coordinates": [
     [
      [
       154,
       53
      ],
      [
       155,
       53
      ],
      [
       155,
       57
      ],
      [
       154,
       57
      ],
      [
       154,
       53
      ]
     ]
    ]
   }
  },
  {
   "type": "Feature",
   "properties": {
    "id": "81",
    "r0": 29,
    "c0": 155,
    "r1": 46,
    "c1": 163
   },
   "geometry": {
    "type": "Polygon",
    "coordinates": [
     [
      [
       155,
       29
      ],
      [
       164,
       29
      ],
      [
       164,
       47
      ],
      [
       155,
       47
      ],
      [
       155,
       29
      ]
     ]
    ]
   }
  },
  {
   "type": "Feature",
   "properties": {
    "id": "81.06",
    "r0": 29,
    "c0": 155,
    "r1": 31,
    "c1": 159
   },
   "geometry": {
    "type": "Polygon",
    "coordinates": [
     [
      [
       155,
       29
      ],
      [
       160,
       29
      ],
      [
       160,
       32
      ],
      [
       155,
       32
      ],
      [
       155,
       29
      ]
     ]
    ]
   }
  },
  {
   "type": "Feature",
   "properties": {
    "id": "81.07",
    "r0": 32,
    "c0": 155,
    "r1": 34,
    "c1": 159
   },
   "geometry": {
    "type": "Polygon",
    "coordinates": [
     [
      [
       155,
       32
      ],
      [
       160,
       32
      ],
      [
       160,
       35
      ],
      [
       155,
       35
      ],
      [
       155,
       32
      ]
     ]
    ]
   }
  },
  {
   "type": "Feature",
   "properties": {
    "id": "81.04",
    "r0": 35,
    "c0": 155,
    "r1": 37,
    "c1": 159
   },
   "geometry": {
    "type": "Polygon",
    "coordinates": [
     [
      [
       155,
       35
      ],
      [
       160,
       35
      ],
      [
       160,
       38
      ],
      [
       155,
       38
      ],
      [
       155,
       35
      ]
     ]
    ]
   }
  },
  {
   "type": "Feature",
   "properties": {
    "id": "81.01",
    "r0": 29,
    "c0": 160,
    "r1": 34,
    "c1": 163
   },
   "geometry": {
    "type": "Polygon",
    "coordinates": [
     [
      [
       160,
       29
      ],
      [
       164,
       29
      ],
      [
       164,
       35
      ],
      [
       160,
       35
      ],
      [
       160,
       29
      ]
     ]
    ]
   }
  },
  {
   "type": "Feature",
   "properties": {
    "id": "81.02",
    "r0": 35,
    "c0": 160,
    "r1": 37,
    "c1": 163
   },
   "geometry": {
    "type": "Polygon",
    "coordinates": [
     [
      [
       160,
       35
      ],
      [
       164,
       35
      ],
      [
       164,
       38
      ],
      [
       160,
       38
      ],
      [
       160,
       35
      ]
     ]
    ]
   }
  },
  {
   "type": "Feature",
   "properties": {
    "id": "81.05",
    "r0": 38,
    "c0": 155,
    "r1": 41,
    "c1": 159
   },
   "geometry": {
    "type": "Polygon",
    "coordinates": [
     [
      [
       155,
       38
      ],
      [
       160,
       38
      ],
      [
       160,
       42
      ],
      [
       155,
       42
      ],
      [
       155,
       38
      ]
     ]
    ]
   }
  },
  {
   "type": "Feature",
   "properties": {
    "id": "81.08",
    "r0": 42,
    "c0": 155,
    "r1": 46,
    "c1": 159
   },
   "geometry": {
    "type": "Polygon",
    "coordinates": [
     [
      [
       155,
       42
      ],
      [
       160,
       42
      ],
      [
       160,
       47
      ],
      [
       155,
       47
      ],
      [
       155,
       42
      ]
     ]
    ]
   }
  },
  {
   "type": "Feature",
   "properties": {
    "id": "81.72",
    "r0": 38,
    "c0": 160,
    "r1": 41,
    "c1": 161
   },
   "geometry": {
    "type": "Polygon",
    "coordinates": [
     [
      [
       160,
       38
      ],
      [
       162,
       38
      ],
      [
       162,
       42
      ],
      [
       160,
       42
      ],
      [
       160,
       38
      ]
     ]
    ]
   }
  },
  {
   "type": "Feature",
   "properties": {
    "id": "81.71",
    "r0": 38,
    "c0": 162,
    "r1": 41,
    "c1": 163
   },
   "geometry": {
    "type": "Polygon",
    "coordinates": [
     [
      [
       162,
       38
      ],
      [
       164,
       38
      ],
      [
       164,
       42
      ],
      [
       162,
       42
      ],
      [
       162,
       38
      ]
     ]
    ]
   }
  },
  {
   "type": "Feature",
   "properties": {
    "id": "81.09",
    "r0": 42,
    "c0": 160,
    "r1": 43,
    "c1": 163
   },
   "geometry": {
    "type": "Polygon",
    "coordinates": [
     [
      [
       160,
       42
      ],
      [
       164,
       42
      ],
      [
       164,
       44
      ],
      [
       160,
       44
      ],
      [
       160,
       42
      ]
     ]
    ]
   }
  },
  {
   "type": "Feature",
   "properties": {
    "id": "81.03",
    "r0": 44,
    "c0": 160,
    "r1": 46,
    "c1": 163
   },
   "geometry": {
    "type": "Polygon",
    "coordinates": [
     [
      [
       160,
       44
      ],
      [
       164,
       44
      ],
      [
       164,
       47
      ],
      [
       160,
       47
      ],
      [
       160,
       44
      ]
     ]
    ]
   }
  },
  {
   "type": "Feature",
   "properties": {
    "id": "64",
    "r0": 29,
    "c0": 164,
    "r1": 46,
    "c1": 172
   },
   "geometry": {
    "type": "Polygon",
    "coordinates": [
     [
      [
       164,
       29
      ],
      [
       173,
       29
      ],
      [
       173,
       47
      ],
      [
       164,
       47
      ],
      [
       164,
       29
      ]
     ]
    ]
   }
  },
  {
   "type": "Feature",
   "properties": {
    "id": "64.11",
    "r0": 29,
    "c0": 164,
    "r1": 30,
    "c1": 166
   },
   "geometry": {
    "type": "Polygon",
    "coordinates": [
     [
      [
       164,
       29
      ],
      [
       167,
       29
      ],
      [
       167,
       31
      ],
      [
       164,
       31
      ],
      [
       164,
       29
      ]
     ]
    ]
   }
  },
  {
   "type": "Feature",
   "properties": {
    "id": "64.01",
    "r0": 31,
    "c0": 164,
    "r1": 35,
    "c1": 166
   },
   "geometry": {
    "type": "Polygon",
    "coordinates": [
     [
      [
       164,
       31
      ],
      [
       167,
       31
      ],
      [
       167,
       36
      ],
      [
       164,
       36
      ],
      [
       164,
       31
      ]
     ]
    ]
   }
  },
  {
   "type": "Feature",
   "properties": {
    "id": "64.74",
    "r0": 36,
    "c0": 164,
    "r1": 36,
    "c1": 166
   },
   "geometry": {
    "type": "Polygon",
    "coordinates": [
     [
      [
       164,
       36
      ],
      [
       167,
       36
      ],
      [
       167,
       37
      ],
      [
       164,
       37
      ],
      [
       164,
       36
      ]
     ]
    ]
   }
  },
  {
   "type": "Feature",
   "properties": {
    "id": "64.02",
    "r0": 29,
    "c0": 167,
    "r1": 33,
    "c1": 172
   },
   "geometry": {
    "type": "Polygon",
    "coordinates": [
     [
      [
       167,
       29
      ],
      [
       173,
       29
      ],
      [
       173,
       34
      ],
      [
       167,
       34
      ],
      [
       167,
       29
      ]
     ]
    ]
   }
  },
  {
   "type": "Feature",
   "properties": {
    "id": "64.72",
    "r0": 34,
    "c0": 167,
    "r1": 36,
    "c1": 172
   },
   "geometry": {
    "type": "Polygon",
    "coordinates": [
     [
      [
       167,
       34
      ],
      [
       173,
       34
      ],
      [
       173,
       37
      ],
      [
       167,
       37
      ],
      [
       167,
       34
      ]
     ]
    ]
   }
  },
  {
   "type": "Feature",
   "properties": {
    "id": "64.08",
    "r0": 37,
    "c0": 164,
    "r1": 40,
    "c1": 169
   },
   "geometry": {
    "type": "Polygon",
    "coordinates": [
     [
      [
       164,
       37
      ],
      [
       170,
       37
      ],
      [
       170,
       41
      ],
      [
       164,
       41
      ],
      [
       164,
       37
      ]
     ]
    ]
   }
  },
  {
   "type": "Feature",
   "properties": {
    "id": "64.--",
    "r0": 37,
    "c0": 170,
    "r1": 37,
    "c1": 172
   },
   "geometry": {
    "type": "Polygon",
    "coordinates": [
     [
      [
       170,
       37
      ],
      [
       173,
       37
      ],
      [
       173,
       38
      ],
      [
       170,
       38
      ],
      [
       170,
       37
      ]
     ]
    ]
   }
  },
  {
   "type": "Feature",
   "properties": {
    "id": "64.71",
    "r0": 38,
    "c0": 170,
    "r1": 40,
    "c1": 172
   },
   "geometry": {
    "type": "Polygon",
    "coordinates": [
     [
      [
       170,
       38
      ],
      [
       173,
       38
      ],
      [
       173,
       41
      ],
      [
       170,
       41
      ],
      [
       170,
       38
      ]
     ]
    ]
   }
  },
  {
   "type": "Feature",
   "properties": {
    "id": "64.03",
    "r0": 41,
    "c0": 164,
    "r1": 45,
    "c1": 168
   },
   "geometry": {
    "type": "Polygon",
    "coordinates": [
     [
      [
       164,
       41
      ],
      [
       169,
       41
      ],
      [
       169,
       46
      ],
      [
       164,
       46
      ],
      [
       164,
       41
      ]
     ]
    ]
   }
  },
  {
   "type": "Feature",
   "properties": {
    "id": "64.09",
    "r0": 46,
    "c0": 164,
    "r1": 46,
    "c1": 168
   },
   "geometry": {
    "type": "Polygon",
    "coordinates": [
     [
      [
       164,
       46
      ],
      [
       169,
       46
      ],
      [
       169,
       47
      ],
      [
       164,
       47
      ],
      [
       164,
       46
      ]
     ]
    ]
   }
  },
  {
   "type": "Feature",
   "properties": {
    "id": "64.07",
    "r0": 41,
    "c0": 169,
    "r1": 46,
    "c1": 172
   },
   "geometry": {
    "type": "Polygon",
    "coordinates": [
     [
      [
       169,
       41
      ],
      [
       173,
       41
      ],
      [
       173,
       47
      ],
      [
       169,
       47
      ],
      [
       169,
       41
      ]
     ]
    ]
   }
  },
  {
   "type": "Feature",
   "properties": {
    "id": "34",
    "r0": 47,
    "c0": 155,
    "r1": 56,
    "c1": 165
   },
   "geometry": {
    "type": "Polygon",
    "coordinates": [
     [
      [
       155,
       47
      ],
      [
       166,
       47
      ],
      [
       166,
       57
      ],
      [
       155,
       57
      ],
      [
       155,
       47
      ]
     ]
    ]
   }
  },
  {
   "type": "Feature",
   "properties": {
    "id": "34.02",
    "r0": 47,
    "c0": 155,
    "r1": 51,
    "c1": 159
   },
   "geometry": {
    "type": "Polygon",
    "coordinates": [
     [
      [
       155,
       47
      ],
      [
       160,
       47
      ],
      [
       160,
       52
      ],
      [
       155,
       52
      ],
      [
       155,
       47
      ]
     ]
    ]
   }
  },
  {
   "type": "Feature",
   "properties": {
    "id": "34.03",
    "r0": 52,
    "c0": 155,
    "r1": 56,
    "c1": 159
   },
   "geometry": {
    "type": "Polygon",
    "coordinates": [
     [
      [
       155,
       52
      ],
      [
       160,
       52
      ],
      [
       160,
       57
      ],
      [
       155,
       57
      ],
      [
       155,
       52
      ]
     ]
    ]
   }
  },
  {
   "type": "Feature",
   "properties": {
    "id": "34.71",
    "r0": 47,
    "c0": 160,
    "r1": 52,
    "c1": 162
   },
   "geometry": {
    "type": "Polygon",
    "coordinates": [
     [
      [
       160,
       47
      ],
      [
       163,
       47
      ],
      [
       163,
       53
      ],
      [
       160,
       53
      ],
      [
       160,
       47
      ]
     ]
    ]
   }
  },
  {
   "type": "Feature",
   "properties": {
    "id": "34.01",
    "r0": 47,
    "c0": 163,
    "r1": 52,
    "c1": 165
   },
   "geometry": {
    "type": "Polygon",
    "coordinates": [
     [
      [
       163,
       47
      ],
      [
       166,
       47
      ],
      [
       166,
       53
      ],
      [
       163,
       53
      ],
      [
       163,
       47
      ]
     ]
    ]
   }
  },
  {
   "type": "Feature",
   "properties": {
    "id": "34.04",
    "r0": 53,
    "c0": 160,
    "r1": 56,
    "c1": 165
   },
   "geometry": {
    "type": "Polygon",
    "coordinates": [
     [
      [
       160,
       53
      ],
      [
       166,
       53
      ],
      [
       166,
       57
      ],
      [
       160,
       57
      ],
      [
       160,
       53
      ]
     ]
    ]
   }
  },
  {
   "type": "Feature",
   "properties": {
    "id": "65",
    "r0": 47,
    "c0": 166,
    "r1": 56,
    "c1": 172
   },
   "geometry": {
    "type": "Polygon",
    "coordinates": [
     [
      [
       166,
       47
      ],
      [
       173,
       47
      ],
      [
       173,
       57
      ],
      [
       166,
       57
      ],
      [
       166,
       47
      ]
     ]
    ]
   }
  },
  {
   "type": "Feature",
   "properties": {
    "id": "65.04",
    "r0": 47,
    "c0": 166,
    "r1": 50,
    "c1": 167
   },
   "geometry": {
    "type": "Polygon",
    "coordinates": [
     [
      [
       166,
       47
      ],
      [
       168,
       47
      ],
      [
       168,
       51
      ],
      [
       166,
       51
      ],
      [
       166,
       47
      ]
     ]
    ]
   }
  },
  {
   "type": "Feature",
   "properties": {
    "id": "65.02",
    "r0": 47,
    "c0": 168,
    "r1": 50,
    "c1": 171
   },
   "geometry": {
    "type": "Polygon",
    "coordinates": [
     [
      [
       168,
       47
      ],
      [
       172,
       47
      ],
      [
       172,
       51
      ],
      [
       168,
       51
      ],
      [
       168,
       47
      ]
     ]
    ]
   }
  },
  {
   "type": "Feature",
   "properties": {
    "id": "65.71",
    "r0": 47,
    "c0": 172,
    "r1": 50,
    "c1": 172
   },
   "geometry": {
    "type": "Polygon",
    "coordinates": [
     [
      [
       172,
       47
      ],
      [
       173,
       47
      ],
      [
       173,
       51
      ],
      [
       172,
       51
      ],
      [
       172,
       47
      ]
     ]
    ]
   }
  },
  {
   "type": "Feature",
   "properties": {
    "id": "65.03",
    "r0": 51,
    "c0": 166,
    "r1": 56,
    "c1": 170
   },
   "geometry": {
    "type": "Polygon",
    "coordinates": [
     [
      [
       166,
       51
      ],
      [
       171,
       51
      ],
      [
       171,
       57
      ],
      [
       166,
       57
      ],
      [
       166,
       51
      ]
     ]
    ]
   }
  },
  {
   "type": "Feature",
   "properties": {
    "id": "65.01",
    "r0": 51,
    "c0": 171,
    "r1": 56,
    "c1": 172
   },
   "geometry": {
    "type": "Polygon",
    "coordinates": [
     [
      [
       171,
       51
      ],
      [
       173,
       51
      ],
      [
       173,
       57
      ],
      [
       171,
       57
      ],
      [
       171,
       51
      ]
     ]
    ]
   }
  }
 ]
}