{
 "type": "FeatureCollection",
 "features": [
  {
   "type": "Feature",
   "properties": {
    "id": "51",
    "r0": 0,
    "c0": 0,
    "r1": 29,
    "c1": 32
   },
   "geometry": {
    "type": "Polygon",
    "coordinates": [
     [
      [
       0,
       0
      ],
      [
       33,
       0
      ],
      [
       33,
       30
      ],
      [
       0,
       30
      ],
      [
       0,
       0
      ]
     ]
    ]
   }
  },
  {
   "type": "Feature",
   "properties": {
    "id": "51.05",
    "r0": 0,
    "c0": 0,
    "r1": 11,
    "c1": 6
   },
   "geometry": {
    "type": "Polygon",
    "coordinates": [
     [
      [
       0,
       0
      ],
      [
       7,
       0
      ],
      [
       7,
       12
      ],
      [
       0,
       12
      ],
      [
       0,
       0
      ]
     ]
    ]
   }
  },
  {
   "type": "Feature",
   "properties": {
    "id": "51.05.02",
    "r0": 0,
    "c0": 0,
    "r1": 5,
    "c1": 2
   },
   "geometry": {
    "type": "Polygon",
    "coordinates": [
     [
      [
       0,
       0
      ],
      [
       3,
       0
      ],
      [
       3,
       6
      ],
      [
       0,
       6
      ],
      [
       0,
       0
      ]
     ]
    ]
   }
  },
  {
   "type": "Feature",
   "properties": {
    "id": "51.05.03",
    "r0": 0,
    "c0": 3,
    "r1": 5,
    "c1": 6
   },
   "geometry": {
    "type": "Polygon",
    "coordinates": [
     [
      [
       3,
       0
      ],
      [
       7,
       0
      ],
      [
       7,
       6
      ],
      [
       3,
       6
      ],
      [
       3,
       0
      ]
     ]
    ]
   }
  },
  {
   "type": "Feature",
   "properties": {
    "id": "51.05.01",
    "r0": 6,
    "c0": 0,
    "r1": 11,
    "c1": 3
   },
   "geometry": {
    "type": "Polygon",
    "coordinates": [
     [
      [
       0,
       6
      ],
      [
       4,
       6
      ],
      [
       4,
       12
      ],
      [
       0,
       12
      ],
      [
       0,
       6
      ]
     ]
    ]
   }
  },
  {
   "type": "Feature",
   "properties": {
    "id": "51.05.04",
    "r0": 6,
    "c0": 4,
    "r1": 11,
    "c1": 6
   },
   "geometry": {
    "type": "Polygon",
    "coordinates": [
     [
      [
       4,
       6
      ],
      [
       7,
       6
      ],
      [
       7,
       12
      ],
      [
       4,
       12
      ],
      [
       4,
       6
      ]
     ]
    ]
   }
  },
  {
   "type": "Feature",
   "properties": {
    "id": "51.07",
    "r0": 0,
    "c0": 7,
    "r1": 11,
    "c1": 15
   },
   "geometry": {
    "type": "Polygon",
    "coordinates": [
     [
      [
       7,
       0
      ],
      [
       16,
       0
      ],
      [
       16,
       12
      ],
      [
       7,
       12
      ],
      [
       7,
       0
      ]
     ]
    ]
   }
  },
  {
   "type": "Feature",
   "properties": {
    "id": "51.07.05",
    "r0": 0,
    "c0": 7,
    "r1": 3,
    "c1": 11
   },
   "geometry": {
    "type": "Polygon",
    "coordinates": [
     [
      [
       7,
       0
      ],
      [
       12,
       0
      ],
      [
       12,
       4
      ],
      [
       7,
       4
      ],
      [
       7,
       0
      ]
     ]
    ]
   }
  },
  {
   "type": "Feature",
   "properties": {
    "id": "51.07.07",
    "r0": 4,
    "c0": 7,
    "r1": 6,
    "c1": 11
   },
   "geometry": {
    "type": "Polygon",
    "coordinates": [
     [
      [
       7,
       4
      ],
      [
       12,
       4
      ],
      [
       12,
       7
      ],
      [
       7,
       7
      ],
      [
       7,
       4
      ]
     ]
    ]
   }
  },
  {
   "type": "Feature",
   "properties": {
    "id": "51.07.03",
    "r0": 0,
    "c0": 12,
    "r1": 3,
    "c1": 15
   },
   "geometry": {
    "type": "Polygon",
    "coordinates": [
     [
      [
       12,
       0
      ],
      [
       16,
       0
      ],
      [
       16,
       4
      ],
      [
       12,
       4
      ],
      [
       12,
       0
      ]
     ]
    ]
   }
  },
  {
   "type": "Feature",
   "properties": {
    "id": "51.07.08",
    "r0": 4,
    "c0": 12,
    "r1": 6,
    "c1": 15
   },
   "geometry": {
    "type": "Polygon",
    "coordinates": [
     [
      [
       12,
       4
      ],
      [
       16,
       4
      ],
      [
       16,
       7
      ],
      [
       12,
       7
      ],
      [
       12,
       4
      ]
     ]
    ]
   }
  },
  {
   "type": "Feature",
   "properties": {
    "id": "51.07.06",
    "r0": 7,
    "c0": 7,
    "r1": 9,
    "c1": 10
   },
   "geometry": {
    "type": "Polygon",
    "coordinates": [
     [
      [
       7,
       7
      ],
      [
       11,
       7
      ],
      [
       11,
       10
      ],
      [
       7,
       10
      ],
      [
       7,
       7
      ]
     ]
    ]
   }
  },
  {
   "type": "Feature",
   "properties": {
    "id": "51.07.01",
    "r0": 10,
    "c0": 7,
    "r1": 11,
    "c1": 10
   },
   "geometry": {
    "type": "Polygon",
    "coordinates": [
     [
      [
       7,
       10
      ],
      [
       11,
       10
      ],
      [
       11,
       12
      ],
      [
       7,
       12
      ],
      [
       7,
       10
      ]
     ]
    ]
   }
  },
  {
   "type": "Feature",
   "properties": {
    "id": "51.07.04",
    "r0": 7,
    "c0": 11,
    "r1": 11,
    "c1": 13
   },
   "geometry": {
    "type": "Polygon",
    "coordinates": [
     [
      [
       11,
       7
      ],
      [
       14,
       7
      ],
      [
       14,
       12
      ],
      [
       11,
       12
      ],
      [
       11,
       7
      ]
     ]
    ]
   }
  },
  {
   "type": "Feature",
   "properties": {
    "id": "51.07.02",
    "r0": 7,
    "c0": 14,
    "r1": 11,
    "c1": 15
   },
   "geometry": {
    "type": "Polygon",
    "coordinates": [
     [
      [
       14,
       7
      ],
      [
       16,
       7
      ],
      [
       16,
       12
      ],
      [
       14,
       12
      ],
      [
       14,
       7
      ]
     ]
    ]
   }
  },
  {
   "type": "Feature",
   "properties": {
    "id": "51.06",
    "r0": 12,
    "c0": 0,
    "r1": 17,
    "c1": 15
   },
   "geometry": {
    "type": "Polygon",
    "coordinates": [
     [
      [
       0,
       12
      ],
      [
       16,
       12
      ],
      [
       16,
       18
      ],
      [
       0,
       18
      ],
      [
       0,
       12
      ]
     ]
    ]
   }
  },
  {
   "type": "Feature",
   "properties": {
    "id": "51.06.04",
    "r0": 12,
    "c0": 0,
    "r1": 17,
    "c1": 10
   },
   "geometry": {
    "type": "Polygon",
    "coordinates": [
     [
      [
       0,
       12
      ],
      [
       11,
       12
      ],
      [
       11,
       18
      ],
      [
       0,
       18
      ],
      [
       0,
       12
      ]
     ]
    ]
   }
  },
  {
   "type": "Feature",
   "properties": {
    "id": "51.06.01",
    "r0": 12,
    "c0": 11,
    "r1": 13,
    "c1": 15
   },
   "geometry": {
    "type": "Polygon",
    "coordinates": [
     [
      [
       11,
       12
      ],
      [
       16,
       12
      ],
      [
       16,
       14
      ],
      [
       11,
       14
      ],
      [
       11,
       12
      ]
     ]
    ]
   }
  },
  {
   "type": "Feature",
   "properties": {
    "id": "51.06.03",
    "r0": 14,
    "c0": 11,
    "r1": 17,
    "c1": 12
   },
   "geometry": {
    "type": "Polygon",
    "coordinates": [
     [
      [
       11,
       14
      ],
      [
       13,
       14
      ],
      [
       13,
       18
      ],
      [
       11,
       18
      ],
      [
       11,
       14
      ]
     ]
    ]
   }
  },
  {
   "type": "Feature",
   "properties": {
    "id": "51.06.02",
    "r0": 14,
    "c0": 13,
    "r1": 17,
    "c1": 15
   },
   "geometry": {
    "type": "Polygon",
    "coordinates": [
     [
      [
       13,
       14
      ],
      [
       16,
       14
      ],
      [
       16,
       18
      ],
      [
       13,
       18
      ],
      [
       13,
       14
      ]
     ]
    ]
   }
  },
  {
   "type": "Feature",
   "properties": {
    "id": "51.02",
    "r0": 18,
    "c0": 0,
    "r1": 29,
    "c1": 15
   },
   "geometry": {
    "type": "Polygon",
    "coordinates": [
     [
      [
       0,
       18
      ],
      [
       16,
       18
      ],
      [
       16,
       30
      ],
      [
       0,
       30
      ],
      [
       0,
       18
      ]
     ]
    ]
   }
  },
  {
   "type": "Feature",
   "properties": {
    "id": "51.02.06",
    "r0": 18,
    "c0": 0,
    "r1": 24,
    "c1": 2
   },
   "geometry": {
    "type": "Polygon",
    "coordinates": [
     [
      [
       0,
       18
      ],
      [
       3,
       18
      ],
      [
       3,
       25
      ],
      [
       0,
       25
      ],
      [
       0,
       18
      ]
     ]
    ]
   }
  },
  {
   "type": "Feature",
   "properties": {
    "id": "51.02.03",
    "r0": 18,
    "c0": 3,
    "r1": 20,
    "c1": 7
   },
   "geometry": {
    "type": "Polygon",
    "coordinates": [
     [
      [
       3,
       18
      ],
      [
       8,
       18
      ],
      [
       8,
       21
      ],
      [
       3,
       21
      ],
      [
       3,
       18
      ]
     ]
    ]
   }
  },
  {
   "type": "Feature",
   "properties": {
    "id": "51.02.09",
    "r0": 21,
    "c0": 3,
    "r1": 24,
    "c1": 7
   },
   "geometry": {
    "type": "Polygon",
    "coordinates": [
     [
      [
       3,
       21
      ],
      [
       8,
       21
      ],
      [
       8,
       25
      ],
      [
       3,
       25
      ],
      [
       3,
       21
      ]
     ]
    ]
   }
  },
  {
   "type": "Feature",
   "properties": {
    "id": "51.02.01",
    "r0": 25,
    "c0": 0,
    "r1": 29,
    "c1": 2
   },
   "geometry": {
    "type": "Polygon",
    "coordinates": [
     [
      [
       0,
       25
      ],
      [
       3,
       25
      ],
      [
       3,
       30
      ],
      [
       0,
       30
      ],
      [
       0,
       25
      ]
     ]
    ]
   }
  },
  {
   "type": "Feature",
   "properties": {
    "id": "51.02.08",
    "r0": 25,
    "c0": 3,
    "r1": 29,
    "c1": 7
   },
   "geometry": {
    "type": "Polygon",
    "coordinates": [
     [
      [
       3,
       25
      ],
      [
       8,
       25
      ],
      [
       8,
       30
      ],
      [
       3,
       30
      ],
      [
       3,
       25
      ]
     ]
    ]
   }
  },
  {
   "type": "Feature",
   "properties": {
    "id": "51.02.02",
    "r0": 18,
    "c0": 8,
    "r1": 22,
    "c1": 10
   },
   "geometry": {
    "type": "Polygon",
    "coordinates": [
     [
      [
       8,
       18
      ],
      [
       11,
       18
      ],
      [
       11,
       23
      ],
      [
       8,
       23
      ],
      [
       8,
       18
      ]
     ]
    ]
   }
  },
  {
   "type": "Feature",
   "properties": {
    "id": "51.02.07",
    "r0": 18,
    "c0": 11,
    "r1": 22,
    "c1": 15
   },
   "geometry": {
    "type": "Polygon",
    "coordinates": [
     [
      [
       11,
       18
      ],
      [
       16,
       18
      ],
      [
       16,
       23
      ],
      [
       11,
       23
      ],
      [
       11,
       18
      ]
     ]
    ]
   }
  },
  {
   "type": "Feature",
   "properties": {
    "id": "51.02.04",
    "r0": 23,
    "c0": 8,
    "r1": 29,
    "c1": 10
   },
   "geometry": {
    "type": "Polygon",
    "coordinates": [
     [
      [
       8,
       23
      ],
      [
       11,
       23
      ],
      [
       11,
       30
      ],
      [
       8,
       30
      ],
      [
       8,
       23
      ]
     ]
    ]
   }
  },
  {
   "type": "Feature",
   "properties": {
    "id": "51.02.10",
    "r0": 23,
    "c0": 11,
    "r1": 26,
    "c1": 15
   },
   "geometry": {
    "type": "Polygon",
    "coordinates": [
     [
      [
       11,
       23
      ],
      [
       16,
       23
      ],
      [
       16,
       27
      ],
      [
       11,
       27
      ],
      [
       11,
       23
      ]
     ]
    ]
   }
  },
  {
   "type": "Feature",
   "properties": {
    "id": "51.02.05",
    "r0": 27,
    "c0": 11,
    "r1": 29,
    "c1": 15
   },
   "geometry": {
    "type": "Polygon",
    "coordinates": [
     [
      [
       11,
       27
      ],
      [
       16,
       27
      ],
      [
       16,
       30
      ],
      [
       11,
       30
      ],
      [
       11,
       27
      ]
     ]
    ]
   }
  },
  {
   "type": "Feature",
   "properties": {
    "id": "51.03",
    "r0": 0,
    "c0": 16,
    "r1": 14,
    "c1": 21
   },
   "geometry": {
    "type": "Polygon",
    "coordinates": [
     [
      [
       16,
       0
      ],
      [
       22,
       0
      ],
      [
       22,
       15
      ],
      [
       16,
       15
      ],
      [
       16,
       0
      ]
     ]
    ]
   }
  },
  {
   "type": "Feature",
   "properties": {
    "id": "51.03.02",
    "r0": 0,
    "c0": 16,
    "r1": 4,
    "c1": 21
   },
   "geometry": {
    "type": "Polygon",
    "coordinates": [
     [
      [
       16,
       0
      ],
      [
       22,
       0
      ],
      [
       22,
       5
      ],
      [
       16,
       5
      ],
      [
       16,
       0
      ]
     ]
    ]
   }
  },
  {
   "type": "Feature",
   "properties": {
    "id": "51.03.03",
    "r0": 5,
    "c0": 16,
    "r1": 8,
    "c1": 21
   },
   "geometry": {
    "type": "Polygon",
    "coordinates": [
     [
      [
       16,
       5
      ],
      [
       22,
       5
      ],
      [
       22,
       9
      ],
      [
       16,
       9
      ],
      [
       16,
       5
      ]
     ]
    ]
   }
  },
  {
   "type": "Feature",
   "properties": {
    "id": "51.03.04",
    "r0": 9,
    "c0": 16,
    "r1": 11,
    "c1": 18
   },
   "geometry": {
    "type": "Polygon",
    "coordinates": [
     [
      [
       16,
       9
      ],
      [
       19,
       9
      ],
      [
       19,
       12
      ],
      [
       16,
       12
      ],
      [
       16,
       9
      ]
     ]
    ]
   }
  },
  {
   "type": "Feature",
   "properties": {
    "id": "51.03.05",
    "r0": 12,
    "c0": 16,
    "r1": 14,
    "c1": 18
   },
   "geometry": {
    "type": "Polygon",
    "coordinates": [
     [
      [
       16,
       12
      ],
      [
       19,
       12
      ],
      [
       19,
       15
      ],
      [
       16,
       15
      ],
      [
       16,
       12
      ]
     ]
    ]
   }
  },
  {
   "type": "Feature",
   "properties": {
    "id": "51.03.06",
    "r0": 9,
    "c0": 19,
    "r1": 11,
    "c1": 21
   },
   "geometry": {
    "type": "Polygon",
    "coordinates": [
     [
      [
       19,
       9
      ],
      [
       22,
       9
      ],
      [
       22,
       12
      ],
      [
       19,
       12
      ],
      [
       19,
       9
      ]
     ]
    ]
   }
  },
  {
   "type": "Feature",
   "properties": {
    "id": "51.03.01",
    "r0": 12,
    "c0": 19,
    "r1": 14,
    "c1": 21
   },
   "geometry": {
    "type": "Polygon",
    "coordinates": [
     [
      [
       19,
       12
      ],
      [
       22,
       12
      ],
      [
       22,
       15
      ],
      [
       19,
       15
      ],
      [
       19,
       12
      ]
     ]
    ]
   }
  },
  {
   "type": "Feature",
   "properties": {
    "id": "51.04",
    "r0": 0,
    "c0": 22,
    "r1": 8,
    "c1": 32
   },
   "geometry": {
    "type": "Polygon",
    "coordinates": [
     [
      [
       22,
       0
      ],
      [
       33,
       0
      ],
      [
       33,
       9
      ],
      [
       22,
       9
      ],
      [
       22,
       0
      ]
     ]
    ]
   }
  },
  {
   "type": "Feature",
   "properties": {
    "id": "51.04.03",
    "r0": 0,
    "c0": 22,
    "r1": 3,
    "c1": 27
   },
   "geometry": {
    "type": "Polygon",
    "coordinates": [
     [
      [
       22,
       0
      ],
      [
       28,
       0
      ],
      [
       28,
       4
      ],
      [
       22,
       4
      ],
      [
       22,
       0
      ]
     ]
    ]
   }
  },
  {
   "type": "Feature",
   "properties": {
    "id": "51.04.01",
    "r0": 4,
    "c0": 22,
    "r1": 8,
    "c1": 24
   },
   "geometry": {
    "type": "Polygon",
    "coordinates": [
     [
      [
       22,
       4
      ],
      [
       25,
       4
      ],
      [
       25,
       9
      ],
      [
       22,
       9
      ],
      [
       22,
       4
      ]
     ]
    ]
   }
  },
  {
   "type": "Feature",
   "properties": {
    "id": "51.04.02",
    "r0": 4,
    "c0": 25,
    "r1": 8,
    "c1": 27
   },
   "geometry": {
    "type": "Polygon",
    "coordinates": [
     [
      [
       25,
       4
      ],
      [
       28,
       4
      ],
      [
       28,
       9
      ],
      [
       25,
       9
      ],
      [
       25,
       4
      ]
     ]
    ]
   }
  },
  {
   "type": "Feature",
   "properties": {
    "id": "51.04.07",
    "r0": 0,
    "c0": 28,
    "r1": 4,
    "c1": 30
   },
   "geometry": {
    "type": "Polygon",
    "coordinates": [
     [
      [
       28,
       0
      ],
      [
       31,
       0
      ],
      [
       31,
       5
      ],
      [
       28,
       5
      ],
      [
       28,
       0
      ]
     ]
    ]
   }
  },
  {
   "type": "Feature",
   "properties": {
    "id": "51.04.05",
    "r0": 0,
    "c0": 31,
    "r1": 4,
    "c1": 32
   },
   "geometry": {
    "type": "Polygon",
    "coordinates": [
     [
      [
       31,
       0
      ],
      [
       33,
       0
      ],
      [
       33,
       5
      ],
      [
       31,
       5
      ],
      [
       31,
       0
      ]
     ]
    ]
   }
  },
  {
   "type": "Feature",
   "properties": {
    "id": "51.04.06",
    "r0": 5,
    "c0": 28,
    "r1": 8,
    "c1": 29
   },
   "geometry": {
    "type": "Polygon",
    "coordinates": [
     [
      [
       28,
       5
      ],
      [
       30,
       5
      ],
      [
       30,
       9
      ],
      [
       28,
       9
      ],
      [
       28,
       5
      ]
     ]
    ]
   }
  },
  {
   "type": "Feature",
   "properties": {
    "id": "51.04.04",
    "r0": 5,
    "c0": 30,
    "r1": 8,
    "c1": 32
   },
   "geometry": {
    "type": "Polygon",
    "coordinates": [
     [
      [
       30,
       5
      ],
      [
       33,
       5
      ],
      [
       33,
       9
      ],
      [
       30,
       9
      ],
      [
       30,
       5
      ]
     ]
    ]
   }
  },
  {
   "type": "Feature",
   "properties": {
    "id": "51.01",
    "r0": 9,
    "c0": 22,
    "r1": 14,
    "c1": 32
   },
   "geometry": {
    "type": "Polygon",
    "coordinates": [
     [
      [
       22,
       9
      ],
      [
       33,
       9
      ],
      [
       33,
       15
      ],
      [
       22,
       15
      ],
      [
       22,
       9
      ]
     ]
    ]
   }
  },
  {
   "type": "Feature",
   "properties": {
    "id": "51.01.05",
    "r0": 9,
    "c0": 22,
    "r1": 11,
    "c1": 25
   },
   "geometry": {
    "type": "Polygon",
    "coordinates": [
     [
      [
       22,
       9
      ],
      [
       26,
       9
      ],
      [
       26,
       12
      ],
      [
       22,
       12
      ],
      [
       22,
       9
      ]
     ]
    ]
   }
  },
  {
   "type": "Feature",
   "properties": {
    "id": "51.01.03",
    "r0": 12,
    "c0": 22,
    "r1": 14,
    "c1": 25
   },
   "geometry": {
    "type": "Polygon",
    "coordinates": [
     [
      [
       22,
       12
      ],
      [
       26,
       12
      ],
      [
       26,
       15
      ],
      [
       22,
       15
      ],
      [
       22,
       12
      ]
     ]
    ]
   }
  },
  {
   "type": "Feature",
   "properties": {
    "id": "51.01.01",
    "r0": 9,
    "c0": 26,
    "r1": 14,
    "c1": 28
   },
   "geometry": {
    "type": "Polygon",
    "coordinates": [
     [
      [
       26,
       9
      ],
      [
       29,
       9
      ],
      [
       29,
       15
      ],
      [
       26,
       15
      ],
      [
       26,
       9
      ]
     ]
    ]
   }
  },
  {
   "type": "Feature",
   "properties": {
    "id": "51.01.04",
    "r0": 9,
    "c0": 29,
    "r1": 11,
    "c1": 32
   },
   "geometry": {
    "type": "Polygon",
    "coordinates": [
     [
      [
       29,
       9
      ],
      [
       33,
       9
      ],
      [
       33,
       12
      ],
      [
       29,
       12
      ],
      [
       29,
       9
      ]
     ]
    ]
   }
  },
  {
   "type": "Feature",
   "properties": {
    "id": "51.01.02",
    "r0": 12,
    "c0": 29,
    "r1": 14,
    "c1": 32
   },
   "geometry": {
    "type": "Polygon",
    "coordinates": [
     [
      [
       29,
       12
      ],
      [
       33,
       12
      ],
      [
       33,
       15
      ],
      [
       29,
       15
      ],
      [
       29,
       12
      ]
     ]
    ]
   }
  },
  {
   "type": "Feature",
   "properties": {
    "id": "51.08",
    "r0": 15,
    "c0": 16,
    "r1": 29,
    "c1": 28
   },
   "geometry": {
    "type": "Polygon",
    "coordinates": [
     [
      [
       16,
       15
      ],
      [
       29,
       15
      ],
      [
       29,
       30
      ],
      [
       16,
       30
      ],
      [
       16,
       15
      ]
     ]
    ]
   }
  },
  {
   "type": "Feature",
   "properties": {
    "id": "51.08.06",
    "r0": 15,
    "c0": 16,
    "r1": 19,
    "c1": 22
   },
   "geometry": {
    "type": "Polygon",
    "coordinates": [
     [
      [
       16,
       15
      ],
      [
       23,
       15
      ],
      [
       23,
       20
      ],
      [
       16,
       20
      ],
      [
       16,
       15
      ]
     ]
    ]
   }
  },
  {
   "type": "Feature",
   "properties": {
    "id": "51.08.05",
    "r0": 20,
    "c0": 16,
    "r1": 22,
    "c1": 22
   },
   "geometry": {
    "type": "Polygon",
    "coordinates": [
     [
      [
       16,
       20
      ],
      [
       23,
       20
      ],
      [
       23,
       23
      ],
      [
       16,
       23
      ],
      [
       16,
       20
      ]
     ]
    ]
   }
  },
  {
   "type": "Feature",
   "properties": {
    "id": "51.08.04",
    "r0": 15,
    "c0": 23,
    "r1": 18,
    "c1": 28
   },
   "geometry": {
    "type": "Polygon",
    "coordinates": [
     [
      [
       23,
       15
      ],
      [
       29,
       15
      ],
      [
       29,
       19
      ],
      [
       23,
       19
      ],
      [
       23,
       15
      ]
     ]
    ]
   }
  },
  {
   "type": "Feature",
   "properties": {
    "id": "51.08.02",
    "r0": 19,
    "c0": 23,
    "r1": 22,
    "c1": 28
   },
   "geometry": {
    "type": "Polygon",
    "coordinates": [
     [
      [
       23,
       19
      ],
      [
       29,
       19
      ],
      [
       29,
       23
      ],
      [
       23,
       23
      ],
      [
       23,
       19
      ]
     ]
    ]
   }
  },
  {
   "type": "Feature",
   "properties": {
    "id": "51.08.01",
    "r0": 23,
    "c0": 16,
    "r1": 26,
    "c1": 21
   },
   "geometry": {
    "type": "Polygon",
    "coordinates": [
     [
      [
       16,
       23
      ],
      [
       22,
       23
      ],
      [
       22,
       27
      ],
      [
       16,
       27
      ],
      [
       16,
       23
      ]
     ]
    ]
   }
  },
  {
   "type": "Feature",
   "properties": {
    "id": "51.08.07",
    "r0": 27,
    "c0": 16,
    "r1": 29,
    "c1": 21
   },
   "geometry": {
    "type": "Polygon",
    "coordinates": [
     [
      [
       16,
       27
      ],
      [
       22,
       27
      ],
      [
       22,
       30
      ],
      [
       16,
       30
      ],
      [
       16,
       27
      ]
     ]
    ]
   }
  },
  {
   "type": "Feature",
   "properties": {
    "id": "51.08.08",
    "r0": 23,
    "c0": 22,
    "r1": 29,
    "c1": 23
   },
   "geometry": {
    "type": "Polygon",
    "coordinates": [
     [
      [
       22,
       23
      ],
      [
       24,
       23
      ],
      [
       24,
       30
      ],
      [
       22,
       30
      ],
      [
       22,
       23
      ]
     ]
    ]
   }
  },
  {
   "type": "Feature",
   "properties": {
    "id": "51.08.03",
    "r0": 23,
    "c0": 24,
    "r1": 26,
    "c1": 28
   },
   "geometry": {
    "type": "Polygon",
    "coordinates": [
     [
      [
       24,
       23
      ],
      [
       29,
       23
      ],
      [
       29,
       27
      ],
      [
       24,
       27
      ],
      [
       24,
       23
      ]
     ]
    ]
   }
  },
  {
   "type": "Feature",
   "properties": {
    "id": "51.08.09",
    "r0": 27,
    "c0": 24,
    "r1": 29,
    "c1": 28
   },
   "geometry": {
    "type": "Polygon",
    "coordinates": [
     [
      [
       24,
       27
      ],
      [
       29,
       27
      ],
      [
       29,
       30
      ],
      [
       24,
       30
      ],
      [
       24,
       27
      ]
     ]
    ]
   }
  },
  {
   "type": "Feature",
   "properties": {
    "id": "51.71",
    "r0": 15,
    "c0": 29,
    "r1": 29,
    "c1": 32
   },
   "geometry": {
    "type": "Polygon",
    "coordinates": [
     [
      [
       29,
       15
      ],
      [
       33,
       15
      ],
      [
       33,
       30
      ],
      [
       29,
       30
      ],
      [
       29,
       15
      ]
     ]
    ]
   }
  },
  {
   "type": "Feature",
   "properties": {
    "id": "51.71.02",
    "r0": 15,
    "c0": 29,
    "r1": 18,
    "c1": 32
   },
   "geometry": {
    "type": "Polygon",
    "coordinates": [
     [
      [
       29,
       15
      ],
      [
       33,
       15
      ],
      [
       33,
       19
      ],
      [
       29,
       19
      ],
      [
       29,
       15
      ]
     ]
    ]
   }
  },
  {
   "type": "Feature",
   "properties": {
    "id": "51.71.04",
    "r0": 19,
    "c0": 29,
    "r1": 22,
    "c1": 32
   },
   "geometry": {
    "type": "Polygon",
    "coordinates": [
     [
      [
       29,
       19
      ],
      [
       33,
       19
      ],
      [
       33,
       23
      ],
      [
       29,
       23
      ],
      [
       29,
       19
      ]
     ]
    ]
   }
  },
  {
   "type": "Feature",
   "properties": {
    "id": "51.71.03",
    "r0": 23,
    "c0": 29,
    "r1": 26,
    "c1": 32
   },
   "geometry": {
    "type": "Polygon",
    "coordinates": [
     [
      [
       29,
       23
      ],
      [
       33,
       23
      ],
      [
       33,
       27
      ],
      [
       29,
       27
      ],
      [
       29,
       23
      ]
     ]
    ]
   }
  },
  {
   "type": "Feature",
   "properties": {
    "id": "51.71.01",
    "r0": 27,
    "c0": 29,
    "r1": 29,
    "c1": 32
   },
   "geometry": {
    "type": "Polygon",
    "coordinates": [
     [
      [
       29,
       27
      ],
      [
       33,
       27
      ],
      [
       33,
       30
      ],
      [
       29,
       30
      ],
      [
       29,
       27
      ]
     ]
    ]
   }
  },
  {
   "type": "Feature",
   "properties": {
    "id": "52",
    "r0": 30,
    "c0": 0,
    "r1": 63,
    "c1": 32
   },
   "geometry": {
    "type": "Polygon",
    "coordinates": [
     [
      [
       0,
       30
      ],
      [
       33,
       30
      ],
      [
       33,
       64
      ],
      [
       0,
       64
      ],
      [
       0,
       30
      ]
     ]
    ]
   }
  },
  {
   "type": "Feature",
   "properties": {
    "id": "52.71",
    "r0": 30,
    "c0": 0,
    "r1": 36,
    "c1": 9
   },
   "geometry": {
    "type": "Polygon",
    "coordinates": [
     [
      [
       0,
       30
      ],
      [
       10,
       30
      ],
      [
       10,
       37
      ],
      [
       0,
       37
      ],
      [
       0,
       30
      ]
     ]
    ]
   }
  },
  {
   "type": "Feature",
   "properties": {
    "id": "52.71.06",
    "r0": 30,
    "c0": 0,
    "r1": 33,
    "c1": 1
   },
   "geometry": {
    "type": "Polygon",
    "coordinates": [
     [
      [
       0,
       30
      ],
      [
       2,
       30
      ],
      [
       2,
       34
      ],
      [
       0,
       34
      ],
      [
       0,
       30
      ]
     ]
    ]
   }
  },
  {
   "type": "Feature",
   "properties": {
    "id": "52.71.01",
    "r0": 30,
    "c0": 2,
    "r1": 33,
    "c1": 4
   },
   "geometry": {
    "type": "Polygon",
    "coordinates": [
     [
      [
       2,
       30
      ],
      [
       5,
       30
      ],
      [
       5,
       34
      ],
      [
       2,
       34
      ],
      [
       2,
       30
      ]
     ]
    ]
   }
  },
  {
   "type": "Feature",
   "properties": {
    "id": "52.71.03",
    "r0": 34,
    "c0": 0,
    "r1": 36,
    "c1": 4
   },
   "geometry": {
    "type": "Polygon",
    "coordinates": [
     [
      [
       0,
       34
      ],
      [
       5,
       34
      ],
      [
       5,
       37
      ],
      [
       0,
       37
      ],
      [
       0,
       34
      ]
     ]
    ]
   }
  },
  {
   "type": "Feature",
   "properties": {
    "id": "52.71.05",
    "r0": 30,
    "c0": 5,
    "r1": 32,
    "c1": 9
   },
   "geometry": {
    "type": "Polygon",
    "coordinates": [
     [
      [
       5,
       30
      ],
      [
       10,
       30
      ],
      [
       10,
       33
      ],
      [
       5,
       33
      ],
      [
       5,
       30
      ]
     ]
    ]
   }
  },
  {
   "type": "Feature",
   "properties": {
    "id": "52.71.04",
    "r0": 33,
    "c0": 5,
    "r1": 36,
    "c1": 6
   },
   "geometry": {
    "type": "Polygon",
    "coordinates": [
     [
      [
       5,
       33
      ],
      [
       7,
       33
      ],
      [
       7,
       37
      ],
      [
       5,
       37
      ],
      [
       5,
       33
      ]
     ]
    ]
   }
  },
  {
   "type": "Feature",
   "properties": {
    "id": "52.71.02",
    "r0": 33,
    "c0": 7,
    "r1": 36,
    "c1": 9
   },
   "geometry": {
    "type": "Polygon",
    "coordinates": [
     [
      [
       7,
       33
      ],
      [
       10,
       33
      ],
      [
       10,
       37
      ],
      [
       7,
       37
      ],
      [
       7,
       33
      ]
     ]
    ]
   }
  },
  {
   "type": "Feature",
   "properties": {
    "id": "52.07",
    "r0": 37,
    "c0": 0,
    "r1": 45,
    "c1": 9
   },
   "geometry": {
    "type": "Polygon",
    "coordinates": [
     [
      [
       0,
       37
      ],
      [
       10,
       37
      ],
      [
       10,
       46
      ],
      [
       0,
       46
      ],
      [
       0,
       37
      ]
     ]
    ]
   }
  },
  {
   "type": "Feature",
   "properties": {
    "id": "52.07.04",
    "r0": 37,
    "c0": 0,
    "r1": 41,
    "c1": 1
   },
   "geometry": {
    "type": "Polygon",
    "coordinates": [
     [
      [
       0,
       37
      ],
      [
       2,
       37
      ],
      [
       2,
       42
      ],
      [
       0,
       42
      ],
      [
       0,
       37
      ]
     ]
    ]
   }
  },
  {
   "type": "Feature",
   "properties": {
    "id": "52.07.03",
    "r0": 37,
    "c0": 2,
    "r1": 41,
    "c1": 4
   },
   "geometry": {
    "type": "Polygon",
    "coordinates": [
     [
      [
       2,
       37
      ],
      [
       5,
       37
      ],
      [
       5,
       42
      ],
      [
       2,
       42
      ],
      [
       2,
       37
      ]
     ]
    ]
   }
  },
  {
   "type": "Feature",
   "properties": {
    "id": "52.07.02",
    "r0": 42,
    "c0": 0,
    "r1": 45,
    "c1": 4
   },
   "geometry": {
    "type": "Polygon",
    "coordinates": [
     [
      [
       0,
       42
      ],
      [
       5,
       42
      ],
      [
       5,
       46
      ],
      [
       0,
       46
      ],
      [
       0,
       42
      ]
     ]
    ]
   }
  },
  {
   "type": "Feature",
   "properties": {
    "id": "52.07.05",
    "r0": 37,
    "c0": 5,
    "r1": 40,
    "c1": 7
   },
   "geometry": {
    "type": "Polygon",
    "coordinates": [
     [
      [
       5,
       37
      ],
      [
       8,
       37
      ],
      [
       8,
       41
      ],
      [
       5,
       41
      ],
      [
       5,
       37
      ]
     ]
    ]
   }
  },
  {
   "type": "Feature",
   "properties": {
    "id": "52.07.01",
    "r0": 37,
    "c0": 8,
    "r1": 40,
    "c1": 9
   },
   "geometry": {
    "type": "Polygon",
    "coordinates": [
     [
      [
       8,
       37
      ],
      [
       10,
       37
      ],
      [
       10,
       41
      ],
      [
       8,
       41
      ],
      [
       8,
       37
      ]
     ]
    ]
   }
  },
  {
   "type": "Feature",
   "properties": {
    "id": "52.07.08",
    "r0": 41,
    "c0": 5,
    "r1": 42,
    "c1": 7
   },
   "geometry": {
    "type": "Polygon",
    "coordinates": [
     [
      [
       5,
       41
      ],
      [
       8,
       41
      ],
      [
       8,
       43
      ],
      [
       5,
       43
      ],
      [
       5,
       41
      ]
     ]
    ]
   }
  },
  {
   "type": "Feature",
   "properties": {
    "id": "52.07.07",
    "r0": 43,
    "c0": 5,
    "r1": 45,
    "c1": 7
   },
   "geometry": {
    "type": "Polygon",
    "coordinates": [
     [
      [
       5,
       43
      ],
      [
       8,
       43
      ],
      [
       8,
       46
      ],
      [
       5,
       46
      ],
      [
       5,
       43
      ]
     ]
    ]
   }
  },
  {
   "type": "Feature",
   "properties": {
    "id": "52.07.06",
    "r0": 41,
    "c0": 8,
    "r1": 45,
    "c1": 9
   },
   "geometry": {
    "type": "Polygon",
    "coordinates": [
     [
      [
       8,
       41
      ],
      [
       10,
       41
      ],
      [
       10,
       46
      ],
      [
       8,
       46
      ],
      [
       8,
       41
      ]
     ]
    ]
   }
  },
  {
   "type": "Feature",
   "properties": {
    "id": "52.04",
    "r0": 30,
    "c0": 10,
    "r1": 45,
    "c1": 21
   },
   "geometry": {
    "type": "Polygon",
    "coordinates": [
     [
      [
       10,
       30
      ],
      [
       22,
       30
      ],
      [
       22,
       46
      ],
      [
       10,
       46
      ],
      [
       10,
       30
      ]
     ]
    ]
   }
  },
  {
   "type": "Feature",
   "properties": {
    "id": "52.04.29",
    "r0": 30,
    "c0": 10,
    "r1": 33,
    "c1": 10
   },
   "geometry": {
    "type": "Polygon",
    "coordinates": [
     [
      [
       10,
       30
      ],
      [
       11,
       30
      ],
      [
       11,
       34
      ],
      [
       10,
       34
      ],
      [
       10,
       30
      ]
     ]
    ]
   }
  },
  {
   "type": "Feature",
   "properties": {
    "id": "52.04.18",
    "r0": 30,
    "c0": 11,
    "r1": 33,
    "c1": 12
   },
   "geometry": {
    "type": "Polygon",
    "coordinates": [
     [
      [
       11,
       30
      ],
      [
       13,
       30
      ],
      [
       13,
       34
      ],
      [
       11,
       34
      ],
      [
       11,
       30
      ]
     ]
    ]
   }
  },
  {
   "type": "Feature",
   "properties": {
    "id": "52.04.06",
    "r0": 30,
    "c0": 13,
    "r1": 33,
    "c1": 15
   },
   "geometry": {
    "type": "Polygon",
    "coordinates": [
     [
      [
       13,
       30
      ],
      [
       16,
       30
      ],
      [
       16,
       34
      ],
      [
       13,
       34
      ],
      [
       13,
       30
      ]
     ]
    ]
   }
  },
  {
   "type": "Feature",
   "properties": {
    "id": "52.04.07",
    "r0": 34,
    "c0": 10,
    "r1": 37,
    "c1": 11
   },
   "geometry": {
    "type": "Polygon",
    "coordinates": [
     [
      [
       10,
       34
      ],
      [
       12,
       34
      ],
      [
       12,
       38
      ],
      [
       10,
       38
      ],
      [
       10,
       34
      ]
     ]
    ]
   }
  },
  {
   "type": "Feature",
   "properties": {
    "id": "52.04.05",
    "r0": 34,
    "c0": 12,
    "r1": 37,
    "c1": 13
   },
   "geometry": {
    "type": "Polygon",
    "coordinates": [
     [
      [
       12,
       34
      ],
      [
       14,
       34
      ],
      [
       14,
       38
      ],
      [
       12,
       38
      ],
      [
       12,
       34
      ]
     ]
    ]
   }
  },
  {
   "type": "Feature",
   "properties": {
    "id": "52.04.23",
    "r0": 34,
    "c0": 14,
    "r1": 37,
    "c1": 15
   },
   "geometry": {
    "type": "Polygon",
    "coordinates": [
     [
      [
       14,
       34
      ],
      [
       16,
       34
      ],
      [
       16,
       38
      ],
      [
       14,
       38
      ],
      [
       14,
       34
      ]
     ]
    ]
   }
  },
  {
   "type": "Feature",
   "properties": {
    "id": "52.04.09",
    "r0": 30,
    "c0": 16,
    "r1": 34,
    "c1": 18
   },
   "geometry": {
    "type": "Polygon",
    "coordinates": [
     [
      [
       16,
       30
      ],
      [
       19,
       30
      ],
      [
       19,
       35
      ],
      [
       16,
       35
      ],
      [
       16,
       30
      ]
     ]
    ]
   }
  },
  {
   "type": "Feature",
   "properties": {
    "id": "52.04.10",
    "r0": 30,
    "c0": 19,
    "r1": 34,
    "c1": 21
   },
   "geometry": {
    "type": "Polygon",
    "coordinates": [
     [
      [
       19,
       30
      ],
      [
       22,
       30
      ],
      [
       22,
       35
      ],
      [
       19,
       35
      ],
      [
       19,
       30
      ]
     ]
    ]
   }
  },
  {
   "type": "Feature",
   "properties": {
    "id": "52.04.26",
    "r0": 35,
    "c0": 16,
    "r1": 37,
    "c1": 18
   },
   "geometry": {
    "type": "Polygon",
    "coordinates": [
     [
      [
       16,
       35
      ],
      [
       19,
       35
      ],
      [
       19,
       38
      ],
      [
       16,
       38
      ],
      [
       16,
       35
      ]
     ]
    ]
   }
  },
  {
   "type": "Feature",
   "properties": {
    "id": "52.04.22",
    "r0": 35,
    "c0": 19,
    "r1": 37,
    "c1": 21
   },
   "geometry": {
    "type": "Polygon",
    "coordinates": [
     [
      [
       19,
       35
      ],
      [
       22,
       35
      ],
      [
       22,
       38
      ],
      [
       19,
       38
      ],
      [
       19,
       35
      ]
     ]
    ]
   }
  },
  {
   "type": "Feature",
   "properties": {
    "id": "52.04.14",
    "r0": 38,
    "c0": 10,
    "r1": 41,
    "c1": 10
   },
   "geometry": {
    "type": "Polygon",
    "coordinates": [
     [
      [
       10,
       38
      ],
      [
       11,
       38
      ],
      [
       11,
       42
      ],
      [
       10,
       42
      ],
      [
       10,
       38
      ]
     ]
    ]
   }
  },
  {
   "type": "Feature",
   "properties": {
    "id": "52.04.08",
    "r0": 38,
    "c0": 11,
    "r1": 41,
    "c1": 13
   },
   "geometry": {
    "type": "Polygon",
    "coordinates": [
     [
      [
       11,
       38
      ],
      [
       14,
       38
      ],
      [
       14,
       42
      ],
      [
       11,
       42
      ],
      [
       11,
       38
      ]
     ]
    ]
   }
  },
  {
   "type": "Feature",
   "properties": {
    "id": "52.04.13",
    "r0": 38,
    "c0": 14,
    "r1": 41,
    "c1": 16
   },
   "geometry": {
    "type": "Polygon",
    "coordinates": [
     [
      [
       14,
       38
      ],
      [
       17,
       38
      ],
      [
       17,
       42
      ],
      [
       14,
       42
      ],
      [
       14,
       38
      ]
     ]
    ]
   }
  },
  {
   "type": "Feature",
   "properties": {
    "id": "52.04.20",
    "r0": 42,
    "c0": 10,
    "r1": 45,
    "c1": 11
   },
   "geometry": {
    "type": "Polygon",
    "coordinates": [
     [
      [
       10,
       42
      ],
      [
       12,
       42
      ],
      [
       12,
       46
      ],
      [
       10,
       46
      ],
      [
       10,
       42
      ]
     ]
    ]
   }
  },
  {
   "type": "Feature",
   "properties": {
    "id": "52.04.12",
    "r0": 42,
    "c0": 12,
    "r1": 45,
    "c1": 13
   },
   "geometry": {
    "type": "Polygon",
    "coordinates": [
     [
      [
       12,
       42
      ],
      [
       14,
       42
      ],
      [
       14,
       46
      ],
      [
       12,
       46
      ],
      [
       12,
       42
      ]
     ]
    ]
   }
  },
  {
   "type": "Feature",
   "properties": {
    "id": "52.04.02",
    "r0": 42,
    "c0": 14,
    "r1": 45,
    "c1": 16
   },
   "geometry": {
    "type": "Polygon",
    "coordinates": [
     [
      [
       14,
       42
      ],
      [
       17,
       42
      ],
      [
       17,
       46
      ],
      [
       14,
       46
      ],
      [
       14,
       42
      ]
     ]
    ]
   }
  },
  {
   "type": "Feature",
   "properties": {
    "id": "52.04.17",
    "r0": 38,
    "c0": 17,
    "r1": 41,
    "c1": 18
   },
   "geometry": {
    "type": "Polygon",
    "coordinates": [
     [
      [
       17,
       38
      ],
      [
       19,
       38
      ],
      [
       19,
       42
      ],
      [
       17,
       42
      ],
      [
       17,
       38
      ]
     ]
    ]
   }
  },
  {
   "type": "Feature",
   "properties": {
    "id": "52.04.19",
    "r0": 38,
    "c0": 19,
    "r1": 39,
    "c1": 21
   },
   "geometry": {
    "type": "Polygon",
    "coordinates": [
     [
      [
       19,
       38
      ],
      [
       22,
       38
      ],
      [
       22,
       40
      ],
      [
       19,
       40
      ],
      [
       19,
       38
      ]
     ]
    ]
   }
  },
  {
   "type": "Feature",
   "properties": {
    "id": "52.04.28",
    "r0": 40,
    "c0": 19,
    "r1": 41,
    "c1": 21
   },
   "geometry": {
    "type": "Polygon",
    "coordinates": [
     [
      [
       19,
       40
      ],
      [
       22,
       40
      ],
      [
       22,
       42
      ],
      [
       19,
       42
      ],
      [
       19,
       40
      ]
     ]
    ]
   }
  },
  {
   "type": "Feature",
   "properties": {
    "id": "52.04.24",
    "r0": 42,
    "c0": 17,
    "r1": 43,
    "c1": 19
   },
   "geometry": {
    "type": "Polygon",
    "coordinates": [
     [
      [
       17,
       42
      ],
      [
       20,
       42
      ],
      [
       20,
       44
      ],
      [
       17,
       44
      ],
      [
       17,
       42
      ]
     ]
    ]
   }
  },
  {
   "type": "Feature",
   "properties": {
    "id": "52.04.11",
    "r0": 44,
    "c0": 17,
    "r1": 45,
    "c1": 19
   },
   "geometry": {
    "type": "Polygon",
    "coordinates": [
     [
      [
       17,
       44
      ],
      [
       20,
       44
      ],
      [
       20,
       46
      ],
      [
       17,
       46
      ],
      [
       17,
       44
      ]
     ]
    ]
   }
  },
  {
   "type": "Feature",
   "properties": {
    "id": "52.04.27",
    "r0": 42,
    "c0": 20,
    "r1": 43,
    "c1": 21
   },
   "geometry": {
    "type": "Polygon",
    "coordinates": [
     [
      [
       20,
       42
      ],
      [
       22,
       42
      ],
      [
       22,
       44
      ],
      [
       20,
       44
      ],
      [
       20,
       42
      ]
     ]
    ]
   }
  },
  {
   "type": "Feature",
   "properties": {
    "id": "52.04.21",
    "r0": 44,
    "c0": 20,
    "r1": 45,
    "c1": 21
   },
   "geometry": {
    "type": "Polygon",
    "coordinates": [
     [
      [
       20,
       44
      ],
      [
       22,
       44
      ],
      [
       22,
       46
      ],
      [
       20,
       46
      ],
      [
       20,
       44
      ]
     ]
    ]
   }
  },
  {
   "type": "Feature",
   "properties": {
    "id": "52.02",
    "r0": 30,
    "c0": 22,
    "r1": 45,
    "c1": 32
   },
   "geometry": {
    "type": "Polygon",
    "coordinates": [
     [
      [
       22,
       30
      ],
      [
       33,
       30
      ],
      [
       33,
       46
      ],
      [
       22,
       46
      ],
      [
       22,
       30
      ]
     ]
    ]
   }
  },
  {
   "type": "Feature",
   "properties": {
    "id": "52.02.12",
    "r0": 30,
    "c0": 22,
    "r1": 34,
    "c1": 23
   },
   "geometry": {
    "type": "Polygon",
    "coordinates": [
     [
      [
       22,
       30
      ],
      [
       24,
       30
      ],
      [
       24,
       35
      ],
      [
       22,
       35
      ],
      [
       22,
       30
      ]
     ]
    ]
   }
  },
  {
   "type": "Feature",
   "properties": {
    "id": "52.02.09",
    "r0": 30,
    "c0": 24,
    "r1": 34,
    "c1": 26
   },
   "geometry": {
    "type": "Polygon",
    "coordinates": [
     [
      [
       24,
       30
      ],
      [
       27,
       30
      ],
      [
       27,
       35
      ],
      [
       24,
       35
      ],
      [
       24,
       30
      ]
     ]
    ]
   }
  },
  {
   "type": "Feature",
   "properties": {
    "id": "52.02.03",
    "r0": 35,
    "c0": 22,
    "r1": 37,
    "c1": 26
   },
   "geometry": {
    "type": "Polygon",
    "coordinates": [
     [
      [
       22,
       35
      ],
      [
       27,
       35
      ],
      [
       27,
       38
      ],
      [
       22,
       38
      ],
      [
       22,
       35
      ]
     ]
    ]
   }
  },
  {
   "type": "Feature",
   "properties": {
    "id": "52.02.01",
    "r0": 30,
    "c0": 27,
    "r1": 32,
    "c1": 32
   },
   "geometry": {
    "type": "Polygon",
    "coordinates": [
     [
      [
       27,
       30
      ],
      [
       33,
       30
      ],
      [
       33,
       33
      ],
      [
       27,
       33
      ],
      [
       27,
       30
      ]
     ]
    ]
   }
  },
  {
   "type": "Feature",
   "properties": {
    "id": "52.02.08",
    "r0": 33,
    "c0": 27,
    "r1": 37,
    "c1": 29
   },
   "geometry": {
    "type": "Polygon",
    "coordinates": [
     [
      [
       27,
       33
      ],
      [
       30,
       33
      ],
      [
       30,
       38
      ],
      [
       27,
       38
      ],
      [
       27,
       33
      ]
     ]
    ]
   }
  },
  {
   "type": "Feature",
   "properties": {
    "id": "52.02.07",
    "r0": 33,
    "c0": 30,
    "r1": 37,
    "c1": 32
   },
   "geometry": {
    "type": "Polygon",
    "coordinates": [
     [
      [
       30,
       33
      ],
      [
       33,
       33
      ],
      [
       33,
       38
      ],
      [
       30,
       38
      ],
      [
       30,
       33
      ]
     ]
    ]
   }
  },
  {
   "type": "Feature",
   "properties": {
    "id": "52.02.04",
    "r0": 38,
    "c0": 22,
    "r1": 40,
    "c1": 27
   },
   "geometry": {
    "type": "Polygon",
    "coordinates": [
     [
      [
       22,
       38
      ],
      [
       28,
       38
      ],
      [
       28,
       41
      ],
      [
       22,
       41
      ],
      [
       22,
       38
      ]
     ]
    ]
   }
  },
  {
   "type": "Feature",
   "properties": {
    "id": "52.02.05",
    "r0": 41,
    "c0": 22,
    "r1": 45,
    "c1": 24
   },
   "geometry": {
    "type": "Polygon",
    "coordinates": [
     [
      [
       22,
       41
      ],
      [
       25,
       41
      ],
      [
       25,
       46
      ],
      [
       22,
       46
      ],
      [
       22,
       41
      ]
     ]
    ]
   }
  },
  {
   "type": "Feature",
   "properties": {
    "id": "52.02.02",
    "r0": 41,
    "c0": 25,
    "r1": 45,
    "c1": 27
   },
   "geometry": {
    "type": "Polygon",
    "coordinates": [
     [
      [
       25,
       41
      ],
      [
       28,
       41
      ],
      [
       28,
       46
      ],
      [
       25,
       46
      ],
      [
       25,
       41
      ]
     ]
    ]
   }
  },
  {
   "type": "Feature",
   "properties": {
    "id": "52.02.10",
    "r0": 38,
    "c0": 28,
    "r1": 40,
    "c1": 32
   },
   "geometry": {
    "type": "Polygon",
    "coordinates": [
     [
      [
       28,
       38
      ],
      [
       33,
       38
      ],
      [
       33,
       41
      ],
      [
       28,
       41
      ],
      [
       28,
       38
      ]
     ]
    ]
   }
  },
  {
   "type": "Feature",
   "properties": {
    "id": "52.02.06",
    "r0": 41,
    "c0": 28,
    "r1": 45,
    "c1": 29
   },
   "geometry": {
    "type": "Polygon",
    "coordinates": [
     [
      [
       28,
       41
      ],
      [
       30,
       41
      ],
      [
       30,
       46
      ],
      [
       28,
       46
      ],
      [
       28,
       41
      ]
     ]
    ]
   }
  },
  {
   "type": "Feature",
   "properties": {
    "id": "52.02.11",
    "r0": 41,
    "c0": 30,
    "r1": 45,
    "c1": 32
   },
   "geometry": {
    "type": "Polygon",
    "coordinates": [
     [
      [
       30,
       41
      ],
      [
       33,
       41
      ],
      [
       33,
       46
      ],
      [
       30,
       46
      ],
      [
       30,
       41
      ]
     ]
    ]
   }
  },
  {
   "type": "Feature",
   "properties": {
    "id": "52.03",
    "r0": 46,
    "c0": 0,
    "r1": 63,
    "c1": 18
   },
   "geometry": {
    "type": "Polygon",
    "coordinates": [
     [
      [
       0,
       46
      ],
      [
       19,
       46
      ],
      [
       19,
       64
      ],
      [
       0,
       64
      ],
      [
       0,
       46
      ]
     ]
    ]
   }
  },
  {
   "type": "Feature",
   "properties": {
    "id": "52.03.12",
    "r0": 46,
    "c0": 0,
    "r1": 51,
    "c1": 2
   },
   "geometry": {
    "type": "Polygon",
    "coordinates": [
     [
      [
       0,
       46
      ],
      [
       3,
       46
      ],
      [
       3,
       52
      ],
      [
       0,
       52
      ],
      [
       0,
       46
      ]
     ]
    ]
   }
  },
  {
   "type": "Feature",
   "properties": {
    "id": "52.03.09",
    "r0": 46,
    "c0": 3,
    "r1": 51,
    "c1": 5
   },
   "geometry": {
    "type": "Polygon",
    "coordinates": [
     [
      [
       3,
       46
      ],
      [
       6,
       46
      ],
      [
       6,
       52
      ],
      [
       3,
       52
      ],
      [
       3,
       46
      ]
     ]
    ]
   }
  },
  {
   "type": "Feature",
   "properties": {
    "id": "52.03.08",
    "r0": 52,
    "c0": 0,
    "r1": 54,
    "c1": 5
   },
   "geometry": {
    "type": "Polygon",
    "coordinates": [
     [
      [
       0,
       52
      ],
      [
       6,
       52
      ],
      [
       6,
       55
      ],
      [
       0,
       55
      ],
      [
       0,
       52
      ]
     ]
    ]
   }
  },
  {
   "type": "Feature",
   "properties": {
    "id": "52.03.13",
    "r0": 46,
    "c0": 6,
    "r1": 50,
    "c1": 9
   },
   "geometry": {
    "type": "Polygon",
    "coordinates": [
     [
      [
       6,
       46
      ],
      [
       10,
       46
      ],
      [
       10,
       51
      ],
      [
       6,
       51
      ],
      [
       6,
       46
      ]
     ]
    ]
   }
  },
  {
   "type": "Feature",
   "properties": {
    "id": "52.03.10",
    "r0": 51,
    "c0": 6,
    "r1": 54,
    "c1": 9
   },
   "geometry": {
    "type": "Polygon",
    "coordinates": [
     [
      [
       6,
       51
      ],
      [
       10,
       51
      ],
      [
       10,
       55
      ],
      [
       6,
       55
      ],
      [
       6,
       51
      ]
     ]
    ]
   }
  },
  {
   "type": "Feature",
   "properties": {
    "id": "52.03.14",
    "r0": 55,
    "c0": 0,
    "r1": 59,
    "c1": 3
   },
   "geometry": {
    "type": "Polygon",
    "coordinates": [
     [
      [
       0,
       55
      ],
      [
       4,
       55
      ],
      [
       4,
       60
      ],
      [
       0,
       60
      ],
      [
       0,
       55
      ]
     ]
    ]
   }
  },
  {
   "type": "Feature",
   "properties": {
    "id": "52.03.17",
    "r0": 60,
    "c0": 0,
    "r1": 63,
    "c1": 3
   },
   "geometry": {
    "type": "Polygon",
    "coordinates": [
     [
      [
       0,
       60
      ],
      [
       4,
       60
      ],
      [
       4,
       64
      ],
      [
       0,
       64
      ],
      [
       0,
       60
      ]
     ]
    ]
   }
  },
  {
   "type": "Feature",
   "properties": {
    "id": "52.03.20",
    "r0": 55,
    "c0": 4,
    "r1": 58,
    "c1": 9
   },
   "geometry": {
    "type": "Polygon",
    "coordinates": [
     [
      [
       4,
       55
      ],
      [
       10,
       55
      ],
      [
       10,
       59
      ],
      [
       4,
       59
      ],
      [
       4,
       55
      ]
     ]
    ]
   }
  },
  {
   "type": "Feature",
   "properties": {
    "id": "52.03.01",
    "r0": 59,
    "c0": 4,
    "r1": 63,
    "c1": 7
   },
   "geometry": {
    "type": "Polygon",
    "coordinates": [
     [
      [
       4,
       59
      ],
      [
       8,
       59
      ],
      [
       8,
       64
      ],
      [
       4,
       64
      ],
      [
       4,
       59
      ]
     ]
    ]
   }
  },
  {
   "type": "Feature",
   "properties": {
    "id": "52.03.15",
    "r0": 59,
    "c0": 8,
    "r1": 63,
    "c1": 9
   },
   "geometry": {
    "type": "Polygon",
    "coordinates": [
     [
      [
       8,
       59
      ],
      [
       10,
       59
      ],
      [
       10,
       64
      ],
      [
       8,
       64
      ],
      [
       8,
       59
      ]
     ]
    ]
   }
  },
  {
   "type": "Feature",
   "properties": {
    "id": "52.03.19",
    "r0": 46,
    "c0": 10,
    "r1": 51,
    "c1": 13
   },
   "geometry": {
    "type": "Polygon",
    "coordinates": [
     [
      [
       10,
       46
      ],
      [
       14,
       46
      ],
      [
       14,
       52
      ],
      [
       10,
       52
      ],
      [
       10,
       46
      ]
     ]
    ]
   }
  },
  {
   "type": "Feature",
   "properties": {
    "id": "52.03.05",
    "r0": 52,
    "c0": 10,
    "r1": 54,
    "c1": 13
   },
   "geometry": {
    "type": "Polygon",
    "coordinates": [
     [
      [
       10,
       52
      ],
      [
       14,
       52
      ],
      [
       14,
       55
      ],
      [
       10,
       55
      ],
      [
       10,
       52
      ]
     ]
    ]
   }
  },
  {
   "type": "Feature",
   "properties": {
    "id": "52.03.07",
    "r0": 46,
    "c0": 14,
    "r1": 48,
    "c1": 18
   },
   "geometry": {
    "type": "Polygon",
    "coordinates": [
     [
      [
       14,
       46
      ],
      [
       19,
       46
      ],
      [
       19,
       49
      ],
      [
       14,
       49
      ],
      [
       14,
       46
      ]
     ]
    ]
   }
  },
  {
   "type": "Feature",
   "properties": {
    "id": "52.03.04",
    "r0": 49,
    "c0": 14,
    "r1": 52,
    "c1": 18
   },
   "geometry": {
    "type": "Polygon",
    "coordinates": [
     [
      [
       14,
       49
      ],
      [
       19,
       49
      ],
      [
       19,
       53
      ],
      [
       14,
       53
      ],
      [
       14,
       49
      ]
     ]
    ]
   }
  },
  {
   "type": "Feature",
   "properties": {
    "id": "52.03.06",
    "r0": 53,
    "c0": 14,
    "r1": 54,
    "c1": 18
   },
   "geometry": {
    "type": "Polygon",
    "coordinates": [
     [
      [
       14,
       53
      ],
      [
       19,
       53
      ],
      [
       19,
       55
      ],
      [
       14,
       55
      ],
      [
       14,
       53
      ]
     ]
    ]
   }
  },
  {
   "type": "Feature",
   "properties": {
    "id": "52.03.03",
    "r0": 55,
    "c0": 10,
    "r1": 58,
    "c1": 14
   },
   "geometry": {
    "type": "Polygon",
    "coordinates": [
     [
      [
       10,
       55
      ],
      [
       15,
       55
      ],
      [
       15,
       59
      ],
      [
       10,
       59
      ],
      [
       10,
       55
      ]
     ]
    ]
   }
  },
  {
   "type": "Feature",
   "properties": {
    "id": "52.03.18",
    "r0": 59,
    "c0": 10,
    "r1": 63,
    "c1": 12
   },
   "geometry": {
    "type": "Polygon",
    "coordinates": [
     [
      [
       10,
       59
      ],
      [
       13,
       59
      ],
      [
       13,
       64
      ],
      [
       10,
       64
      ],
      [
       10,
       59
      ]
     ]
    ]
   }
  },
  {
   "type": "Feature",
   "properties": {
    "id": "52.03.11",
    "r0": 59,
    "c0": 13,
    "r1": 63,
    "c1": 14
   },
   "geometry": {
    "type": "Polygon",
    "coordinates": [
     [
      [
       13,
       59
      ],
      [
       15,
       59
      ],
      [
       15,
       64
      ],
      [
       13,
       64
      ],
      [
       13,
       59
      ]
     ]
    ]
   }
  },
  {
   "type": "Feature",
   "properties": {
    "id": "52.03.02",
    "r0": 55,
    "c0": 15,
    "r1": 58,
    "c1": 18
   },
   "geometry": {
    "type": "Polygon",
    "coordinates": [
     [
      [
       15,
       55
      ],
      [
       19,
       55
      ],
      [
       19,
       59
      ],
      [
       15,
       59
      ],
      [
       15,
       55
      ]
     ]
    ]
   }
  },
  {
   "type": "Feature",
   "properties": {
    "id": "52.03.21",
    "r0": 59,
    "c0": 15,
    "r1": 61,
    "c1": 18
   },
   "geometry": {
    "type": "Polygon",
    "coordinates": [
     [
      [
       15,
       59
      ],
      [
       19,
       59
      ],
      [
       19,
       62
      ],
      [
       15,
       62
      ],
      [
       15,
       59
      ]
     ]
    ]
   }
  },
  {
   "type": "Feature",
   "properties": {
    "id": "52.03.16",
    "r0": 62,
    "c0": 15,
    "r1": 63,
    "c1": 18
   },
   "geometry": {
    "type": "Polygon",
    "coordinates": [
     [
      [
       15,
       62
      ],
      [
       19,
       62
      ],
      [
       19,
       64
      ],
      [
       15,
       64
      ],
      [
       15,
       62
      ]
     ]
    ]
   }
  },
  {
   "type": "Feature",
   "properties": {
    "id": "52.08",
    "r0": 46,
    "c0": 19,
    "r1": 49,
    "c1": 32
   },
   "geometry": {
    "type": "Polygon",
    "coordinates": [
     [
      [
       19,
       46
      ],
      [
       33,
       46
      ],
      [
       33,
       50
      ],
      [
       19,
       50
      ],
      [
       19,
       46
      ]
     ]
    ]
   }
  },
  {
   "type": "Feature",
   "properties": {
    "id": "52.08.04",
    "r0": 46,
    "c0": 19,
    "r1": 49,
    "c1": 22
   },
   "geometry": {
    "type": "Polygon",
    "coordinates": [
     [
      [
       19,
       46
      ],
      [
       23,
       46
      ],
      [
       23,
       50
      ],
      [
       19,
       50
      ],
      [
       19,
       46
      ]
     ]
    ]
   }
  },
  {
   "type": "Feature",
   "properties": {
    "id": "52.08.02",
    "r0": 46,
    "c0": 23,
    "r1": 49,
    "c1": 25
   },
   "geometry": {
    "type": "Polygon",
    "coordinates": [
     [
      [
       23,
       46
      ],
      [
       26,
       46
      ],
      [
       26,
       50
      ],
      [
       23,
       50
      ],
      [
       23,
       46
      ]
     ]
    ]
   }
  },
  {
   "type": "Feature",
   "properties": {
    "id": "52.08.03",
    "r0": 46,
    "c0": 26,
    "r1": 49,
    "c1": 28
   },
   "geometry": {
    "type": "Polygon",
    "coordinates": [
     [
      [
       26,
       46
      ],
      [
       29,
       46
      ],
      [
       29,
       50
      ],
      [
       26,
       50
      ],
      [
       26,
       46
      ]
     ]
    ]
   }
  },
  {
   "type": "Feature",
   "properties": {
    "id": "52.08.05",
    "r0": 46,
    "c0": 29,
    "r1": 49,
    "c1": 30
   },
   "geometry": {
    "type": "Polygon",
    "coordinates": [
     [
      [
       29,
       46
      ],
      [
       31,
       46
      ],
      [
       31,
       50
      ],
      [
       29,
       50
      ],
      [
       29,
       46
      ]
     ]
    ]
   }
  },
  {
   "type": "Feature",
   "properties": {
    "id": "52.08.01",
    "r0": 46,
    "c0": 31,
    "r1": 49,
    "c1": 32
   },
   "geometry": {
    "type": "Polygon",
    "coordinates": [
     [
      [
       31,
       46
      ],
      [
       33,
       46
      ],
      [
       33,
       50
      ],
      [
       31,
       50
      ],
      [
       31,
       46
      ]
     ]
    ]
   }
  },
  {
   "type": "Feature",
   "properties": {
    "id": "52.01",
    "r0": 50,
    "c0": 19,
    "r1": 63,
    "c1": 30
   },
   "geometry": {
    "type": "Polygon",
    "coordinates": [
     [
      [
       19,
       50
      ],
      [
       31,
       50
      ],
      [
       31,
       64
      ],
      [
       19,
       64
      ],
      [
       19,
       50
      ]
     ]
    ]
   }
  },
  {
   "type": "Feature",
   "properties": {
    "id": "52.01.01",
    "r0": 50,
    "c0": 19,
    "r1": 56,
    "c1": 21
   },
   "geometry": {
    "type": "Polygon",
    "coordinates": [
     [
      [
       19,
       50
      ],
      [
       22,
       50
      ],
      [
       22,
       57
      ],
      [
       19,
       57
      ],
      [
       19,
       50
      ]
     ]
    ]
   }
  },
  {
   "type": "Feature",
   "properties": {
    "id": "52.01.03",
    "r0": 50,
    "c0": 22,
    "r1": 56,
    "c1": 25
   },
   "geometry": {
    "type": "Polygon",
    "coordinates": [
     [
      [
       22,
       50
      ],
      [
       26,
       50
      ],
      [
       26,
       57
      ],
      [
       22,
       57
      ],
      [
       22,
       50
      ]
     ]
    ]
   }
  },
  {
   "type": "Feature",
   "properties": {
    "id": "52.01.08",
    "r0": 50,
    "c0": 26,
    "r1": 53,
    "c1": 30
   },
   "geometry": {
    "type": "Polygon",
    "coordinates": [
     [
      [
       26,
       50
      ],
      [
       31,
       50
      ],
      [
       31,
       54
      ],
      [
       26,
       54
      ],
      [
       26,
       50
      ]
     ]
    ]
   }
  },
  {
   "type": "Feature",
   "properties": {
    "id": "52.01.02",
    "r0": 54,
    "c0": 26,
    "r1": 56,
    "c1": 30
   },
   "geometry": {
    "type": "Polygon",
    "coordinates": [
     [
      [
       26,
       54
      ],
      [
       31,
       54
      ],
      [
       31,
       57
      ],
      [
       26,
       57
      ],
      [
       26,
       54
      ]
     ]
    ]
   }
  },
  {
   "type": "Feature",
   "properties": {
    "id": "52.01.12",
    "r0": 57,
    "c0": 19,
    "r1": 59,
    "c1": 24
   },
   "geometry": {
    "type": "Polygon",
    "coordinates": [
     [
      [
       19,
       57
      ],
      [
       25,
       57
      ],
      [
       25,
       60
      ],
      [
       19,
       60
      ],
      [
       19,
       57
      ]
     ]
    ]
   }
  },
  {
   "type": "Feature",
   "properties": {
    "id": "52.01.14",
    "r0": 60,
    "c0": 19,
    "r1": 63,
    "c1": 21
   },
   "geometry": {
    "type": "Polygon",
    "coordinates": [
     [
      [
       19,
       60
      ],
      [
       22,
       60
      ],
      [
       22,
       64
      ],
      [
       19,
       64
      ],
      [
       19,
       60
      ]
     ]
    ]
   }
  },
  {
   "type": "Feature",
   "properties": {
    "id": "52.01.07",
    "r0": 60,
    "c0": 22,
    "r1": 63,
    "c1": 24
   },
   "geometry": {
    "type": "Polygon",
    "coordinates": [
     [
      [
       22,
       60
      ],
      [
       25,
       60
      ],
      [
       25,
       64
      ],
      [
       22,
       64
      ],
      [
       22,
       60
      ]
     ]
    ]
   }
  },
  {
   "type": "Feature",
   "properties": {
    "id": "52.01.09",
    "r0": 57,
    "c0": 25,
    "r1": 60,
    "c1": 30
   },
   "geometry": {
    "type": "Polygon",
    "coordinates": [
     [
      [
       25,
       57
      ],
      [
       31,
       57
      ],
      [
       31,
       61
      ],
      [
       25,
       61
      ],
      [
       25,
       57
      ]
     ]
    ]
   }
  },
  {
   "type": "Feature",
   "properties": {
    "id": "52.01.13",
    "r0": 61,
    "c0": 25,
    "r1": 63,
    "c1": 28
   },
   "geometry": {
    "type": "Polygon",
    "coordinates": [
     [
      [
       25,
       61
      ],
      [
       29,
       61
      ],
      [
       29,
       64
      ],
      [
       25,
       64
      ],
      [
       25,
       61
      ]
     ]
    ]
   }
  },
  {
   "type": "Feature",
   "properties": {
    "id": "52.01.15",
    "r0": 61,
    "c0": 29,
    "r1": 63,
    "c1": 30
   },
   "geometry": {
    "type": "Polygon",
    "coordinates": [
     [
      [
       29,
       61
      ],
      [
       31,
       61
      ],
      [
       31,
       64
      ],
      [
       29,
       64
      ],
      [
       29,
       61
      ]
     ]
    ]
   }
  },
  {
   "type": "Feature",
   "properties": {
    "id": "52.05",
    "r0": 50,
    "c0": 31,
    "r1": 59,
    "c1": 32
   },
   "geometry": {
    "type": "Polygon",
    "coordinates": [
     [
      [
       31,
       50
      ],
      [
       33,
       50
      ],
      [
       33,
       60
      ],
      [
       31,
       60
      ],
      [
       31,
       50
      ]
     ]
    ]
   }
  },
  {
   "type": "Feature",
   "properties": {
    "id": "52.05.06",
    "r0": 50,
    "c0": 31,
    "r1": 59,
    "c1": 32
   },
   "geometry": {
    "type": "Polygon",
    "coordinates": [
     [
      [
       31,
       50
      ],
      [
       33,
       50
      ],
      [
       33,
       60
      ],
      [
       31,
       60
      ],
      [
       31,
       50
      ]
     ]
    ]
   }
  },
  {
   "type": "Feature",
   "properties": {
    "id": "52.06",
    "r0": 60,
    "c0": 31,
    "r1": 63,
    "c1": 32
   },
   "geometry": {
    "type": "Polygon",
    "coordinates": [
     [
      [
       31,
       60
      ],
      [
       33,
       60
      ],
      [
       33,
       64
      ],
      [
       31,
       64
      ],
      [
       31,
       60
      ]
     ]
    ]
   }
  },
  {
   "type": "Feature",
   "properties": {
    "id": "52.06.14",
    "r0": 60,
    "c0": 31,
    "r1": 63,
    "c1": 32
   },
   "geometry": {
    "type": "Polygon",
    "coordinates": [
     [
      [
       31,
       60
      ],
      [
       33,
       60
      ],
      [
       33,
       64
      ],
      [
       31,
       64
      ],
      [
       31,
       60
      ]
     ]
    ]
   }
  },
  {
   "type": "Feature",
   "properties": {
    "id": "32",
    "r0": 0,
    "c0": 33,
    "r1": 53,
    "c1": 88
   },
   "geometry": {
    "type": "Polygon",
    "coordinates": [
     [
      [
       33,
       0
      ],
      [
       89,
       0
      ],
      [
       89,
       54
      ],
      [
       33,
       54
      ],
      [
       33,
       0
      ]
     ]
    ]
   }
  },
  {
   "type": "Feature",
   "properties": {
    "id": "32.06",
    "r0": 0,
    "c0": 33,
    "r1": 25,
    "c1": 50
   },
   "geometry": {
    "type": "Polygon",
    "coordinates": [
     [
      [
       33,
       0
      ],
      [
       51,
       0
      ],
      [
       51,
       26
      ],
      [
       33,
       26
      ],
      [
       33,
       0
      ]
     ]
    ]
   }
  },
  {
   "type": "Feature",
   "properties": {
    "id": "32.06.20",
    "r0": 0,
    "c0": 33,
    "r1": 2,
    "c1": 37
   },
   "geometry": {
    "type": "Polygon",
    "coordinates": [
     [
      [
       33,
       0
      ],
      [
       38,
       0
      ],
      [
       38,
       3
      ],
      [
       33,
       3
      ],
      [
       33,
       0
      ]
     ]
    ]
   }
  },
  {
   "type": "Feature",
   "properties": {
    "id": "32.06.28",
    "r0": 3,
    "c0": 33,
    "r1": 6,
    "c1": 34
   },
   "geometry": {
    "type": "Polygon",
    "coordinates": [
     [
      [
       33,
       3
      ],
      [
       35,
       3
      ],
      [
       35,
       7
      ],
      [
       33,
       7
      ],
      [
       33,
       3
      ]
     ]
    ]
   }
  },
  {
   "type": "Feature",
   "properties": {
    "id": "32.06.39",
    "r0": 3,
    "c0": 35,
    "r1": 6,
    "c1": 37
   },
   "geometry": {
    "type": "Polygon",
    "coordinates": [
     [
      [
       35,
       3
      ],
      [
       38,
       3
      ],
      [
       38,
       7
      ],
      [
       35,
       7
      ],
      [
       35,
       3
      ]
     ]
    ]
   }
  },
  {
   "type": "Feature",
   "properties": {
    "id": "32.06.18",
    "r0": 0,
    "c0": 38,
    "r1": 2,
    "c1": 41
   },
   "geometry": {
    "type": "Polygon",
    "coordinates": [
     [
      [
       38,
       0
      ],
      [
       42,
       0
      ],
      [
       42,
       3
      ],
      [
       38,
       3
      ],
      [
       38,
       0
      ]
     ]
    ]
   }
  },
  {
   "type": "Feature",
   "properties": {
    "id": "32.06.01",
    "r0": 3,
    "c0": 38,
    "r1": 6,
    "c1": 41
   },
   "geometry": {
    "type": "Polygon",
    "coordinates": [
     [
      [
       38,
       3
      ],
      [
       42,
       3
      ],
      [
       42,
       7
      ],
      [
       38,
       7
      ],
      [
       38,
       3
      ]
     ]
    ]
   }
  },
  {
   "type": "Feature",
   "properties": {
    "id": "32.06.13",
    "r0": 7,
    "c0": 33,
    "r1": 9,
    "c1": 36
   },
   "geometry": {
    "type": "Polygon",
    "coordinates": [
     [
      [
       33,
       7
      ],
      [
       37,
       7
      ],
      [
       37,
       10
      ],
      [
       33,
       10
      ],
      [
       33,
       7
      ]
     ]
    ]
   }
  },
  {
   "type": "Feature",
   "properties": {
    "id": "32.06.33",
    "r0": 10,
    "c0": 33,
    "r1": 12,
    "c1": 36
   },
   "geometry": {
    "type": "Polygon",
    "coordinates": [
     [
      [
       33,
       10
      ],
      [
       37,
       10
      ],
      [
       37,
       13
      ],
      [
       33,
       13
      ],
      [
       33,
       10
      ]
     ]
    ]
   }
  },
  {
   "type": "Feature",
   "properties": {
    "id": "32.06.07",
    "r0": 7,
    "c0": 37,
    "r1": 8,
    "c1": 41
   },
   "geometry": {
    "type": "Polygon",
    "coordinates": [
     [
      [
       37,
       7
      ],
      [
       42,
       7
      ],
      [
       42,
       9
      ],
      [
       37,
       9
      ],
      [
       37,
       7
      ]
     ]
    ]
   }
  },
  {
   "type": "Feature",
   "properties": {
    "id": "32.06.22",
    "r0": 9,
    "c0": 37,
    "r1": 12,
    "c1": 41
   },
   "geometry": {
    "type": "Polygon",
    "coordinates": [
     [
      [
       37,
       9
      ],
      [
       42,
       9
      ],
      [
       42,
       13
      ],
      [
       37,
       13
      ],
      [
       37,
       9
      ]
     ]
    ]
   }
  },
  {
   "type": "Feature",
   "properties": {
    "id": "32.06.09",
    "r0": 0,
    "c0": 42,
    "r1": 4,
    "c1": 43
   },
   "geometry": {
    "type": "Polygon",
    "coordinates": [
     [
      [
       42,
       0
      ],
      [
       44,
       0
      ],
      [
       44,
       5
      ],
      [
       42,
       5
      ],
      [
       42,
       0
      ]
     ]
    ]
   }
  },
  {
   "type": "Feature",
   "properties": {
    "id": "32.06.11",
    "r0": 0,
    "c0": 44,
    "r1": 4,
    "c1": 46
   },
   "geometry": {
    "type": "Polygon",
    "coordinates": [
     [
      [
       44,
       0
      ],
      [
       47,
       0
      ],
      [
       47,
       5
      ],
      [
       44,
       5
      ],
      [
       44,
       0
      ]
     ]
    ]
   }
  },
  {
   "type": "Feature",
   "properties": {
    "id": "32.06.35",
    "r0": 5,
    "c0": 42,
    "r1": 6,
    "c1": 46
   },
   "geometry": {
    "type": "Polygon",
    "coordinates": [
     [
      [
       42,
       5
      ],
      [
       47,
       5
      ],
      [
       47,
       7
      ],
      [
       42,
       7
      ],
      [
       42,
       5
      ]
     ]
    ]
   }
  },
  {
   "type": "Feature",
   "properties": {
    "id": "32.06.10",
    "r0": 0,
    "c0": 47,
    "r1": 3,
    "c1": 48
   },
   "geometry": {
    "type": "Polygon",
    "coordinates": [
     [
      [
       47,
       0
      ],
      [
       49,
       0
      ],
      [
       49,
       4
      ],
      [
       47,
       4
      ],
      [
       47,
       0
      ]
     ]
    ]
   }
  },
  {
   "type": "Feature",
   "properties": {
    "id": "32.06.23",
    "r0": 0,
    "c0": 49,
    "r1": 3,
    "c1": 50
   },
   "geometry": {
    "type": "Polygon",
    "coordinates": [
     [
      [
       49,
       0
      ],
      [
       51,
       0
      ],
      [
       51,
       4
      ],
      [
       49,
       4
      ],
      [
       49,
       0
      ]
     ]
    ]
   }
  },
  {
   "type": "Feature",
   "properties": {
    "id": "32.06.36",
    "r0": 4,
    "c0": 47,
    "r1": 6,
    "c1": 50
   },
   "geometry": {
    "type": "Polygon",
    "coordinates": [
     [
      [
       47,
       4
      ],
      [
       51,
       4
      ],
      [
       51,
       7
      ],
      [
       47,
       7
      ],
      [
       47,
       4
      ]
     ]
    ]
   }
  },
  {
   "type": "Feature",
   "properties": {
    "id": "32.06.37",
    "r0": 7,
    "c0": 42,
    "r1": 8,
    "c1": 44
   },
   "geometry": {
    "type": "Polygon",
    "coordinates": [
     [
      [
       42,
       7
      ],
      [
       45,
       7
      ],
      [
       45,
       9
      ],
      [
       42,
       9
      ],
      [
       42,
       7
      ]
     ]
    ]
   }
  },
  {
   "type": "Feature",
   "properties": {
    "id": "32.06.05",
    "r0": 9,
    "c0": 42,
    "r1": 12,
    "c1": 44
   },
   "geometry": {
    "type": "Polygon",
    "coordinates": [
     [
      [
       42,
       9
      ],
      [
       45,
       9
      ],
      [
       45,
       13
      ],
      [
       42,
       13
      ],
      [
       42,
       9
      ]
     ]
    ]
   }
  },
  {
   "type": "Feature",
   "properties": {
    "id": "32.06.02",
    "r0": 7,
    "c0": 45,
    "r1": 12,
    "c1": 47
   },
   "geometry": {
    "type": "Polygon",
    "coordinates": [
     [
      [
       45,
       7
      ],
      [
       48,
       7
      ],
      [
       48,
       13
      ],
      [
       45,
       13
      ],
      [
       45,
       7
      ]
     ]
    ]
   }
  },
  {
   "type": "Feature",
   "properties": {
    "id": "32.06.16",
    "r0": 7,
    "c0": 48,
    "r1": 9,
    "c1": 50
   },
   "geometry": {
    "type": "Polygon",
    "coordinates": [
     [
      [
       48,
       7
      ],
      [
       51,
       7
      ],
      [
       51,
       10
      ],
      [
       48,
       10
      ],
      [
       48,
       7
      ]
     ]
    ]
   }
  },
  {
   "type": "Feature",
   "properties": {
    "id": "32.06.06",
    "r0": 10,
    "c0": 48,
    "r1": 12,
    "c1": 50
   },
   "geometry": {
    "type": "Polygon",
    "coordinates": [
     [
      [
       48,
       10
      ],
      [
       51,
       10
      ],
      [
       51,
       13
      ],
      [
       48,
       13
      ],
      [
       48,
       10
      ]
     ]
    ]
   }
  },
  {
   "type": "Feature",
   "properties": {
    "id": "32.06.03",
    "r0": 13,
    "c0": 33,
    "r1": 15,
    "c1": 37
   },
   "geometry": {
    "type": "Polygon",
    "coordinates": [
     [
      [
       33,
       13
      ],
      [
       38,
       13
      ],
      [
       38,
       16
      ],
      [
       33,
       16
      ],
      [
       33,
       13
      ]
     ]
    ]
   }
  },
  {
   "type": "Feature",
   "properties": {
    "id": "32.06.04",
    "r0": 16,
    "c0": 33,
    "r1": 18,
    "c1": 37
   },
   "geometry": {
    "type": "Polygon",
    "coordinates": [
     [
      [
       33,
       16
      ],
      [
       38,
       16
      ],
      [
       38,
       19
      ],
      [
       33,
       19
      ],
      [
       33,
       16
      ]
     ]
    ]
   }
  },
  {
   "type": "Feature",
   "properties": {
    "id": "32.06.27",
    "r0": 13,
    "c0": 38,
    "r1": 18,
    "c1": 41
   },
   "geometry": {
    "type": "Polygon",
    "coordinates": [
     [
      [
       38,
       13
      ],
      [
       42,
       13
      ],
      [
       42,
       19
      ],
      [
       38,
       19
      ],
      [
       38,
       13
      ]
     ]
    ]
   }
  },
  {
   "type": "Feature",
   "properties": {
    "id": "32.06.32",
    "r0": 19,
    "c0": 33,
    "r1": 22,
    "c1": 37
   },
   "geometry": {
    "type": "Polygon",
    "coordinates": [
     [
      [
       33,
       19
      ],
      [
       38,
       19
      ],
      [
       38,
       23
      ],
      [
       33,
       23
      ],
      [
       33,
       19
      ]
     ]
    ]
   }
  },
  {
   "type": "Feature",
   "properties": {
    "id": "32.06.12",
    "r0": 23,
    "c0": 33,
    "r1": 25,
    "c1": 37
   },
   "geometry": {
    "type": "Polygon",
    "coordinates": [
     [
      [
       33,
       23
      ],
      [
       38,
       23
      ],
      [
       38,
       26
      ],
      [
       33,
       26
      ],
      [
       33,
       23
      ]
     ]
    ]
   }
  },
  {
   "type": "Feature",
   "properties": {
    "id": "32.06.24",
    "r0": 19,
    "c0": 38,
    "r1": 21,
    "c1": 41
   },
   "geometry": {
    "type": "Polygon",
    "coordinates": [
     [
      [
       38,
       19
      ],
      [
       42,
       19
      ],
      [
       42,
       22
      ],
      [
       38,
       22
      ],
      [
       38,
       19
      ]
     ]
    ]
   }
  },
  {
   "type": "Feature",
   "properties": {
    "id": "32.06.29",
    "r0": 22,
    "c0": 38,
    "r1": 25,
    "c1": 39
   },
   "geometry": {
    "type": "Polygon",
    "coordinates": [
     [
      [
       38,
       22
      ],
      [
       40,
       22
      ],
      [
       40,
       26
      ],
      [
       38,
       26
      ],
      [
       38,
       22
      ]
     ]
    ]
   }
  },
  {
   "type": "Feature",
   "properties": {
    "id": "32.06.15",
    "r0": 22,
    "c0": 40,
    "r1": 25,
    "c1": 41
   },
   "geometry": {
    "type": "Polygon",
    "coordinates": [
     [
      [
       40,
       22
      ],
      [
       42,
       22
      ],
      [
       42,
       26
      ],
      [
       40,
       26
      ],
      [
       40,
       22
      ]
     ]
    ]
   }
  },
  {
   "type": "Feature",
   "properties": {
    "id": "32.06.38",
    "r0": 13,
    "c0": 42,
    "r1": 14,
    "c1": 46
   },
   "geometry": {
    "type": "Polygon",
    "coordinates": [
     [
      [
       42,
       13
      ],
      [
       47,
       13
      ],
      [
       47,
       15
      ],
      [
       42,
       15
      ],
      [
       42,
       13
      ]
     ]
    ]
   }
  },
  {
   "type": "Feature",
   "properties": {
    "id": "32.06.21",
    "r0": 15,
    "c0": 42,
    "r1": 15,
    "c1": 46
   },
   "geometry": {
    "type": "Polygon",
    "coordinates": [
     [
      [
       42,
       15
      ],
      [
       47,
       15
      ],
      [
       47,
       16
      ],
      [
       42,
       16
      ],
      [
       42,
       15
      ]
     ]
    ]
   }
  },
  {
   "type": "Feature",
   "properties": {
    "id": "32.06.19",
    "r0": 16,
    "c0": 42,
    "r1": 18,
    "c1": 46
   },
   "geometry": {
    "type": "Polygon",
    "coordinates": [
     [
      [
       42,
       16
      ],
      [
       47,
       16
      ],
      [
       47,
       19
      ],
      [
       42,
       19
      ],
      [
       42,
       16
      ]
     ]
    ]
   }
  },
  {
   "type": "Feature",
   "properties": {
    "id": "32.06.34",
    "r0": 13,
    "c0": 47,
    "r1": 15,
    "c1": 50
   },
   "geometry": {
    "type": "Polygon",
    "coordinates": [
     [
      [
       47,
       13
      ],
      [
       51,
       13
      ],
      [
       51,
       16
      ],
      [
       47,
       16
      ],
      [
       47,
       13
      ]
     ]
    ]
   }
  },
  {
   "type": "Feature",
   "properties": {
    "id": "32.06.31",
    "r0": 16,
    "c0": 47,
    "r1": 18,
    "c1": 50
   },
   "geometry": {
    "type": "Polygon",
    "coordinates": [
     [
      [
       47,
       16
      ],
      [
       51,
       16
      ],
      [
       51,
       19
      ],
      [
       47,
       19
      ],
      [
       47,
       16
      ]
     ]
    ]
   }
  },
  {
   "type": "Feature",
   "properties": {
    "id": "32.06.08",
    "r0": 19,
    "c0": 42,
    "r1": 21,
    "c1": 45
   },
   "geometry": {
    "type": "Polygon",
    "coordinates": [
     [
      [
       42,
       19
      ],
      [
       46,
       19
      ],
      [
       46,
       22
      ],
      [
       42,
       22
      ],
      [
       42,
       19
      ]
     ]
    ]
   }
  },
  {
   "type": "Feature",
   "properties": {
    "id": "32.06.14",
    "r0": 22,
    "c0": 42,
    "r1": 25,
    "c1": 45
   },
   "geometry": {
    "type": "Polygon",
    "coordinates": [
     [
      [
       42,
       22
      ],
      [
       46,
       22
      ],
      [
       46,
       26
      ],
      [
       42,
       26
      ],
      [
       42,
       22
      ]
     ]
    ]
   }
  },
  {
   "type": "Feature",
   "properties": {
    "id": "32.06.17",
    "r0": 19,
    "c0": 46,
    "r1": 22,
    "c1": 48
   },
   "geometry": {
    "type": "Polygon",
    "coordinates": [
     [
      [
       46,
       19
      ],
      [
       49,
       19
      ],
      [
       49,
       23
      ],
      [
       46,
       23
      ],
      [
       46,
       19
      ]
     ]
    ]
   }
  },
  {
   "type": "Feature",
   "properties": {
    "id": "32.06.30",
    "r0": 19,
    "c0": 49,
    "r1": 22,
    "c1": 50
   },
   "geometry": {
    "type": "Polygon",
    "coordinates": [
     [
      [
       49,
       19
      ],
      [
       51,
       19
      ],
      [
       51,
       23
      ],
      [
       49,
       23
      ],
      [
       49,
       19
      ]
     ]
    ]
   }
  },
  {
   "type": "Feature",
   "properties": {
    "id": "32.06.25",
    "r0": 23,
    "c0": 46,
    "r1": 25,
    "c1": 48
   },
   "geometry": {
    "type": "Polygon",
    "coordinates": [
     [
      [
       46,
       23
      ],
      [
       49,
       23
      ],
      [
       49,
       26
      ],
      [
       46,
       26
      ],
      [
       46,
       23
      ]
     ]
    ]
   }
  },
  {
   "type": "Feature",
   "properties": {
    "id": "32.06.26",
    "r0": 23,
    "c0": 49,
    "r1": 25,
    "c1": 50
   },
   "geometry": {
    "type": "Polygon",
    "coordinates": [
     [
      [
       49,
       23
      ],
      [
       51,
       23
      ],
      [
       51,
       26
      ],
      [
       49,
       26
      ],
      [
       49,
       23
      ]
     ]
    ]
   }
  },
  {
   "type": "Feature",
   "properties": {
    "id": "32.10",
    "r0": 0,
    "c0": 51,
    "r1": 14,
    "c1": 58
   },
   "geometry": {
    "type": "Polygon",
    "coordinates": [
     [
      [
       51,
       0
      ],
      [
       59,
       0
      ],
      [
       59,
       15
      ],
      [
       51,
       15
      ],
      [
       51,
       0
      ]
     ]
    ]
   }
  },
  {
   "type": "Feature",
   "properties": {
    "id": "32.10.04",
    "r0": 0,
    "c0": 51,
    "r1": 3,
    "c1": 55
   },
   "geometry": {
    "type": "Polygon",
    "coordinates": [
     [
      [
       51,
       0
      ],
      [
       56,
       0
      ],
      [
       56,
       4
      ],
      [
       51,
       4
      ],
      [
       51,
       0
      ]
     ]
    ]
   }
  },
  {
   "type": "Feature",
   "properties": {
    "id": "32.10.03",
    "r0": 4,
    "c0": 51,
    "r1": 7,
    "c1": 55
   },
   "geometry": {
    "type": "Polygon",
    "coordinates": [
     [
      [
       51,
       4
      ],
      [
       56,
       4
      ],
      [
       56,
       8
      ],
      [
       51,
       8
      ],
      [
       51,
       4
      ]
     ]
    ]
   }
  },
  {
   "type": "Feature",
   "properties": {
    "id": "32.10.01",
    "r0": 0,
    "c0": 56,
    "r1": 7,
    "c1": 58
   },
   "geometry": {
    "type": "Polygon",
    "coordinates": [
     [
      [
       56,
       0
      ],
      [
       59,
       0
      ],
      [
       59,
       8
      ],
      [
       56,
       8
      ],
      [
       56,
       0
      ]
     ]
    ]
   }
  },
  {
   "type": "Feature",
   "properties": {
    "id": "32.10.22",
    "r0": 8,
    "c0": 51,
    "r1": 10,
    "c1": 53
   },
   "geometry": {
    "type": "Polygon",
    "coordinates": [
     [
      [
       51,
       8
      ],
      [
       54,
       8
      ],
      [
       54,
       11
      ],
      [
       51,
       11
      ],
      [
       51,
       8
      ]
     ]
    ]
   }
  },
  {
   "type": "Feature",
   "properties": {
    "id": "32.10.02",
    "r0": 11,
    "c0": 51,
    "r1": 14,
    "c1": 53
   },
   "geometry": {
    "type": "Polygon",
    "coordinates": [
     [
      [
       51,
       11
      ],
      [
       54,
       11
      ],
      [
       54,
       15
      ],
      [
       51,
       15
      ],
      [
       51,
       11
      ]
     ]
    ]
   }
  },
  {
   "type": "Feature",
   "properties": {
    "id": "32.10.26",
    "r0": 8,
    "c0": 54,
    "r1": 10,
    "c1": 58
   },
   "geometry": {
    "type": "Polygon",
    "coordinates": [
     [
      [
       54,
       8
      ],
      [
       59,
       8
      ],
      [
       59,
       11
      ],
      [
       54,
       11
      ],
      [
       54,
       8
      ]
     ]
    ]
   }
  },
  {
   "type": "Feature",
   "properties": {
    "id": "32.10.23",
    "r0": 11,
    "c0": 54,
    "r1": 14,
    "c1": 58
   },
   "geometry": {
    "type": "Polygon",
    "coordinates": [
     [
      [
       54,
       11
      ],
      [
       59,
       11
      ],
      [
       59,
       15
      ],
      [
       54,
       15
      ],
      [
       54,
       11
      ]
     ]
    ]
   }
  },
  {
   "type": "Feature",
   "properties": {
    "id": "32.78",
    "r0": 15,
    "c0": 51,
    "r1": 25,
    "c1": 58
   },
   "geometry": {
    "type": "Polygon",
    "coordinates": [
     [
      [
       51,
       15
      ],
      [
       59,
       15
      ],
      [
       59,
       26
      ],
      [
       51,
       26
      ],
      [
       51,
       15
      ]
     ]
    ]
   }
  },
  {
   "type": "Feature",
   "properties": {
    "id": "32.78.01",
    "r0": 15,
    "c0": 51,
    "r1": 16,
    "c1": 54
   },
   "geometry": {
    "type": "Polygon",
    "coordinates": [
     [
      [
       51,
       15
      ],
      [
       55,
       15
      ],
      [
       55,
       17
      ],
      [
       51,
       17
      ],
      [
       51,
       15
      ]
     ]
    ]
   }
  },
  {
   "type": "Feature",
   "properties": {
    "id": "32.78.06",
    "r0": 17,
    "c0": 51,
    "r1": 19,
    "c1": 54
   },
   "geometry": {
    "type": "Polygon",
    "coordinates": [
     [
      [
       51,
       17
      ],
      [
       55,
       17
      ],
      [
       55,
       20
      ],
      [
       51,
       20
      ],
      [
       51,
       17
      ]
     ]
    ]
   }
  },
  {
   "type": "Feature",
   "properties": {
    "id": "32.78.09",
    "r0": 15,
    "c0": 55,
    "r1": 16,
    "c1": 58
   },
   "geometry": {
    "type": "Polygon",
    "coordinates": [
     [
      [
       55,
       15
      ],
      [
       59,
       15
      ],
      [
       59,
       17
      ],
      [
       55,
       17
      ],
      [
       55,
       15
      ]
     ]
    ]
   }
  },
  {
   "type": "Feature",
   "properties": {
    "id": "32.78.05",
    "r0": 17,
    "c0": 55,
    "r1": 19,
    "c1": 58
   },
   "geometry": {
    "type": "Polygon",
    "coordinates": [
     [
      [
       55,
       17
      ],
      [
       59,
       17
      ],
      [
       59,
       20
      ],
      [
       55,
       20
      ],
      [
       55,
       17
      ]
     ]
    ]
   }
  },
  {
   "type": "Feature",
   "properties": {
    "id": "32.78.08",
    "r0": 20,
    "c0": 51,
    "r1": 22,
    "c1": 54
   },
   "geometry": {
    "type": "Polygon",
    "coordinates": [
     [
      [
       51,
       20
      ],
      [
       55,
       20
      ],
      [
       55,
       23
      ],
      [
       51,
       23
      ],
      [
       51,
       20
      ]
     ]
    ]
   }
  },
  {
   "type": "Feature",
   "properties": {
    "id": "32.78.03",
    "r0": 23,
    "c0": 51,
    "r1": 25,
    "c1": 52
   },
   "geometry": {
    "type": "Polygon",
    "coordinates": [
     [
      [
       51,
       23
      ],
      [
       53,
       23
      ],
      [
       53,
       26
      ],
      [
       51,
       26
      ],
      [
       51,
       23
      ]
     ]
    ]
   }
  },
  {
   "type": "Feature",
   "properties": {
    "id": "32.78.02",
    "r0": 23,
    "c0": 53,
    "r1": 25,
    "c1": 54
   },
   "geometry": {
    "type": "Polygon",
    "coordinates": [
     [
      [
       53,
       23
      ],
      [
       55,
       23
      ],
      [
       55,
       26
      ],
      [
       53,
       26
      ],
      [
       53,
       23
      ]
     ]
    ]
   }
  },
  {
   "type": "Feature",
   "properties": {
    "id": "32.78.04",
    "r0": 20,
    "c0": 55,
    "r1": 21,
    "c1": 58
   },
   "geometry": {
    "type": "Polygon",
    "coordinates": [
     [
      [
       55,
       20
      ],
      [
       59,
       20
      ],
      [
       59,
       22
      ],
      [
       55,
       22
      ],
      [
       55,
       20
      ]
     ]
    ]
   }
  },
  {
   "type": "Feature",
   "properties": {
    "id": "32.78.07",
    "r0": 22,
    "c0": 55,
    "r1": 25,
    "c1": 56
   },
   "geometry": {
    "type": "Polygon",
    "coordinates": [
     [
      [
       55,
       22
      ],
      [
       57,
       22
      ],
      [
       57,
       26
      ],
      [
       55,
       26
      ],
      [
       55,
       22
      ]
     ]
    ]
   }
  },
  {
   "type": "Feature",
   "properties": {
    "id": "32.78.10",
    "r0": 22,
    "c0": 57,
    "r1": 25,
    "c1": 58
   },
   "geometry": {
    "type": "Polygon",
    "coordinates": [
     [
      [
       57,
       22
      ],
      [
       59,
       22
      ],
      [
       59,
       26
      ],
      [
       57,
       26
      ],
      [
       57,
       22
      ]
     ]
    ]
   }
  },
  {
   "type": "Feature",
   "properties": {
    "id": "32.05",
    "r0": 26,
    "c0": 33,
    "r1": 48,
    "c1": 58
   },
   "geometry": {
    "type": "Polygon",
    "coordinates": [
     [
      [
       33,
       26
      ],
      [
       59,
       26
      ],
      [
       59,
       49
      ],
      [
       33,
       49
      ],
      [
       33,
       26
      ]
     ]
    ]
   }
  },
  {
   "type": "Feature",
   "properties": {
    "id": "32.05.30",
    "r0": 26,
    "c0": 33,
    "r1": 30,
    "c1": 35
   },
   "geometry": {
    "type": "Polygon",
    "coordinates": [
     [
      [
       33,
       26
      ],
      [
       36,
       26
      ],
      [
       36,
       31
      ],
      [
       33,
       31
      ],
      [
       33,
       26
      ]
     ]
    ]
   }
  },
  {
   "type": "Feature",
   "properties": {
    "id": "32.05.41",
    "r0": 26,
    "c0": 36,
    "r1": 30,
    "c1": 38
   },
   "geometry": {
    "type": "Polygon",
    "coordinates": [
     [
      [
       36,
       26
      ],
      [
       39,
       26
      ],
      [
       39,
       31
      ],
      [
       36,
       31
      ],
      [
       36,
       26
      ]
     ]
    ]
   }
  },
  {
   "type": "Feature",
   "properties": {
    "id": "32.05.06",
    "r0": 31,
    "c0": 33,
    "r1": 33,
    "c1": 38
   },
   "geometry": {
    "type": "Polygon",
    "coordinates": [
     [
      [
       33,
       31
      ],
      [
       39,
       31
      ],
      [
       39,
       34
      ],
      [
       33,
       34
      ],
      [
       33,
       31
      ]
     ]
    ]
   }
  },
  {
   "type": "Feature",
   "properties": {
    "id": "32.05.20",
    "r0": 34,
    "c0": 33,
    "r1": 37,
    "c1": 38
   },
   "geometry": {
    "type": "Polygon",
    "coordinates": [
     [
      [
       33,
       34
      ],
      [
       39,
       34
      ],
      [
       39,
       38
      ],
      [
       33,
       38
      ],
      [
       33,
       34
      ]
     ]
    ]
   }
  },
  {
   "type": "Feature",
   "properties": {
    "id": "32.05.17",
    "r0": 26,
    "c0": 39,
    "r1": 30,
    "c1": 42
   },
   "geometry": {
    "type": "Polygon",
    "coordinates": [
     [
      [
       39,
       26
      ],
      [
       43,
       26
      ],
      [
       43,
       31
      ],
      [
       39,
       31
      ],
      [
       39,
       26
      ]
     ]
    ]
   }
  },
  {
   "type": "Feature",
   "properties": {
    "id": "32.05.23",
    "r0": 26,
    "c0": 43,
    "r1": 30,
    "c1": 45
   },
   "geometry": {
    "type": "Polygon",
    "coordinates": [
     [
      [
       43,
       26
      ],
      [
       46,
       26
      ],
      [
       46,
       31
      ],
      [
       43,
       31
      ],
      [
       43,
       26
      ]
     ]
    ]
   }
  },
  {
   "type": "Feature",
   "properties": {
    "id": "32.05.14",
    "r0": 31,
    "c0": 39,
    "r1": 37,
    "c1": 43
   },
   "geometry": {
    "type": "Polygon",
    "coordinates": [
     [
      [
       39,
       31
      ],
      [
       44,
       31
      ],
      [
       44,
       38
      ],
      [
       39,
       38
      ],
      [
       39,
       31
      ]
     ]
    ]
   }
  },
  {
   "type": "Feature",
   "properties": {
    "id": "32.05.08",
    "r0": 31,
    "c0": 44,
    "r1": 37,
    "c1": 45
   },
   "geometry": {
    "type": "Polygon",
    "coordinates": [
     [
      [
       44,
       31
      ],
      [
       46,
       31
      ],
      [
       46,
       38
      ],
      [
       44,
       38
      ],
      [
       44,
       31
      ]
     ]
    ]
   }
  },
  {
   "type": "Feature",
   "properties": {
    "id": "32.05.18",
    "r0": 38,
    "c0": 33,
    "r1": 42,
    "c1": 33
   },
   "geometry": {
    "type": "Polygon",
    "coordinates": [
     [
      [
       33,
       38
      ],
      [
       34,
       38
      ],
      [
       34,
       43
      ],
      [
       33,
       43
      ],
      [
       33,
       38
      ]
     ]
    ]
   }
  },
  {
   "type": "Feature",
   "properties": {
    "id": "32.05.31",
    "r0": 38,
    "c0": 34,
    "r1": 42,
    "c1": 37
   },
   "geometry": {
    "type": "Polygon",
    "coordinates": [
     [
      [
       34,
       38
      ],
      [
       38,
       38
      ],
      [
       38,
       43
      ],
      [
       34,
       43
      ],
      [
       34,
       38
      ]
     ]
    ]
   }
  },
  {
   "type": "Feature",
   "properties": {
    "id": "32.05.27",
    "r0": 38,
    "c0": 38,
    "r1": 42,
    "c1": 39
   },
   "geometry": {
    "type": "Polygon",
    "coordinates": [
     [
      [
       38,
       38
      ],
      [
       40,
       38
      ],
      [
       40,
       43
      ],
      [
       38,
       43
      ],
      [
       38,
       38
      ]
     ]
    ]
   }
  },
  {
   "type": "Feature",
   "properties": {
    "id": "32.05.09",
    "r0": 43,
    "c0": 33,
    "r1": 46,
    "c1": 36
   },
   "geometry": {
    "type": "Polygon",
    "coordinates": [
     [
      [
       33,
       43
      ],
      [
       37,
       43
      ],
      [
       37,
       47
      ],
      [
       33,
       47
      ],
      [
       33,
       43
      ]
     ]
    ]
   }
  },
  {
   "type": "Feature",
   "properties": {
    "id": "32.05.36",
    "r0": 47,
    "c0": 33,
    "r1": 48,
    "c1": 36
   },
   "geometry": {
    "type": "Polygon",
    "coordinates": [
     [
      [
       33,
       47
      ],
      [
       37,
       47
      ],
      [
       37,
       49
      ],
      [
       33,
       49
      ],
      [
       33,
       47
      ]
     ]
    ]
   }
  },
  {
   "type": "Feature",
   "properties": {
    "id": "32.05.16",
    "r0": 43,
    "c0": 37,
    "r1": 44,
    "c1": 39
   },
   "geometry": {
    "type": "Polygon",
    "coordinates": [
     [
      [
       37,
       43
      ],
      [
       40,
       43
      ],
      [
       40,
       45
      ],
      [
       37,
       45
      ],
      [
       37,
       43
      ]
     ]
    ]
   }
  },
  {
   "type": "Feature",
   "properties": {
    "id": "32.05.12",
    "r0": 45,
    "c0": 37,
    "r1": 48,
    "c1": 39
   },
   "geometry": {
    "type": "Polygon",
    "coordinates": [
     [
      [
       37,
       45
      ],
      [
       40,
       45
      ],
      [
       40,
       49
      ],
      [
       37,
       49
      ],
      [
       37,
       45
      ]
     ]
    ]
   }
  },
  {
   "type": "Feature",
   "properties": {
    "id": "32.05.40",
    "r0": 38,
    "c0": 40,
    "r1": 39,
    "c1": 43
   },
   "geometry": {
    "type": "Polygon",
    "coordinates": [
     [
      [
       40,
       38
      ],
      [
       44,
       38
      ],
      [
       44,
       40
      ],
      [
       40,
       40
      ],
      [
       40,
       38
      ]
     ]
    ]
   }
  },
  {
   "type": "Feature",
   "properties": {
    "id": "32.05.22",
    "r0": 40,
    "c0": 40,
    "r1": 43,
    "c1": 43
   },
   "geometry": {
    "type": "Polygon",
    "coordinates": [
     [
      [
       40,
       40
      ],
      [
       44,
       40
      ],
      [
       44,
       44
      ],
      [
       40,
       44
      ],
      [
       40,
       40
      ]
     ]
    ]
   }
  },
  {
   "type": "Feature",
   "properties": {
    "id": "32.05.05",
    "r0": 38,
    "c0": 44,
    "r1": 43,
    "c1": 45
   },
   "geometry": {
    "type": "Polygon",
    "coordinates": [
     [
      [
       44,
       38
      ],
      [
       46,
       38
      ],
      [
       46,
       44
      ],
      [
       44,
       44
      ],
      [
       44,
       38
      ]
     ]
    ]
   }
  },
  {
   "type": "Feature",
   "properties": {
    "id": "32.05.42",
    "r0": 44,
    "c0": 40,
    "r1": 48,
    "c1": 41
   },
   "geometry": {
    "type": "Polygon",
    "coordinates": [
     [
      [
       40,
       44
      ],
      [
       42,
       44
      ],
      [
       42,
       49
      ],
      [
       40,
       49
      ],
      [
       40,
       44
      ]
     ]
    ]
   }
  },
  {
   "type": "Feature",
   "properties": {
    "id": "32.05.38",
    "r0": 44,
    "c0": 42,
    "r1": 48,
    "c1": 45
   },
   "geometry": {
    "type": "Polygon",
    "coordinates": [
     [
      [
       42,
       44
      ],
      [
       46,
       44
      ],
      [
       46,
       49
      ],
      [
       42,
       49
      ],
      [
       42,
       44
      ]
     ]
    ]
   }
  },
  {
   "type": "Feature",
   "properties": {
    "id": "32.05.29",
    "r0": 26,
    "c0": 46,
    "r1": 31,
    "c1": 48
   },
   "geometry": {
    "type": "Polygon",
    "coordinates": [
     [
      [
       46,
       26
      ],
      [
       49,
       26
      ],
      [
       49,
       32
      ],
      [
       46,
       32
      ],
      [
       46,
       26
      ]
     ]
    ]
   }
  },
  {
   "type": "Feature",
   "properties": {
    "id": "32.05.39",
    "r0": 26,
    "c0": 49,
    "r1": 28,
    "c1": 52
   },
   "geometry": {
    "type": "Polygon",
    "coordinates": [
     [
      [
       49,
       26
      ],
      [
       53,
       26
      ],
      [
       53,
       29
      ],
      [
       49,
       29
      ],
      [
       49,
       26
      ]
     ]
    ]
   }
  },
  {
   "type": "Feature",
   "properties": {
    "id": "32.05.24",
    "r0": 29,
    "c0": 49,
    "r1": 31,
    "c1": 52
   },
   "geometry": {
    "type": "Polygon",
    "coordinates": [
     [
      [
       49,
       29
      ],
      [
       53,
       29
      ],
      [
       53,
       32
      ],
      [
       49,
       32
      ],
      [
       49,
       29
      ]
     ]
    ]
   }
  },
  {
   "type": "Feature",
   "properties": {
    "id": "32.05.28",
    "r0": 32,
    "c0": 46,
    "r1": 36,
    "c1": 49
   },
   "geometry": {
    "type": "Polygon",
    "coordinates": [
     [
      [
       46,
       32
      ],
      [
       50,
       32
      ],
      [
       50,
       37
      ],
      [
       46,
       37
      ],
      [
       46,
       32
      ]
     ]
    ]
   }
  },
  {
   "type": "Feature",
   "properties": {
    "id": "32.05.25",
    "r0": 37,
    "c0": 46,
    "r1": 37,
    "c1": 49
   },
   "geometry": {
    "type": "Polygon",
    "coordinates": [
     [
      [
       46,
       37
      ],
      [
       50,
       37
      ],
      [
       50,
       38
      ],
      [
       46,
       38
      ],
      [
       46,
       37
      ]
     ]
    ]
   }
  },
  {
   "type": "Feature",
   "properties": {
    "id": "32.05.32",
    "r0": 32,
    "c0": 50,
    "r1": 33,
    "c1": 52
   },
   "geometry": {
    "type": "Polygon",
    "coordinates": [
     [
      [
       50,
       32
      ],
      [
       53,
       32
      ],
      [
       53,
       34
      ],
      [
       50,
       34
      ],
      [
       50,
       32
      ]
     ]
    ]
   }
  },
  {
   "type": "Feature",
   "properties": {
    "id": "32.05.35",
    "r0": 34,
    "c0": 50,
    "r1": 37,
    "c1": 52
   },
   "geometry": {
    "type": "Polygon",
    "coordinates": [
     [
      [
       50,
       34
      ],
      [
       53,
       34
      ],
      [
       53,
       38
      ],
      [
       50,
       38
      ],
      [
       50,
       34
      ]
     ]
    ]
   }
  },
  {
   "type": "Feature",
   "properties": {
    "id": "32.05.10",
    "r0": 26,
    "c0": 53,
    "r1": 28,
    "c1": 58
   },
   "geometry": {
    "type": "Polygon",
    "coordinates": [
     [
      [
       53,
       26
      ],
      [
       59,
       26
      ],
      [
       59,
       29
      ],
      [
       53,
       29
      ],
      [
       53,
       26
      ]
     ]
    ]
   }
  },
  {
   "type": "Feature",
   "properties": {
    "id": "32.05.19",
    "r0": 29,
    "c0": 53,
    "r1": 32,
    "c1": 58
   },
   "geometry": {
    "type": "Polygon",
    "coordinates": [
     [
      [
       53,
       29
      ],
      [
       59,
       29
      ],
      [
       59,
       33
      ],
      [
       53,
       33
      ],
      [
       53,
       29
      ]
     ]
    ]
   }
  },
  {
   "type": "Feature",
   "properties": {
    "id": "32.05.04",
    "r0": 33,
    "c0": 53,
    "r1": 37,
    "c1": 55
   },
   "geometry": {
    "type": "Polygon",
    "coordinates": [
     [
      [
       53,
       33
      ],
      [
       56,
       33
      ],
      [
       56,
       38
      ],
      [
       53,
       38
      ],
      [
       53,
       33
      ]
     ]
    ]
   }
  },
  {
   "type": "Feature",
   "properties": {
    "id": "32.05.01",
    "r0": 33,
    "c0": 56,
    "r1": 37,
    "c1": 58
   },
   "geometry": {
    "type": "Polygon",
    "coordinates": [
     [
      [
       56,
       33
      ],
      [
       59,
       33
      ],
      [
       59,
       38
      ],
      [
       56,
       38
      ],
      [
       56,
       33
      ]
     ]
    ]
   }
  },
  {
   "type": "Feature",
   "properties": {
    "id": "32.05.02",
    "r0": 38,
    "c0": 46,
    "r1": 42,
    "c1": 51
   },
   "geometry": {
    "type": "Polygon",
    "coordinates": [
     [
      [
       46,
       38
      ],
      [
       52,
       38
      ],
      [
       52,
       43
      ],
      [
       46,
       43
      ],
      [
       46,
       38
      ]
     ]
    ]
   }
  },
  {
   "type": "Feature",
   "properties": {
    "id": "32.05.07",
    "r0": 43,
    "c0": 46,
    "r1": 48,
    "c1": 48
   },
   "geometry": {
    "type": "Polygon",
    "coordinates": [
     [
      [
       46,
       43
      ],
      [
       49,
       43
      ],
      [
       49,
       49
      ],
      [
       46,
       49
      ],
      [
       46,
       43
      ]
     ]
    ]
   }
  },
  {
   "type": "Feature",
   "properties": {
    "id": "32.05.21",
    "r0": 43,
    "c0": 49,
    "r1": 45,
    "c1": 51
   },
   "geometry": {
    "type": "Polygon",
    "coordinates": [
     [
      [
       49,
       43
      ],
      [
       52,
       43
      ],
      [
       52,
       46
      ],
      [
       49,
       46
      ],
      [
       49,
       43
      ]
     ]
    ]
   }
  },
  {
   "type": "Feature",
   "properties": {
    "id": "32.05.03",
    "r0": 46,
    "c0": 49,
    "r1": 48,
    "c1": 51
   },
   "geometry": {
    "type": "Polygon",
    "coordinates": [
     [
      [
       49,
       46
      ],
      [
       52,
       46
      ],
      [
       52,
       49
      ],
      [
       49,
       49
      ],
      [
       49,
       46
      ]
     ]
    ]
   }
  },
  {
   "type": "Feature",
   "properties": {
    "id": "32.05.33",
    "r0": 38,
    "c0": 52,
    "r1": 42,
    "c1": 55
   },
   "geometry": {
    "type": "Polygon",
    "coordinates": [
     [
      [
       52,
       38
      ],
      [
       56,
       38
      ],
      [
       56,
       43
      ],
      [
       52,
       43
      ],
      [
       52,
       38
      ]
     ]
    ]
   }
  },
  {
   "type": "Feature",
   "properties": {
    "id": "32.05.11",
    "r0": 38,
    "c0": 56,
    "r1": 40,
    "c1": 58
   },
   "geometry": {
    "type": "Polygon",
    "coordinates": [
     [
      [
       56,
       38
      ],
      [
       59,
       38
      ],
      [
       59,
       41
      ],
      [
       56,
       41
      ],
      [
       56,
       38
      ]
     ]
    ]
   }
  },
  {
   "type": "Feature",
   "properties": {
    "id": "32.05.34",
    "r0": 41,
    "c0": 56,
    "r1": 42,
    "c1": 58
   },
   "geometry": {
    "type": "Polygon",
    "coordinates": [
     [
      [
       56,
       41
      ],
      [
       59,
       41
      ],
      [
       59,
       43
      ],
      [
       56,
       43
      ],
      [
       56,
       41
      ]
     ]
    ]
   }
  },
  {
   "type": "Feature",
   "properties": {
    "id": "32.05.13",
    "r0": 43,
    "c0": 52,
    "r1": 44,
    "c1": 55
   },
   "geometry": {
    "type": "Polygon",
    "coordinates": [
     [
      [
       52,
       43
      ],
      [
       56,
       43
      ],
      [
       56,
       45
      ],
      [
       52,
       45
      ],
      [
       52,
       43
      ]
     ]
    ]
   }
  },
  {
   "type": "Feature",
   "properties": {
    "id": "32.05.15",
    "r0": 45,
    "c0": 52,
    "r1": 48,
    "c1": 55
   },
   "geometry": {
    "type": "Polygon",
    "coordinates": [
     [
      [
       52,
       45
      ],
      [
       56,
       45
      ],
      [
       56,
       49
      ],
      [
       52,
       49
      ],
      [
       52,
       45
      ]
     ]
    ]
   }
  },
  {
   "type": "Feature",
   "properties": {
    "id": "32.05.37",
    "r0": 43,
    "c0": 56,
    "r1": 45,
    "c1": 58
   },
   "geometry": {
    "type": "Polygon",
    "coordinates": [
     [
      [
       56,
       43
      ],
      [
       59,
       43
      ],
      [
       59,
       46
      ],
      [
       56,
       46
      ],
      [
       56,
       43
      ]
     ]
    ]
   }
  },
  {
   "type": "Feature",
   "properties": {
    "id": "32.05.26",
    "r0": 46,
    "c0": 56,
    "r1": 48,
    "c1": 58
   },
   "geometry": {
    "type": "Polygon",
    "coordinates": [
     [
      [
       56,
       46
      ],
      [
       59,
       46
      ],
      [
       59,
       49
      ],
      [
       56,
       49
      ],
      [
       56,
       46
      ]
     ]
    ]
   }
  },
  {
   "type": "Feature",
   "properties": {
    "id": "32.18",
    "r0": 49,
    "c0": 33,
    "r1": 53,
    "c1": 58
   },
   "geometry": {
    "type": "Polygon",
    "coordinates": [
     [
      [
       33,
       49
      ],
      [
       59,
       49
      ],
      [
       59,
       54
      ],
      [
       33,
       54
      ],
      [
       33,
       49
      ]
     ]
    ]
   }
  },
  {
   "type": "Feature",
   "properties": {
    "id": "32.18.09",
    "r0": 49,
    "c0": 33,
    "r1": 53,
    "c1": 34
   },
   "geometry": {
    "type": "Polygon",
    "coordinates": [
     [
      [
       33,
       49
      ],
      [
       35,
       49
      ],
      [
       35,
       54
      ],
      [
       33,
       54
      ],
      [
       33,
       49
      ]
     ]
    ]
   }
  },
  {
   "type": "Feature",
   "properties": {
    "id": "32.18.08",
    "r0": 49,
    "c0": 35,
    "r1": 53,
    "c1": 37
   },
   "geometry": {
    "type": "Polygon",
    "coordinates": [
     [
      [
       35,
       49
      ],
      [
       38,
       49
      ],
      [
       38,
       54
      ],
      [
       35,
       54
      ],
      [
       35,
       49
      ]
     ]
    ]
   }
  },
  {
   "type": "Feature",
   "properties": {
    "id": "32.18.05",
    "r0": 49,
    "c0": 38,
    "r1": 53,
    "c1": 41
   },
   "geometry": {
    "type": "Polygon",
    "coordinates": [
     [
      [
       38,
       49
      ],
      [
       42,
       49
      ],
      [
       42,
       54
      ],
      [
       38,
       54
      ],
      [
       38,
       49
      ]
     ]
    ]
   }
  },
  {
   "type": "Feature",
   "properties": {
    "id": "32.18.02",
    "r0": 49,
    "c0": 42,
    "r1": 53,
    "c1": 43
   },
   "geometry": {
    "type": "Polygon",
    "coordinates": [
     [
      [
       42,
       49
      ],
      [
       44,
       49
      ],
      [
       44,
       54
      ],
      [
       42,
       54
      ],
      [
       42,
       49
      ]
     ]
    ]
   }
  },
  {
   "type": "Feature",
   "properties": {
    "id": "32.18.03",
    "r0": 49,
    "c0": 44,
    "r1": 53,
    "c1": 46
   },
   "geometry": {
    "type": "Polygon",
    "coordinates": [
     [
      [
       44,
       49
      ],
      [
       47,
       49
      ],
      [
       47,
       54
      ],
      [
       44,
       54
      ],
      [
       44,
       49
      ]
     ]
    ]
   }
  },
  {
   "type": "Feature",
   "properties": {
    "id": "32.18.01",
    "r0": 49,
    "c0": 47,
    "r1": 53,
    "c1": 49
   },
   "geometry": {
    "type": "Polygon",
    "coordinates": [
     [
      [
       47,
       49
      ],
      [
       50,
       49
      ],
      [
       50,
       54
      ],
      [
       47,
       54
      ],
      [
       47,
       49
      ]
     ]
    ]
   }
  },
  {
   "type": "Feature",
   "properties": {
    "id": "32.18.07",
    "r0": 49,
    "c0": 50,
    "r1": 53,
    "c1": 53
   },
   "geometry": {
    "type": "Polygon",
    "coordinates": [
     [
      [
       50,
       49
      ],
      [
       54,
       49
      ],
      [
       54,
       54
      ],
      [
       50,
       54
      ],
      [
       50,
       49
      ]
     ]
    ]
   }
  },
  {
   "type": "Feature",
   "properties": {
    "id": "32.18.04",
    "r0": 49,
    "c0": 54,
    "r1": 53,
    "c1": 55
   },
   "geometry": {
    "type": "Polygon",
    "coordinates": [
     [
      [
       54,
       49
      ],
      [
       56,
       49
      ],
      [
       56,
       54
      ],
      [
       54,
       54
      ],
      [
       54,
       49
      ]
     ]
    ]
   }
  },
  {
   "type": "Feature",
   "properties": {
    "id": "32.18.10",
    "r0": 49,
    "c0": 56,
    "r1": 51,
    "c1": 58
   },
   "geometry": {
    "type": "Polygon",
    "coordinates": [
     [
      [
       56,
       49
      ],
      [
       59,
       49
      ],
      [
       59,
       52
      ],
      [
       56,
       52
      ],
      [
       56,
       49
      ]
     ]
    ]
   }
  },
  {
   "type": "Feature",
   "properties": {
    "id": "32.18.06",
    "r0": 52,
    "c0": 56,
    "r1": 53,
    "c1": 58
   },
   "geometry": {
    "type": "Polygon",
    "coordinates": [
     [
      [
       56,
       52
      ],
      [
       59,
       52
      ],
      [
       59,
       54
      ],
      [
       56,
       54
      ],
      [
       56,
       52
      ]
     ]
    ]
   }
  },
  {
   "type": "Feature",
   "properties": {
    "id": "32.02",
    "r0": 0,
    "c0": 59,
    "r1": 11,
    "c1": 78
   },
   "geometry": {
    "type": "Polygon",
    "coordinates": [
     [
      [
       59,
       0
      ],
      [
       79,
       0
      ],
      [
       79,
       12
      ],
      [
       59,
       12
      ],
      [
       59,
       0
      ]
     ]
    ]
   }
  },
  {
   "type": "Feature",
   "properties": {
    "id": "32.02.23",
    "r0": 0,
    "c0": 59,
    "r1": 1,
    "c1": 63
   },
   "geometry": {
    "type": "Polygon",
    "coordinates": [
     [
      [
       59,
       0
      ],
      [
       64,
       0
      ],
      [
       64,
       2
      ],
      [
       59,
       2
      ],
      [
       59,
       0
      ]
     ]
    ]
   }
  },
  {
   "type": "Feature",
   "properties": {
    "id": "32.02.45",
    "r0": 2,
    "c0": 59,
    "r1": 5,
    "c1": 61
   },
   "geometry": {
    "type": "Polygon",
    "coordinates": [
     [
      [
       59,
       2
      ],
      [
       62,
       2
      ],
      [
       62,
       6
      ],
      [
       59,
       6
      ],
      [
       59,
       2
      ]
     ]
    ]
   }
  },
  {
   "type": "Feature",
   "properties": {
    "id": "32.02.44",
    "r0": 2,
    "c0": 62,
    "r1": 5,
    "c1": 63
   },
   "geometry": {
    "type": "Polygon",
    "coordinates": [
     [
      [
       62,
       2
      ],
      [
       64,
       2
      ],
      [
       64,
       6
      ],
      [
       62,
       6
      ],
      [
       62,
       2
      ]
     ]
    ]
   }
  },
  {
   "type": "Feature",
   "properties": {
    "id": "32.02.08",
    "r0": 0,
    "c0": 64,
    "r1": 2,
    "c1": 68
   },
   "geometry": {
    "type": "Polygon",
    "coordinates": [
     [
      [
       64,
       0
      ],
      [
       69,
       0
      ],
      [
       69,
       3
      ],
      [
       64,
       3
      ],
      [
       64,
       0
      ]
     ]
    ]
   }
  },
  {
   "type": "Feature",
   "properties": {
    "id": "32.02.04",
    "r0": 3,
    "c0": 64,
    "r1": 5,
    "c1": 64
   },
   "geometry": {
    "type": "Polygon",
    "coordinates": [
     [
      [
       64,
       3
      ],
      [
       65,
       3
      ],
      [
       65,
       6
      ],
      [
       64,
       6
      ],
      [
       64,
       3
      ]
     ]
    ]
   }
  },
  {
   "type": "Feature",
   "properties": {
    "id": "32.02.09",
    "r0": 3,
    "c0": 65,
    "r1": 5,
    "c1": 68
   },
   "geometry": {
    "type": "Polygon",
    "coordinates": [
     [
      [
       65,
       3
      ],
      [
       69,
       3
      ],
      [
       69,
       6
      ],
      [
       65,
       6
      ],
      [
       65,
       3
      ]
     ]
    ]
   }
  },
  {
   "type": "Feature",
   "properties": {
    "id": "32.02.37",
    "r0": 6,
    "c0": 59,
    "r1": 8,
    "c1": 61
   },
   "geometry": {
    "type": "Polygon",
    "coordinates": [
     [
      [
       59,
       6
      ],
      [
       62,
       6
      ],
      [
       62,
       9
      ],
      [
       59,
       9
      ],
      [
       59,
       6
      ]
     ]
    ]
   }
  },
  {
   "type": "Feature",
   "properties": {
    "id": "32.02.25",
    "r0": 9,
    "c0": 59,
    "r1": 11,
    "c1": 61
   },
   "geometry": {
    "type": "Polygon",
    "coordinates": [
     [
      [
       59,
       9
      ],
      [
       62,
       9
      ],
      [
       62,
       12
      ],
      [
       59,
       12
      ],
      [
       59,
       9
      ]
     ]
    ]
   }
  },
  {
   "type": "Feature",
   "properties": {
    "id": "32.02.21",
    "r0": 6,
    "c0": 62,
    "r1": 11,
    "c1": 64
   },
   "geometry": {
    "type": "Polygon",
    "coordinates": [
     [
      [
       62,
       6
      ],
      [
       65,
       6
      ],
      [
       65,
       12
      ],
      [
       62,
       12
      ],
      [
       62,
       6
      ]
     ]
    ]
   }
  },
  {
   "type": "Feature",
   "properties": {
    "id": "32.02.39",
    "r0": 6,
    "c0": 65,
    "r1": 9,
    "c1": 68
   },
   "geometry": {
    "type": "Polygon",
    "coordinates": [
     [
      [
       65,
       6
      ],
      [
       69,
       6
      ],
      [
       69,
       10
      ],
      [
       65,
       10
      ],
      [
       65,
       6
      ]
     ]
    ]
   }
  },
  {
   "type": "Feature",
   "properties": {
    "id": "32.02.42",
    "r0": 10,
    "c0": 65,
    "r1": 11,
    "c1": 68
   },
   "geometry": {
    "type": "Polygon",
    "coordinates": [
     [
      [
       65,
       10
      ],
      [
       69,
       10
      ],
      [
       69,
       12
      ],
      [
       65,
       12
      ],
      [
       65,
       10
      ]
     ]
    ]
   }
  },
  {
   "type": "Feature",
   "properties": {
    "id": "32.02.46",
    "r0": 0,
    "c0": 69,
    "r1": 1,
    "c1": 73
   },
   "geometry": {
    "type": "Polygon",
    "coordinates": [
     [
      [
       69,
       0
      ],
      [
       74,
       0
      ],
      [
       74,
       2
      ],
      [
       69,
       2
      ],
      [
       69,
       0
      ]
     ]
    ]
   }
  },
  {
   "type": "Feature",
   "properties": {
    "id": "32.02.24",
    "r0": 2,
    "c0": 69,
    "r1": 5,
    "c1": 71
   },
   "geometry": {
    "type": "Polygon",
    "coordinates": [
     [
      [
       69,
       2
      ],
      [
       72,
       2
      ],
      [
       72,
       6
      ],
      [
       69,
       6
      ],
      [
       69,
       2
      ]
     ]
    ]
   }
  },
  {
   "type": "Feature",
   "properties": {
    "id": "32.02.20",
    "r0": 2,
    "c0": 72,
    "r1": 5,
    "c1": 73
   },
   "geometry": {
    "type": "Polygon",
    "coordinates": [
     [
      [
       72,
       2
      ],
      [
       74,
       2
      ],
      [
       74,
       6
      ],
      [
       72,
       6
      ],
      [
       72,
       2
      ]
     ]
    ]
   }
  },
  {
   "type": "Feature",
   "properties": {
    "id": "32.02.41",
    "r0": 0,
    "c0": 74,
    "r1": 2,
    "c1": 78
   },
   "geometry": {
    "type": "Polygon",
    "coordinates": [
     [
      [
       74,
       0
      ],
      [
       79,
       0
      ],
      [
       79,
       3
      ],
      [
       74,
       3
      ],
      [
       74,
       0
      ]
     ]
    ]
   }
  },
  {
   "type": "Feature",
   "properties": {
    "id": "32.02.10",
    "r0": 3,
    "c0": 74,
    "r1": 5,
    "c1": 75
   },
   "geometry": {
    "type": "Polygon",
    "coordinates": [
     [
      [
       74,
       3
      ],
      [
       76,
       3
      ],
      [
       76,
       6
      ],
      [
       74,
       6
      ],
      [
       74,
       3
      ]
     ]
    ]
   }
  },
  {
   "type": "Feature",
   "properties": {
    "id": "32.02.22",
    "r0": 3,
    "c0": 76,
    "r1": 5,
    "c1": 78
   },
   "geometry": {
    "type": "Polygon",
    "coordinates": [
     [
      [
       76,
       3
      ],
      [
       79,
       3
      ],
      [
       79,
       6
      ],
      [
       76,
       6
      ],
      [
       76,
       3
      ]
     ]
    ]
   }
  },
  {
   "type": "Feature",
   "properties": {
    "id": "32.02.02",
    "r0": 6,
    "c0": 69,
    "r1": 8,
    "c1": 71
   },
   "geometry": {
    "type": "Polygon",
    "coordinates": [
     [
      [
       69,
       6
      ],
      [
       72,
       6
      ],
      [
       72,
       9
      ],
      [
       69,
       9
      ],
      [
       69,
       6
      ]
     ]
    ]
   }
  },
  {
   "type": "Feature",
   "properties": {
    "id": "32.02.38",
    "r0": 9,
    "c0": 69,
    "r1": 11,
    "c1": 71
   },
   "geometry": {
    "type": "Polygon",
    "coordinates": [
     [
      [
       69,
       9
      ],
      [
       72,
       9
      ],
      [
       72,
       12
      ],
      [
       69,
       12
      ],
      [
       69,
       9
      ]
     ]
    ]
   }
  },
  {
   "type": "Feature",
   "properties": {
    "id": "32.02.43",
    "r0": 6,
    "c0": 72,
    "r1": 8,
    "c1": 74
   },
   "geometry": {
    "type": "Polygon",
    "coordinates": [
     [
      [
       72,
       6
      ],
      [
       75,
       6
      ],
      [
       75,
       9
      ],
      [
       72,
       9
      ],
      [
       72,
       6
      ]
     ]
    ]
   }
  },
  {
   "type": "Feature",
   "properties": {
    "id": "32.02.40",
    "r0": 9,
    "c0": 72,
    "r1": 11,
    "c1": 74
   },
   "geometry": {
    "type": "Polygon",
    "coordinates": [
     [
      [
       72,
       9
      ],
      [
       75,
       9
      ],
      [
       75,
       12
      ],
      [
       72,
       12
      ],
      [
       72,
       9
      ]
     ]
    ]
   }
  },
  {
   "type": "Feature",
   "properties": {
    "id": "32.02.07",
    "r0": 6,
    "c0": 75,
    "r1": 9,
    "c1": 76
   },
   "geometry": {
    "type": "Polygon",
    "coordinates": [
     [
      [
       75,
       6
      ],
      [
       77,
       6
      ],
      [
       77,
       10
      ],
      [
       75,
       10
      ],
      [
       75,
       6
      ]
     ]
    ]
   }
  },
  {
   "type": "Feature",
   "properties": {
    "id": "32.02.26",
    "r0": 6,
    "c0": 77,
    "r1": 9,
    "c1": 78
   },
   "geometry": {
    "type": "Polygon",
    "coordinates": [
     [
      [
       77,
       6
      ],
      [
       79,
       6
      ],
      [
       79,
       10
      ],
      [
       77,
       10
      ],
      [
       77,
       6
      ]
     ]
    ]
   }
  },
  {
   "type": "Feature",
   "properties": {
    "id": "32.02.01",
    "r0": 10,
    "c0": 75,
    "r1": 11,
    "c1": 78
   },
   "geometry": {
    "type": "Polygon",
    "coordinates": [
     [
      [
       75,
       10
      ],
      [
       79,
       10
      ],
      [
       79,
       12
      ],
      [
       75,
       12
      ],
      [
       75,
       10
      ]
     ]
    ]
   }
  },
  {
   "type": "Feature",
   "properties": {
    "id": "32.79",
    "r0": 0,
    "c0": 79,
    "r1": 3,
    "c1": 86
   },
   "geometry": {
    "type": "Polygon",
    "coordinates": [
     [
      [
       79,
       0
      ],
      [
       87,
       0
      ],
      [
       87,
       4
      ],
      [
       79,
       4
      ],
      [
       79,
       0
      ]
     ]
    ]
   }
  },
  {
   "type": "Feature",
   "properties": {
    "id": "32.79.01",
    "r0": 0,
    "c0": 79,
    "r1": 3,
    "c1": 80
   },
   "geometry": {
    "type": "Polygon",
    "coordinates": [
     [
      [
       79,
       0
      ],
      [
       81,
       0
      ],
      [
       81,
       4
      ],
      [
       79,
       4
      ],
      [
       79,
       0
      ]
     ]
    ]
   }
  },
  {
   "type": "Feature",
   "properties": {
    "id": "32.79.02",
    "r0": 0,
    "c0": 81,
    "r1": 3,
    "c1": 83
   },
   "geometry": {
    "type": "Polygon",
    "coordinates": [
     [
      [
       81,
       0
      ],
      [
       84,
       0
      ],
      [
       84,
       4
      ],
      [
       81,
       4
      ],
      [
       81,
       0
      ]
     ]
    ]
   }
  },
  {
   "type": "Feature",
   "properties": {
    "id": "32.79.04",
    "r0": 0,
    "c0": 84,
    "r1": 1,
    "c1": 86
   },
   "geometry": {
    "type": "Polygon",
    "coordinates": [
     [
      [
       84,
       0
      ],
      [
       87,
       0
      ],
      [
       87,
       2
      ],
      [
       84,
       2
      ],
      [
       84,
       0
      ]
     ]
    ]
   }
  },
  {
   "type": "Feature",
   "properties": {
    "id": "32.79.03",
    "r0": 2,
    "c0": 84,
    "r1": 3,
    "c1": 86
   },
   "geometry": {
    "type": "Polygon",
    "coordinates": [
     [
      [
       84,
       2
      ],
      [
       87,
       2
      ],
      [
       87,
       4
      ],
      [
       84,
       4
      ],
      [
       84,
       2
      ]
     ]
    ]
   }
  },
  {
   "type": "Feature",
   "properties": {
    "id": "32.72",
    "r0": 0,
    "c0": 87,
    "r1": 3,
    "c1": 88
   },
   "geometry": {
    "type": "Polygon",
    "coordinates": [
     [
      [
       87,
       0
      ],
      [
       89,
       0
      ],
      [
       89,
       4
      ],
      [
       87,
       4
      ],
      [
       87,
       0
      ]
     ]
    ]
   }
  },
  {
   "type": "Feature",
   "properties": {
    "id": "32.72.05",
    "r0": 0,
    "c0": 87,
    "r1": 0,
    "c1": 88
   },
   "geometry": {
    "type": "Polygon",
    "coordinates": [
     [
      [
       87,
       0
      ],
      [
       89,
       0
      ],
      [
       89,
       1
      ],
      [
       87,
       1
      ],
      [
       87,
       0
      ]
     ]
    ]
   }
  },
  {
   "type": "Feature",
   "properties": {
    "id": "32.72.06",
    "r0": 1,
    "c0": 87,
    "r1": 3,
    "c1": 88
   },
   "geometry": {
    "type": "Polygon",
    "coordinates": [
     [
      [
       87,
       1
      ],
      [
       89,
       1
      ],
      [
       89,
       4
      ],
      [
       87,
       4
      ],
      [
       87,
       1
      ]
     ]
    ]
   }
  },
  {
   "type": "Feature",
   "properties": {
    "id": "32.17",
    "r0": 4,
    "c0": 79,
    "r1": 11,
    "c1": 84
   },
   "geometry": {
    "type": "Polygon",
    "coordinates": [
     [
      [
       79,
       4
      ],
      [
       85,
       4
      ],
      [
       85,
       12
      ],
      [
       79,
       12
      ],
      [
       79,
       4
      ]
     ]
    ]
   }
  },
  {
   "type": "Feature",
   "properties": {
    "id": "32.17.13",
    "r0": 4,
    "c0": 79,
    "r1": 6,
    "c1": 80
   },
   "geometry": {
    "type": "Polygon",
    "coordinates": [
     [
      [
       79,
       4
      ],
      [
       81,
       4
      ],
      [
       81,
       7
      ],
      [
       79,
       7
      ],
      [
       79,
       4
      ]
     ]
    ]
   }
  },
  {
   "type": "Feature",
   "properties": {
    "id": "32.17.15",
    "r0": 4,
    "c0": 81,
    "r1": 6,
    "c1": 84
   },
   "geometry": {
    "type": "Polygon",
    "coordinates": [
     [
      [
       81,
       4
      ],
      [
       85,
       4
      ],
      [
       85,
       7
      ],
      [
       81,
       7
      ],
      [
       81,
       4
      ]
     ]
    ]
   }
  },
  {
   "type": "Feature",
   "properties": {
    "id": "32.17.14",
    "r0": 7,
    "c0": 79,
    "r1": 11,
    "c1": 81
   },
   "geometry": {
    "type": "Polygon",
    "coordinates": [
     [
      [
       79,
       7
      ],
      [
       82,
       7
      ],
      [
       82,
       12
      ],
      [
       79,
       12
      ],
      [
       79,
       7
      ]
     ]
    ]
   }
  },
  {
   "type": "Feature",
   "properties": {
    "id": "32.17.12",
    "r0": 7,
    "c0": 82,
    "r1": 8,
    "c1": 84
   },
   "geometry": {
    "type": "Polygon",
    "coordinates": [
     [
      [
       82,
       7
      ],
      [
       85,
       7
      ],
      [
       85,
       9
      ],
      [
       82,
       9
      ],
      [
       82,
       7
      ]
     ]
    ]
   }
  },
  {
   "type": "Feature",
   "properties": {
    "id": "32.17.11",
    "r0": 9,
    "c0": 82,
    "r1": 11,
    "c1": 84
   },
   "geometry": {
    "type": "Polygon",
    "coordinates": [
     [
      [
       82,
       9
      ],
      [
       85,
       9
      ],
      [
       85,
       12
      ],
      [
       82,
       12
      ],
      [
       82,
       9
      ]
     ]
    ]
   }
  },
  {
   "type": "Feature",
   "properties": {
    "id": "32.11",
    "r0": 4,
    "c0": 85,
    "r1": 8,
    "c1": 88
   },
   "geometry": {
    "type": "Polygon",
    "coordinates": [
     [
      [
       85,
       4
      ],
      [
       89,
       4
      ],
      [
       89,
       9
      ],
      [
       85,
       9
      ],
      [
       85,
       4
      ]
     ]
    ]
   }
  },
  {
   "type": "Feature",
   "properties": {
    "id": "32.11.04",
    "r0": 4,
    "c0": 85,
    "r1": 5,
    "c1": 88
   },
   "geometry": {
    "type": "Polygon",
    "coordinates": [
     [
      [
       85,
       4
      ],
      [
       89,
       4
      ],
      [
       89,
       6
      ],
      [
       85,
       6
      ],
      [
       85,
       4
      ]
     ]
    ]
   }
  },
  {
   "type": "Feature",
   "properties": {
    "id": "32.11.01",
    "r0": 6,
    "c0": 85,
    "r1": 8,
    "c1": 87
   },
   "geometry": {
    "type": "Polygon",
    "coordinates": [
     [
      [
       85,
       6
      ],
      [
       88,
       6
      ],
      [
       88,
       9
      ],
      [
       85,
       9
      ],
      [
       85,
       6
      ]
     ]
    ]
   }
  },
  {
   "type": "Feature",
   "properties": {
    "id": "32.11.14",
    "r0": 6,
    "c0": 88,
    "r1": 8,
    "c1": 88
   },
   "geometry": {
    "type": "Polygon",
    "coordinates": [
     [
      [
       88,
       6
      ],
      [
       89,
       6
      ],
      [
       89,
       9
      ],
      [
       88,
       9
      ],
      [
       88,
       6
      ]
     ]
    ]
   }
  },
  {
   "type": "Feature",
   "properties": {
    "id": "32.73",
    "r0": 9,
    "c0": 85,
    "r1": 11,
    "c1": 88
   },
   "geometry": {
    "type": "Polygon",
    "coordinates": [
     [
      [
       85,
       9
      ],
      [
       89,
       9
      ],
      [
       89,
       12
      ],
      [
       85,
       12
      ],
      [
       85,
       9
      ]
     ]
    ]
   }
  },
  {
   "type": "Feature",
   "properties": {
    "id": "32.73.17",
    "r0": 9,
    "c0": 85,
    "r1": 10,
    "c1": 86
   },
   "geometry": {
    "type": "Polygon",
    "coordinates": [
     [
      [
       85,
       9
      ],
      [
       87,
       9
      ],
      [
       87,
       11
      ],
      [
       85,
       11
      ],
      [
       85,
       9
      ]
     ]
    ]
   }
  },
  {
   "type": "Feature",
   "properties": {
    "id": "32.73.23",
    "r0": 11,
    "c0": 85,
    "r1": 11,
    "c1": 86
   },
   "geometry": {
    "type": "Polygon",
    "coordinates": [
     [
      [
       85,
       11
      ],
      [
       87,
       11
      ],
      [
       87,
       12
      ],
      [
       85,
       12
      ],
      [
       85,
       11
      ]
     ]
    ]
   }
  },
  {
   "type": "Feature",
   "properties": {
    "id": "32.73.21",
    "r0": 9,
    "c0": 87,
    "r1": 10,
    "c1": 88
   },
   "geometry": {
    "type": "Polygon",
    "coordinates": [
     [
      [
       87,
       9
      ],
      [
       89,
       9
      ],
      [
       89,
       11
      ],
      [
       87,
       11
      ],
      [
       87,
       9
      ]
     ]
    ]
   }
  },
  {
   "type": "Feature",
   "properties": {
    "id": "32.73.27",
    "r0": 11,
    "c0": 87,
    "r1": 11,
    "c1": 88
   },
   "geometry": {
    "type": "Polygon",
    "coordinates": [
     [
      [
       87,
       11
      ],
      [
       89,
       11
      ],
      [
       89,
       12
      ],
      [
       87,
       12
      ],
      [
       87,
       11
      ]
     ]
    ]
   }
  },
  {
   "type": "Feature",
   "properties": {
    "id": "32.08",
    "r0": 12,
    "c0": 59,
    "r1": 30,
    "c1": 75
   },
   "geometry": {
    "type": "Polygon",
    "coordinates": [
     [
      [
       59,
       12
      ],
      [
       76,
       12
      ],
      [
       76,
       31
      ],
      [
       59,
       31
      ],
      [
       59,
       12
      ]
     ]
    ]
   }
  },
  {
   "type": "Feature",
   "properties": {
    "id": "32.08.09",
    "r0": 12,
    "c0": 59,
    "r1": 15,
    "c1": 62
   },
   "geometry": {
    "type": "Polygon",
    "coordinates": [
     [
      [
       59,
       12
      ],
      [
       63,
       12
      ],
      [
       63,
       16
      ],
      [
       59,
       16
      ],
      [
       59,
       12
      ]
     ]
    ]
   }
  },
  {
   "type": "Feature",
   "properties": {
    "id": "32.08.04",
    "r0": 12,
    "c0": 63,
    "r1": 15,
    "c1": 66
   },
   "geometry": {
    "type": "Polygon",
    "coordinates": [
     [
      [
       63,
       12
      ],
      [
       67,
       12
      ],
      [
       67,
       16
      ],
      [
       63,
       16
      ],
      [
       63,
       12
      ]
     ]
    ]
   }
  },
  {
   "type": "Feature",
   "properties": {
    "id": "32.08.31",
    "r0": 16,
    "c0": 59,
    "r1": 18,
    "c1": 62
   },
   "geometry": {
    "type": "Polygon",
    "coordinates": [
     [
      [
       59,
       16
      ],
      [
       63,
       16
      ],
      [
       63,
       19
      ],
      [
       59,
       19
      ],
      [
       59,
       16
      ]
     ]
    ]
   }
  },
  {
   "type": "Feature",
   "properties": {
    "id": "32.08.15",
    "r0": 19,
    "c0": 59,
    "r1": 20,
    "c1": 62
   },
   "geometry": {
    "type": "Polygon",
    "coordinates": [
     [
      [
       59,
       19
      ],
      [
       63,
       19
      ],
      [
       63,
       21
      ],
      [
       59,
       21
      ],
      [
       59,
       19
      ]
     ]
    ]
   }
  },
  {
   "type": "Feature",
   "properties": {
    "id": "32.08.03",
    "r0": 16,
    "c0": 63,
    "r1": 17,
    "c1": 66
   },
   "geometry": {
    "type": "Polygon",
    "coordinates": [
     [
      [
       63,
       16
      ],
      [
       67,
       16
      ],
      [
       67,
       18
      ],
      [
       63,
       18
      ],
      [
       63,
       16
      ]
     ]
    ]
   }
  },
  {
   "type": "Feature",
   "properties": {
    "id": "32.08.05",
    "r0": 18,
    "c0": 63,
    "r1": 20,
    "c1": 66
   },
   "geometry": {
    "type": "Polygon",
    "coordinates": [
     [
      [
       63,
       18
      ],
      [
       67,
       18
      ],
      [
       67,
       21
      ],
      [
       63,
       21
      ],
      [
       63,
       18
      ]
     ]
    ]
   }
  },
  {
   "type": "Feature",
   "properties": {
    "id": "32.08.06",
    "r0": 12,
    "c0": 67,
    "r1": 16,
    "c1": 70
   },
   "geometry": {
    "type": "Polygon",
    "coordinates": [
     [
      [
       67,
       12
      ],
      [
       71,
       12
      ],
      [
       71,
       17
      ],
      [
       67,
       17
      ],
      [
       67,
       12
      ]
     ]
    ]
   }
  },
  {
   "type": "Feature",
   "properties": {
    "id": "32.08.07",
    "r0": 17,
    "c0": 67,
    "r1": 20,
    "c1": 70
   },
   "geometry": {
    "type": "Polygon",
    "coordinates": [
     [
      [
       67,
       17
      ],
      [
       71,
       17
      ],
      [
       71,
       21
      ],
      [
       67,
       21
      ],
      [
       67,
       17
      ]
     ]
    ]
   }
  },
  {
   "type": "Feature",
   "properties": {
    "id": "32.08.11",
    "r0": 12,
    "c0": 71,
    "r1": 15,
    "c1": 73
   },
   "geometry": {
    "type": "Polygon",
    "coordinates": [
     [
      [
       71,
       12
      ],
      [
       74,
       12
      ],
      [
       74,
       16
      ],
      [
       71,
       16
      ],
      [
       71,
       12
      ]
     ]
    ]
   }
  },
  {
   "type": "Feature",
   "properties": {
    "id": "32.08.25",
    "r0": 12,
    "c0": 74,
    "r1": 15,
    "c1": 75
   },
   "geometry": {
    "type": "Polygon",
    "coordinates": [
     [
      [
       74,
       12
      ],
      [
       76,
       12
      ],
      [
       76,
       16
      ],
      [
       74,
       16
      ],
      [
       74,
       12
      ]
     ]
    ]
   }
  },
  {
   "type": "Feature",
   "properties": {
    "id": "32.08.30",
    "r0": 16,
    "c0": 71,
    "r1": 20,
    "c1": 75
   },
   "geometry": {
    "type": "Polygon",
    "coordinates": [
     [
      [
       71,
       16
      ],
      [
       76,
       16
      ],
      [
       76,
       21
      ],
      [
       71,
       21
      ],
      [
       71,
       16
      ]
     ]
    ]
   }
  },
  {
   "type": "Feature",
   "properties": {
    "id": "32.08.26",
    "r0": 21,
    "c0": 59,
    "r1": 25,
    "c1": 60
   },
   "geometry": {
    "type": "Polygon",
    "coordinates": [
     [
      [
       59,
       21
      ],
      [
       61,
       21
      ],
      [
       61,
       26
      ],
      [
       59,
       26
      ],
      [
       59,
       21
      ]
     ]
    ]
   }
  },
  {
   "type": "Feature",
   "properties": {
    "id": "32.08.10",
    "r0": 21,
    "c0": 61,
    "r1": 25,
    "c1": 65
   },
   "geometry": {
    "type": "Polygon",
    "coordinates": [
     [
      [
       61,
       21
      ],
      [
       66,
       21
      ],
      [
       66,
       26
      ],
      [
       61,
       26
      ],
      [
       61,
       21
      ]
     ]
    ]
   }
  },
  {
   "type": "Feature",
   "properties": {
    "id": "32.08.28",
    "r0": 21,
    "c0": 66,
    "r1": 25,
    "c1": 67
   },
   "geometry": {
    "type": "Polygon",
    "coordinates": [
     [
      [
       66,
       21
      ],
      [
       68,
       21
      ],
      [
       68,
       26
      ],
      [
       66,
       26
      ],
      [
       66,
       21
      ]
     ]
    ]
   }
  },
  {
   "type": "Feature",
   "properties": {
    "id": "32.08.29",
    "r0": 26,
    "c0": 59,
    "r1": 30,
    "c1": 61
   },
   "geometry": {
    "type": "Polygon",
    "coordinates": [
     [
      [
       59,
       26
      ],
      [
       62,
       26
      ],
      [
       62,
       31
      ],
      [
       59,
       31
      ],
      [
       59,
       26
      ]
     ]
    ]
   }
  },
  {
   "type": "Feature",
   "properties": {
    "id": "32.08.02",
    "r0": 26,
    "c0": 62,
    "r1": 30,
    "c1": 63
   },
   "geometry": {
    "type": "Polygon",
    "coordinates": [
     [
      [
       62,
       26
      ],
      [
       64,
       26
      ],
      [
       64,
       31
      ],
      [
       62,
       31
      ],
      [
       62,
       26
      ]
     ]
    ]
   }
  },
  {
   "type": "Feature",
   "properties": {
    "id": "32.08.08",
    "r0": 26,
    "c0": 64,
    "r1": 30,
    "c1": 67
   },
   "geometry": {
    "type": "Polygon",
    "coordinates": [
     [
      [
       64,
       26
      ],
      [
       68,
       26
      ],
      [
       68,
       31
      ],
      [
       64,
       31
      ],
      [
       64,
       26
      ]
     ]
    ]
   }
  },
  {
   "type": "Feature",
   "properties": {
    "id": "32.08.24",
    "r0": 21,
    "c0": 68,
    "r1": 23,
    "c1": 71
   },
   "geometry": {
    "type": "Polygon",
    "coordinates": [
     [
      [
       68,
       21
      ],
      [
       72,
       21
      ],
      [
       72,
       24
      ],
      [
       68,
       24
      ],
      [
       68,
       21
      ]
     ]
    ]
   }
  },
  {
   "type": "Feature",
   "properties": {
    "id": "32.08.27",
    "r0": 24,
    "c0": 68,
    "r1": 25,
    "c1": 69
   },
   "geometry": {
    "type": "Polygon",
    "coordinates": [
     [
      [
       68,
       24
      ],
      [
       70,
       24
      ],
      [
       70,
       26
      ],
      [
       68,
       26
      ],
      [
       68,
       24
      ]
     ]
    ]
   }
  },
  {
   "type": "Feature",
   "properties": {
    "id": "32.08.21",
    "r0": 24,
    "c0": 70,
    "r1": 25,
    "c1": 71
   },
   "geometry": {
    "type": "Polygon",
    "coordinates": [
     [
      [
       70,
       24
      ],
      [
       72,
       24
      ],
      [
       72,
       26
      ],
      [
       70,
       26
      ],
      [
       70,
       24
      ]
     ]
    ]
   }
  },
  {
   "type": "Feature",
   "properties": {
    "id": "32.08.17",
    "r0": 21,
    "c0": 72,
    "r1": 25,
    "c1": 75
   },
   "geometry": {
    "type": "Polygon",
    "coordinates": [
     [
      [
       72,
       21
      ],
      [
       76,
       21
      ],
      [
       76,
       26
      ],
      [
       72,
       26
      ],
      [
       72,
       21
      ]
     ]
    ]
   }
  },
  {
   "type": "Feature",
   "properties": {
    "id": "32.08.01",
    "r0": 26,
    "c0": 68,
    "r1": 30,
    "c1": 71
   },
   "geometry": {
    "type": "Polygon",
    "coordinates": [
     [
      [
       68,
       26
      ],
      [
       72,
       26
      ],
      [
       72,
       31
      ],
      [
       68,
       31
      ],
      [
       68,
       26
      ]
     ]
    ]
   }
  },
  {
   "type": "Feature",
   "properties": {
    "id": "32.08.20",
    "r0": 26,
    "c0": 72,
    "r1": 28,
    "c1": 75
   },
   "geometry": {
    "type": "Polygon",
    "coordinates": [
     [
      [
       72,
       26
      ],
      [
       76,
       26
      ],
      [
       76,
       29
      ],
      [
       72,
       29
      ],
      [
       72,
       26
      ]
     ]
    ]
   }
  },
  {
   "type": "Feature",
   "properties": {
    "id": "32.08.18",
    "r0": 29,
    "c0": 72,
    "r1": 30,
    "c1": 75
   },
   "geometry": {
    "type": "Polygon",
    "coordinates": [
     [
      [
       72,
       29
      ],
      [
       76,
       29
      ],
      [
       76,
       31
      ],
      [
       72,
       31
      ],
      [
       72,
       29
      ]
     ]
    ]
   }
  },
  {
   "type": "Feature",
   "properties": {
    "id": "32.03",
    "r0": 12,
    "c0": 76,
    "r1": 30,
    "c1": 88
   },
   "geometry": {
    "type": "Polygon",
    "coordinates": [
     [
      [
       76,
       12
      ],
      [
       89,
       12
      ],
      [
       89,
       31
      ],
      [
       76,
       31
      ],
      [
       76,
       12
      ]
     ]
    ]
   }
  },
  {
   "type": "Feature",
   "properties": {
    "id": "32.03.23",
    "r0": 12,
    "c0": 76,
    "r1": 15,
    "c1": 81
   },
   "geometry": {
    "type": "Polygon",
    "coordinates": [
     [
      [
       76,
       12
      ],
      [
       82,
       12
      ],
      [
       82,
       16
      ],
      [
       76,
       16
      ],
      [
       76,
       12
      ]
     ]
    ]
   }
  },
  {
   "type": "Feature",
   "properties": {
    "id": "32.03.21",
    "r0": 16,
    "c0": 76,
    "r1": 20,
    "c1": 78
   },
   "geometry": {
    "type": "Polygon",
    "coordinates": [
     [
      [
       76,
       16
      ],
      [
       79,
       16
      ],
      [
       79,
       21
      ],
      [
       76,
       21
      ],
      [
       76,
       16
      ]
     ]
    ]
   }
  },
  {
   "type": "Feature",
   "properties": {
    "id": "32.03.24",
    "r0": 16,
    "c0": 79,
    "r1": 20,
    "c1": 81
   },
   "geometry": {
    "type": "Polygon",
    "coordinates": [
     [
      [
       79,
       16
      ],
      [
       82,
       16
      ],
      [
       82,
       21
      ],
      [
       79,
       21
      ],
      [
       79,
       16
      ]
     ]
    ]
   }
  },
  {
   "type": "Feature",
   "properties": {
    "id": "32.03.22",
    "r0": 12,
    "c0": 82,
    "r1": 15,
    "c1": 85
   },
   "geometry": {
    "type": "Polygon",
    "coordinates": [
     [
      [
       82,
       12
      ],
      [
       86,
       12
      ],
      [
       86,
       16
      ],
      [
       82,
       16
      ],
      [
       82,
       12
      ]
     ]
    ]
   }
  },
  {
   "type": "Feature",
   "properties": {
    "id": "32.03.26",
    "r0": 12,
    "c0": 86,
    "r1": 15,
    "c1": 88
   },
   "geometry": {
    "type": "Polygon",
    "coordinates": [
     [
      [
       86,
       12
      ],
      [
       89,
       12
      ],
      [
       89,
       16
      ],
      [
       86,
       16
      ],
      [
       86,
       12
      ]
     ]
    ]
   }
  },
  {
   "type": "Feature",
   "properties": {
    "id": "32.03.30",
    "r0": 16,
    "c0": 82,
    "r1": 20,
    "c1": 84
   },
   "geometry": {
    "type": "Polygon",
    "coordinates": [
     [
      [
       82,
       16
      ],
      [
       85,
       16
      ],
      [
       85,
       21
      ],
      [
       82,
       21
      ],
      [
       82,
       16
      ]
     ]
    ]
   }
  },
  {
   "type": "Feature",
   "properties": {
    "id": "32.03.20",
    "r0": 16,
    "c0": 85,
    "r1": 20,
    "c1": 88
   },
   "geometry": {
    "type": "Polygon",
    "coordinates": [
     [
      [
       85,
       16
      ],
      [
       89,
       16
      ],
      [
       89,
       21
      ],
      [
       85,
       21
      ],
      [
       85,
       16
      ]
     ]
    ]
   }
  },
  {
   "type": "Feature",
   "properties": {
    "id": "32.03.29",
    "r0": 21,
    "c0": 76,
    "r1": 25,
    "c1": 78
   },
   "geometry": {
    "type": "Polygon",
    "coordinates": [
     [
      [
       76,
       21
      ],
      [
       79,
       21
      ],
      [
       79,
       26
      ],
      [
       76,
       26
      ],
      [
       76,
       21
      ]
     ]
    ]
   }
  },
  {
   "type": "Feature",
   "properties": {
    "id": "32.03.19",
    "r0": 21,
    "c0": 79,
    "r1": 25,
    "c1": 81
   },
   "geometry": {
    "type": "Polygon",
    "coordinates": [
     [
      [
       79,
       21
      ],
      [
       82,
       21
      ],
      [
       82,
       26
      ],
      [
       79,
       26
      ],
      [
       79,
       21
      ]
     ]
    ]
   }
  },
  {
   "type": "Feature",
   "properties": {
    "id": "32.03.17",
    "r0": 26,
    "c0": 76,
    "r1": 30,
    "c1": 79
   },
   "geometry": {
    "type": "Polygon",
    "coordinates": [
     [
      [
       76,
       26
      ],
      [
       80,
       26
      ],
      [
       80,
       31
      ],
      [
       76,
       31
      ],
      [
       76,
       26
      ]
     ]
    ]
   }
  },
  {
   "type": "Feature",
   "properties": {
    "id": "32.03.32",
    "r0": 26,
    "c0": 80,
    "r1": 30,
    "c1": 81
   },
   "geometry": {
    "type": "Polygon",
    "coordinates": [
     [
      [
       80,
       26
      ],
      [
       82,
       26
      ],
      [
       82,
       31
      ],
      [
       80,
       31
      ],
      [
       80,
       26
      ]
     ]
    ]
   }
  },
  {
   "type": "Feature",
   "properties": {
    "id": "32.03.18",
    "r0": 21,
    "c0": 82,
    "r1": 25,
    "c1": 85
   },
   "geometry": {
    "type": "Polygon",
    "coordinates": [
     [
      [
       82,
       21
      ],
      [
       86,
       21
      ],
      [
       86,
       26
      ],
      [
       82,
       26
      ],
      [
       82,
       21
      ]
     ]
    ]
   }
  },
  {
   "type": "Feature",
   "properties": {
    "id": "32.03.16",
    "r0": 21,
    "c0": 86,
    "r1": 25,
    "c1": 88
   },
   "geometry": {
    "type": "Polygon",
    "coordinates": [
     [
      [
       86,
       21
      ],
      [
       89,
       21
      ],
      [
       89,
       26
      ],
      [
       86,
       26
      ],
      [
       86,
       21
      ]
     ]
    ]
   }
  },
  {
   "type": "Feature",
   "properties": {
    "id": "32.03.14",
    "r0": 26,
    "c0": 82,
    "r1": 30,
    "c1": 84
   },
   "geometry": {
    "type": "Polygon",
    "coordinates": [
     [
      [
       82,
       26
      ],
      [
       85,
       26
      ],
      [
       85,
       31
      ],
      [
       82,
       31
      ],
      [
       82,
       26
      ]
     ]
    ]
   }
  },
  {
   "type": "Feature",
   "properties": {
    "id": "32.03.25",
    "r0": 26,
    "c0": 85,
    "r1": 27,
    "c1": 88
   },
   "geometry": {
    "type": "Polygon",
    "coordinates": [
     [
      [
       85,
       26
      ],
      [
       89,
       26
      ],
      [
       89,
       28
      ],
      [
       85,
       28
      ],
      [
       85,
       26
      ]
     ]
    ]
   }
  },
  {
   "type": "Feature",
   "properties": {
    "id": "32.03.15",
    "r0": 28,
    "c0": 85,
    "r1": 30,
    "c1": 87
   },
   "geometry": {
    "type": "Polygon",
    "coordinates": [
     [
      [
       85,
       28
      ],
      [
       88,
       28
      ],
      [
       88,
       31
      ],
      [
       85,
       31
      ],
      [
       85,
       28
      ]
     ]
    ]
   }
  },
  {
   "type": "Feature",
   "properties": {
    "id": "32.03.03",
    "r0": 28,
    "c0": 88,
    "r1": 30,
    "c1": 88
   },
   "geometry": {
    "type": "Polygon",
    "coordinates": [
     [
      [
       88,
       28
      ],
      [
       89,
       28
      ],
      [
       89,
       31
      ],
      [
       88,
       31
      ],
      [
       88,
       28
      ]
     ]
    ]
   }
  },
  {
   "type": "Feature",
   "properties": {
    "id": "32.04",
    "r0": 31,
    "c0": 59,
    "r1": 53,
    "c1": 73
   },
   "geometry": {
    "type": "Polygon",
    "coordinates": [
     [
      [
       59,
       31
      ],
      [
       74,
       31
      ],
      [
       74,
       54
      ],
      [
       59,
       54
      ],
      [
       59,
       31
      ]
     ]
    ]
   }
  },
  {
   "type": "Feature",
   "properties": {
    "id": "32.04.31",
    "r0": 31,
    "c0": 59,
    "r1": 35,
    "c1": 60
   },
   "geometry": {
    "type": "Polygon",
    "coordinates": [
     [
      [
       59,
       31
      ],
      [
       61,
       31
      ],
      [
       61,
       36
      ],
      [
       59,
       36
      ],
      [
       59,
       31
      ]
     ]
    ]
   }
  },
  {
   "type": "Feature",
   "properties": {
    "id": "32.04.15",
    "r0": 31,
    "c0": 61,
    "r1": 35,
    "c1": 64
   },
   "geometry": {
    "type": "Polygon",
    "coordinates": [
     [
      [
       61,
       31
      ],
      [
       65,
       31
      ],
      [
       65,
       36
      ],
      [
       61,
       36
      ],
      [
       61,
       31
      ]
     ]
    ]
   }
  },
  {
   "type": "Feature",
   "properties": {
    "id": "32.04.40",
    "r0": 31,
    "c0": 65,
    "r1": 35,
    "c1": 65
   },
   "geometry": {
    "type": "Polygon",
    "coordinates": [
     [
      [
       65,
       31
      ],
      [
       66,
       31
      ],
      [
       66,
       36
      ],
      [
       65,
       36
      ],
      [
       65,
       31
      ]
     ]
    ]
   }
  },
  {
   "type": "Feature",
   "properties": {
    "id": "32.04.30",
    "r0": 36,
    "c0": 59,
    "r1": 41,
    "c1": 61
   },
   "geometry": {
    "type": "Polygon",
    "coordinates": [
     [
      [
       59,
       36
      ],
      [
       62,
       36
      ],
      [
       62,
       42
      ],
      [
       59,
       42
      ],
      [
       59,
       36
      ]
     ]
    ]
   }
  },
  {
   "type": "Feature",
   "properties": {
    "id": "32.04.17",
    "r0": 36,
    "c0": 62,
    "r1": 38,
    "c1": 65
   },
   "geometry": {
    "type": "Polygon",
    "coordinates": [
     [
      [
       62,
       36
      ],
      [
       66,
       36
      ],
      [
       66,
       39
      ],
      [
       62,
       39
      ],
      [
       62,
       36
      ]
     ]
    ]
   }
  },
  {
   "type": "Feature",
   "properties": {
    "id": "32.04.38",
    "r0": 39,
    "c0": 62,
    "r1": 41,
    "c1": 65
   },
   "geometry": {
    "type": "Polygon",
    "coordinates": [
     [
      [
       62,
       39
      ],
      [
       66,
       39
      ],
      [
       66,
       42
      ],
      [
       62,
       42
      ],
      [
       62,
       39
      ]
     ]
    ]
   }
  },
  {
   "type": "Feature",
   "properties": {
    "id": "32.04.36",
    "r0": 31,
    "c0": 66,
    "r1": 35,
    "c1": 68
   },
   "geometry": {
    "type": "Polygon",
    "coordinates": [
     [
      [
       66,
       31
      ],
      [
       69,
       31
      ],
      [
       69,
       36
      ],
      [
       66,
       36
      ],
      [
       66,
       31
      ]
     ]
    ]
   }
  },
  {
   "type": "Feature",
   "properties": {
    "id": "32.04.39",
    "r0": 31,
    "c0": 69,
    "r1": 35,
    "c1": 70
   },
   "geometry": {
    "type": "Polygon",
    "coordinates": [
     [
      [
       69,
       31
      ],
      [
       71,
       31
      ],
      [
       71,
       36
      ],
      [
       69,
       36
      ],
      [
       69,
       31
      ]
     ]
    ]
   }
  },
  {
   "type": "Feature",
   "properties": {
    "id": "32.04.16",
    "r0": 31,
    "c0": 71,
    "r1": 35,
    "c1": 73
   },
   "geometry": {
    "type": "Polygon",
    "coordinates": [
     [
      [
       71,
       31
      ],
      [
       74,
       31
      ],
      [
       74,
       36
      ],
      [
       71,
       36
      ],
      [
       71,
       31
      ]
     ]
    ]
   }
  },
  {
   "type": "Feature",
   "properties": {
    "id": "32.04.13",
    "r0": 36,
    "c0": 66,
    "r1": 41,
    "c1": 67
   },
   "geometry": {
    "type": "Polygon",
    "coordinates": [
     [
      [
       66,
       36
      ],
      [
       68,
       36
      ],
      [
       68,
       42
      ],
      [
       66,
       42
      ],
      [
       66,
       36
      ]
     ]
    ]
   }
  },
  {
   "type": "Feature",
   "properties": {
    "id": "32.04.29",
    "r0": 36,
    "c0": 68,
    "r1": 41,
    "c1": 70
   },
   "geometry": {
    "type": "Polygon",
    "coordinates": [
     [
      [
       68,
       36
      ],
      [
       71,
       36
      ],
      [
       71,
       42
      ],
      [
       68,
       42
      ],
      [
       68,
       36
      ]
     ]
    ]
   }
  },
  {
   "type": "Feature",
   "properties": {
    "id": "32.04.33",
    "r0": 36,
    "c0": 71,
    "r1": 41,
    "c1": 73
   },
   "geometry": {
    "type": "Polygon",
    "coordinates": [
     [
      [
       71,
       36
      ],
      [
       74,
       36
      ],
      [
       74,
       42
      ],
      [
       71,
       42
      ],
      [
       71,
       36
      ]
     ]
    ]
   }
  },
  {
   "type": "Feature",
   "properties": {
    "id": "32.04.35",
    "r0": 42,
    "c0": 59,
    "r1": 45,
    "c1": 62
   },
   "geometry": {
    "type": "Polygon",
    "coordinates": [
     [
      [
       59,
       42
      ],
      [
       63,
       42
      ],
      [
       63,
       46
      ],
      [
       59,
       46
      ],
      [
       59,
       42
      ]
     ]
    ]
   }
  },
  {
   "type": "Feature",
   "properties": {
    "id": "32.04.44",
    "r0": 46,
    "c0": 59,
    "r1": 48,
    "c1": 62
   },
   "geometry": {
    "type": "Polygon",
    "coordinates": [
     [
      [
       59,
       46
      ],
      [
       63,
       46
      ],
      [
       63,
       49
      ],
      [
       59,
       49
      ],
      [
       59,
       46
      ]
     ]
    ]
   }
  },
  {
   "type": "Feature",
   "properties": {
    "id": "32.04.27",
    "r0": 42,
    "c0": 63,
    "r1": 45,
    "c1": 66
   },
   "geometry": {
    "type": "Polygon",
    "coordinates": [
     [
      [
       63,
       42
      ],
      [
       67,
       42
      ],
      [
       67,
       46
      ],
      [
       63,
       46
      ],
      [
       63,
       42
      ]
     ]
    ]
   }
  },
  {
   "type": "Feature",
   "properties": {
    "id": "32.04.26",
    "r0": 46,
    "c0": 63,
    "r1": 48,
    "c1": 66
   },
   "geometry": {
    "type": "Polygon",
    "coordinates": [
     [
      [
       63,
       46
      ],
      [
       67,
       46
      ],
      [
       67,
       49
      ],
      [
       63,
       49
      ],
      [
       63,
       46
      ]
     ]
    ]
   }
  },
  {
   "type": "Feature",
   "properties": {
    "id": "32.04.46",
    "r0": 49,
    "c0": 59,
    "r1": 51,
    "c1": 62
   },
   "geometry": {
    "type": "Polygon",
    "coordinates": [
     [
      [
       59,
       49
      ],
      [
       63,
       49
      ],
      [
       63,
       52
      ],
      [
       59,
       52
      ],
      [
       59,
       49
      ]
     ]
    ]
   }
  },
  {
   "type": "Feature",
   "properties": {
    "id": "32.04.14",
    "r0": 52,
    "c0": 59,
    "r1": 53,
    "c1": 62
   },
   "geometry": {
    "type": "Polygon",
    "coordinates": [
     [
      [
       59,
       52
      ],
      [
       63,
       52
      ],
      [
       63,
       54
      ],
      [
       59,
       54
      ],
      [
       59,
       52
      ]
     ]
    ]
   }
  },
  {
   "type": "Feature",
   "properties": {
    "id": "32.04.11",
    "r0": 49,
    "c0": 63,
    "r1": 51,
    "c1": 66
   },
   "geometry": {
    "type": "Polygon",
    "coordinates": [
     [
      [
       63,
       49
      ],
      [
       67,
       49
      ],
      [
       67,
       52
      ],
      [
       63,
       52
      ],
      [
       63,
       49
      ]
     ]
    ]
   }
  },
  {
   "type": "Feature",
   "properties": {
    "id": "32.04.34",
    "r0": 52,
    "c0": 63,
    "r1": 53,
    "c1": 66
   },
   "geometry": {
    "type": "Polygon",
    "coordinates": [
     [
      [
       63,
       52
      ],
      [
       67,
       52
      ],
      [
       67,
       54
      ],
      [
       63,
       54
      ],
      [
       63,
       52
      ]
     ]
    ]
   }
  },
  {
   "type": "Feature",
   "properties": {
    "id": "32.04.25",
    "r0": 42,
    "c0": 67,
    "r1": 45,
    "c1": 70
   },
   "geometry": {
    "type": "Polygon",
    "coordinates": [
     [
      [
       67,
       42
      ],
      [
       71,
       42
      ],
      [
       71,
       46
      ],
      [
       67,
       46
      ],
      [
       67,
       42
      ]
     ]
    ]
   }
  },
  {
   "type": "Feature",
   "properties": {
    "id": "32.04.32",
    "r0": 46,
    "c0": 67,
    "r1": 48,
    "c1": 70
   },
   "geometry": {
    "type": "Polygon",
    "coordinates": [
     [
      [
       67,
       46
      ],
      [
       71,
       46
      ],
      [
       71,
       49
      ],
      [
       67,
       49
      ],
      [
       67,
       46
      ]
     ]
    ]
   }
  },
  {
   "type": "Feature",
   "properties": {
    "id": "32.04.28",
    "r0": 42,
    "c0": 71,
    "r1": 48,
    "c1": 73
   },
   "geometry": {
    "type": "Polygon",
    "coordinates": [
     [
      [
       71,
       42
      ],
      [
       74,
       42
      ],
      [
       74,
       49
      ],
      [
       71,
       49
      ],
      [
       71,
       42
      ]
     ]
    ]
   }
  },
  {
   "type": "Feature",
   "properties": {
    "id": "32.04.08",
    "r0": 49,
    "c0": 67,
    "r1": 51,
    "c1": 69
   },
   "geometry": {
    "type": "Polygon",
    "coordinates": [
     [
      [
       67,
       49
      ],
      [
       70,
       49
      ],
      [
       70,
       52
      ],
      [
       67,
       52
      ],
      [
       67,
       49
      ]
     ]
    ]
   }
  },
  {
   "type": "Feature",
   "properties": {
    "id": "32.04.09",
    "r0": 52,
    "c0": 67,
    "r1": 53,
    "c1": 69
   },
   "geometry": {
    "type": "Polygon",
    "coordinates": [
     [
      [
       67,
       52
      ],
      [
       70,
       52
      ],
      [
       70,
       54
      ],
      [
       67,
       54
      ],
      [
       67,
       52
      ]
     ]
    ]
   }
  },
  {
   "type": "Feature",
   "properties": {
    "id": "32.04.12",
    "r0": 49,
    "c0": 70,
    "r1": 50,
    "c1": 72
   },
   "geometry": {
    "type": "Polygon",
    "coordinates": [
     [
      [
       70,
       49
      ],
      [
       73,
       49
      ],
      [
       73,
       51
      ],
      [
       70,
       51
      ],
      [
       70,
       49
      ]
     ]
    ]
   }
  },
  {
   "type": "Feature",
   "properties": {
    "id": "32.04.10",
    "r0": 49,
    "c0": 73,
    "r1": 50,
    "c1": 73
   },
   "geometry": {
    "type": "Polygon",
    "coordinates": [
     [
      [
       73,
       49
      ],
      [
       74,
       49
      ],
      [
       74,
       51
      ],
      [
       73,
       51
      ],
      [
       73,
       49
      ]
     ]
    ]
   }
  },
  {
   "type": "Feature",
   "properties": {
    "id": "32.04.37",
    "r0": 51,
    "c0": 70,
    "r1": 53,
    "c1": 73
   },
   "geometry": {
    "type": "Polygon",
    "coordinates": [
     [
      [
       70,
       51
      ],
      [
       74,
       51
      ],
      [
       74,
       54
      ],
      [
       70,
       54
      ],
      [
       70,
       51
      ]
     ]
    ]
   }
  },
  {
   "type": "Feature",
   "properties": {
    "id": "32.07",
    "r0": 31,
    "c0": 74,
    "r1": 53,
    "c1": 88
   },
   "geometry": {
    "type": "Polygon",
    "coordinates": [
     [
      [
       74,
       31
      ],
      [
       89,
       31
      ],
      [
       89,
       54
      ],
      [
       74,
       54
      ],
      [
       74,
       31
      ]
     ]
    ]
   }
  },
  {
   "type": "Feature",
   "properties": {
    "id": "32.07.13",
    "r0": 31,
    "c0": 74,
    "r1": 34,
    "c1": 76
   },
   "geometry": {
    "type": "Polygon",
    "coordinates": [
     [
      [
       74,
       31
      ],
      [
       77,
       31
      ],
      [
       77,
       35
      ],
      [
       74,
       35
      ],
      [
       74,
       31
      ]
     ]
    ]
   }
  },
  {
   "type": "Feature",
   "properties": {
    "id": "32.07.34",
    "r0": 35,
    "c0": 74,
    "r1": 37,
    "c1": 76
   },
   "geometry": {
    "type": "Polygon",
    "coordinates": [
     [
      [
       74,
       35
      ],
      [
       77,
       35
      ],
      [
       77,
       38
      ],
      [
       74,
       38
      ],
      [
       74,
       35
      ]
     ]
    ]
   }
  },
  {
   "type": "Feature",
   "properties": {
    "id": "32.07.08",
    "r0": 31,
    "c0": 77,
    "r1": 33,
    "c1": 80
   },
   "geometry": {
    "type": "Polygon",
    "coordinates": [
     [
      [
       77,
       31
      ],
      [
       81,
       31
      ],
      [
       81,
       34
      ],
      [
       77,
       34
      ],
      [
       77,
       31
      ]
     ]
    ]
   }
  },
  {
   "type": "Feature",
   "properties": {
    "id": "32.07.11",
    "r0": 34,
    "c0": 77,
    "r1": 37,
    "c1": 80
   },
   "geometry": {
    "type": "Polygon",
    "coordinates": [
     [
      [
       77,
       34
      ],
      [
       81,
       34
      ],
      [
       81,
       38
      ],
      [
       77,
       38
      ],
      [
       77,
       34
      ]
     ]
    ]
   }
  },
  {
   "type": "Feature",
   "properties": {
    "id": "32.07.30",
    "r0": 38,
    "c0": 74,
    "r1": 42,
    "c1": 76
   },
   "geometry": {
    "type": "Polygon",
    "coordinates": [
     [
      [
       74,
       38
      ],
      [
       77,
       38
      ],
      [
       77,
       43
      ],
      [
       74,
       43
      ],
      [
       74,
       38
      ]
     ]
    ]
   }
  },
  {
   "type": "Feature",
   "properties": {
    "id": "32.07.10",
    "r0": 38,
    "c0": 77,
    "r1": 42,
    "c1": 80
   },
   "geometry": {
    "type": "Polygon",
    "coordinates": [
     [
      [
       77,
       38
      ],
      [
       81,
       38
      ],
      [
       81,
       43
      ],
      [
       77,
       43
      ],
      [
       77,
       38
      ]
     ]
    ]
   }
  },
  {
   "type": "Feature",
   "properties": {
    "id": "32.07.19",
    "r0": 31,
    "c0": 81,
    "r1": 37,
    "c1": 83
   },
   "geometry": {
    "type": "Polygon",
    "coordinates": [
     [
      [
       81,
       31
      ],
      [
       84,
       31
      ],
      [
       84,
       38
      ],
      [
       81,
       38
      ],
      [
       81,
       31
      ]
     ]
    ]
   }
  },
  {
   "type": "Feature",
   "properties": {
    "id": "32.07.07",
    "r0": 31,
    "c0": 84,
    "r1": 34,
    "c1": 88
   },
   "geometry": {
    "type": "Polygon",
    "coordinates": [
     [
      [
       84,
       31
      ],
      [
       89,
       31
      ],
      [
       89,
       35
      ],
      [
       84,
       35
      ],
      [
       84,
       31
      ]
     ]
    ]
   }
  },
  {
   "type": "Feature",
   "properties": {
    "id": "32.07.37",
    "r0": 35,
    "c0": 84,
    "r1": 37,
    "c1": 88
   },
   "geometry": {
    "type": "Polygon",
    "coordinates": [
     [
      [
       84,
       35
      ],
      [
       89,
       35
      ],
      [
       89,
       38
      ],
      [
       84,
       38
      ],
      [
       84,
       35
      ]
     ]
    ]
   }
  },
  {
   "type": "Feature",
   "properties": {
    "id": "32.07.18",
    "r0": 38,
    "c0": 81,
    "r1": 42,
    "c1": 83
   },
   "geometry": {
    "type": "Polygon",
    "coordinates": [
     [
      [
       81,
       38
      ],
      [
       84,
       38
      ],
      [
       84,
       43
      ],
      [
       81,
       43
      ],
      [
       81,
       38
      ]
     ]
    ]
   }
  },
  {
   "type": "Feature",
   "properties": {
    "id": "32.07.35",
    "r0": 38,
    "c0": 84,
    "r1": 42,
    "c1": 85
   },
   "geometry": {
    "type": "Polygon",
    "coordinates": [
     [
      [
       84,
       38
      ],
      [
       86,
       38
      ],
      [
       86,
       43
      ],
      [
       84,
       43
      ],
      [
       84,
       38
      ]
     ]
    ]
   }
  },
  {
   "type": "Feature",
   "properties": {
    "id": "32.07.17",
    "r0": 38,
    "c0": 86,
    "r1": 42,
    "c1": 88
   },
   "geometry": {
    "type": "Polygon",
    "coordinates": [
     [
      [
       86,
       38
      ],
      [
       89,
       38
      ],
      [
       89,
       43
      ],
      [
       86,
       43
      ],
      [
       86,
       38
      ]
     ]
    ]
   }
  },
  {
   "type": "Feature",
   "properties": {
    "id": "32.07.32",
    "r0": 43,
    "c0": 74,
    "r1": 45,
    "c1": 77
   },
   "geometry": {
    "type": "Polygon",
    "coordinates": [
     [
      [
       74,
       43
      ],
      [
       78,
       43
      ],
      [
       78,
       46
      ],
      [
       74,
       46
      ],
      [
       74,
       43
      ]
     ]
    ]
   }
  },
  {
   "type": "Feature",
   "properties": {
    "id": "32.07.12",
    "r0": 46,
    "c0": 74,
    "r1": 47,
    "c1": 77
   },
   "geometry": {
    "type": "Polygon",
    "coordinates": [
     [
      [
       74,
       46
      ],
      [
       78,
       46
      ],
      [
       78,
       48
      ],
      [
       74,
       48
      ],
      [
       74,
       46
      ]
     ]
    ]
   }
  },
  {
   "type": "Feature",
   "properties": {
    "id": "32.07.29",
    "r0": 43,
    "c0": 78,
    "r1": 44,
    "c1": 81
   },
   "geometry": {
    "type": "Polygon",
    "coordinates": [
     [
      [
       78,
       43
      ],
      [
       82,
       43
      ],
      [
       82,
       45
      ],
      [
       78,
       45
      ],
      [
       78,
       43
      ]
     ]
    ]
   }
  },
  {
   "type": "Feature",
   "properties": {
    "id": "32.07.04",
    "r0": 45,
    "c0": 78,
    "r1": 47,
    "c1": 81
   },
   "geometry": {
    "type": "Polygon",
    "coordinates": [
     [
      [
       78,
       45
      ],
      [
       82,
       45
      ],
      [
       82,
       48
      ],
      [
       78,
       48
      ],
      [
       78,
       45
      ]
     ]
    ]
   }
  },
  {
   "type": "Feature",
   "properties": {
    "id": "32.07.01",
    "r0": 48,
    "c0": 74,
    "r1": 53,
    "c1": 76
   },
   "geometry": {
    "type": "Polygon",
    "coordinates": [
     [
      [
       74,
       48
      ],
      [
       77,
       48
      ],
      [
       77,
       54
      ],
      [
       74,
       54
      ],
      [
       74,
       48
      ]
     ]
    ]
   }
  },
  {
   "type": "Feature",
   "properties": {
    "id": "32.07.15",
    "r0": 48,
    "c0": 77,
    "r1": 50,
    "c1": 81
   },
   "geometry": {
    "type": "Polygon",
    "coordinates": [
     [
      [
       77,
       48
      ],
      [
       82,
       48
      ],
      [
       82,
       51
      ],
      [
       77,
       51
      ],
      [
       77,
       48
      ]
     ]
    ]
   }
  },
  {
   "type": "Feature",
   "properties": {
    "id": "32.07.03",
    "r0": 51,
    "c0": 77,
    "r1": 53,
    "c1": 81
   },
   "geometry": {
    "type": "Polygon",
    "coordinates": [
     [
      [
       77,
       51
      ],
      [
       82,
       51
      ],
      [
       82,
       54
      ],
      [
       77,
       54
      ],
      [
       77,
       51
      ]
     ]
    ]
   }
  },
  {
   "type": "Feature",
   "properties": {
    "id": "32.07.31",
    "r0": 43,
    "c0": 82,
    "r1": 45,
    "c1": 85
   },
   "geometry": {
    "type": "Polygon",
    "coordinates": [
     [
      [
       82,
       43
      ],
      [
       86,
       43
      ],
      [
       86,
       46
      ],
      [
       82,
       46
      ],
      [
       82,
       43
      ]
     ]
    ]
   }
  },
  {
   "type": "Feature",
   "properties": {
    "id": "32.07.14",
    "r0": 46,
    "c0": 82,
    "r1": 47,
    "c1": 85
   },
   "geometry": {
    "type": "Polygon",
    "coordinates": [
     [
      [
       82,
       46
      ],
      [
       86,
       46
      ],
      [
       86,
       48
      ],
      [
       82,
       48
      ],
      [
       82,
       46
      ]
     ]
    ]
   }
  },
  {
   "type": "Feature",
   "properties": {
    "id": "32.07.33",
    "r0": 43,
    "c0": 86,
    "r1": 44,
    "c1": 88
   },
   "geometry": {
    "type": "Polygon",
    "coordinates": [
     [
      [
       86,
       43
      ],
      [
       89,
       43
      ],
      [
       89,
       45
      ],
      [
       86,
       45
      ],
      [
       86,
       43
      ]
     ]
    ]
   }
  },
  {
   "type": "Feature",
   "properties": {
    "id": "32.07.05",
    "r0": 45,
    "c0": 86,
    "r1": 47,
    "c1": 88
   },
   "geometry": {
    "type": "Polygon",
    "coordinates": [
     [
      [
       86,
       45
      ],
      [
       89,
       45
      ],
      [
       89,
       48
      ],
      [
       86,
       48
      ],
      [
       86,
       45
      ]
     ]
    ]
   }
  },
  {
   "type": "Feature",
   "properties": {
    "id": "32.07.06",
    "r0": 48,
    "c0": 82,
    "r1": 50,
    "c1": 85
   },
   "geometry": {
    "type": "Polygon",
    "coordinates": [
     [
      [
       82,
       48
      ],
      [
       86,
       48
      ],
      [
       86,
       51
      ],
      [
       82,
       51
      ],
      [
       82,
       48
      ]
     ]
    ]
   }
  },
  {
   "type": "Feature",
   "properties": {
    "id": "32.07.02",
    "r0": 51,
    "c0": 82,
    "r1": 53,
    "c1": 85
   },
   "geometry": {
    "type": "Polygon",
    "coordinates": [
     [
      [
       82,
       51
      ],
      [
       86,
       51
      ],
      [
       86,
       54
      ],
      [
       82,
       54
      ],
      [
       82,
       51
      ]
     ]
    ]
   }
  },
  {
   "type": "Feature",
   "properties": {
    "id": "32.07.09",
    "r0": 48,
    "c0": 86,
    "r1": 51,
    "c1": 88
   },
   "geometry": {
    "type": "Polygon",
    "coordinates": [
     [
      [
       86,
       48
      ],
      [
       89,
       48
      ],
      [
       89,
       52
      ],
      [
       86,
       52
      ],
      [
       86,
       48
      ]
     ]
    ]
   }
  },
  {
   "type": "Feature",
   "properties": {
    "id": "32.07.16",
    "r0": 52,
    "c0": 86,
    "r1": 53,
    "c1": 88
   },
   "geometry": {
    "type": "Polygon",
    "coordinates": [
     [
      [
       86,
       52
      ],
      [
       89,
       52
      ],
      [
       89,
       54
      ],
      [
       86,
       54
      ],
      [
       86,
       52
      ]
     ]
    ]
   }
  },
  {
   "type": "Feature",
   "properties": {
    "id": "34",
    "r0": 54,
    "c0": 33,
    "r1": 63,
    "c1": 88
   },
   "geometry": {
    "type": "Polygon",
    "coordinates": [
     [
      [
       33,
       54
      ],
      [
       89,
       54
      ],
      [
       89,
       64
      ],
      [
       33,
       64
      ],
      [
       33,
       54
      ]
     ]
    ]
   }
  },
  {
   "type": "Feature",
   "properties": {
    "id": "34.02",
    "r0": 54,
    "c0": 33,
    "r1": 63,
    "c1": 42
   },
   "geometry": {
    "type": "Polygon",
    "coordinates": [
     [
      [
       33,
       54
      ],
      [
       43,
       54
      ],
      [
       43,
       64
      ],
      [
       33,
       64
      ],
      [
       33,
       54
      ]
     ]
    ]
   }
  },
  {
   "type": "Feature",
   "properties": {
    "id": "34.02.17",
    "r0": 54,
    "c0": 33,
    "r1": 55,
    "c1": 35
   },
   "geometry": {
    "type": "Polygon",
    "coordinates": [
     [
      [
       33,
       54
      ],
      [
       36,
       54
      ],
      [
       36,
       56
      ],
      [
       33,
       56
      ],
      [
       33,
       54
      ]
     ]
    ]
   }
  },
  {
   "type": "Feature",
   "properties": {
    "id": "34.02.15",
    "r0": 56,
    "c0": 33,
    "r1": 58,
    "c1": 34
   },
   "geometry": {
    "type": "Polygon",
    "coordinates": [
     [
      [
       33,
       56
      ],
      [
       35,
       56
      ],
      [
       35,
       59
      ],
      [
       33,
       59
      ],
      [
       33,
       56
      ]
     ]
    ]
   }
  },
  {
   "type": "Feature",
   "properties": {
    "id": "34.02.16",
    "r0": 56,
    "c0": 35,
    "r1": 58,
    "c1": 35
   },
   "geometry": {
    "type": "Polygon",
    "coordinates": [
     [
      [
       35,
       56
      ],
      [
       36,
       56
      ],
      [
       36,
       59
      ],
      [
       35,
       59
      ],
      [
       35,
       56
      ]
     ]
    ]
   }
  },
  {
   "type": "Feature",
   "properties": {
    "id": "34.02.12",
    "r0": 54,
    "c0": 36,
    "r1": 58,
    "c1": 37
   },
   "geometry": {
    "type": "Polygon",
    "coordinates": [
     [
      [
       36,
       54
      ],
      [
       38,
       54
      ],
      [
       38,
       59
      ],
      [
       36,
       59
      ],
      [
       36,
       54
      ]
     ]
    ]
   }
  },
  {
   "type": "Feature",
   "properties": {
    "id": "34.02.08",
    "r0": 59,
    "c0": 33,
    "r1": 61,
    "c1": 35
   },
   "geometry": {
    "type": "Polygon",
    "coordinates": [
     [
      [
       33,
       59
      ],
      [
       36,
       59
      ],
      [
       36,
       62
      ],
      [
       33,
       62
      ],
      [
       33,
       59
      ]
     ]
    ]
   }
  },
  {
   "type": "Feature",
   "properties": {
    "id": "34.02.13",
    "r0": 62,
    "c0": 33,
    "r1": 63,
    "c1": 35
   },
   "geometry": {
    "type": "Polygon",
    "coordinates": [
     [
      [
       33,
       62
      ],
      [
       36,
       62
      ],
      [
       36,
       64
      ],
      [
       33,
       64
      ],
      [
       33,
       62
      ]
     ]
    ]
   }
  },
  {
   "type": "Feature",
   "properties": {
    "id": "34.02.09",
    "r0": 59,
    "c0": 36,
    "r1": 61,
    "c1": 37
   },
   "geometry": {
    "type": "Polygon",
    "coordinates": [
     [
      [
       36,
       59
      ],
      [
       38,
       59
      ],
      [
       38,
       62
      ],
      [
       36,
       62
      ],
      [
       36,
       59
      ]
     ]
    ]
   }
  },
  {
   "type": "Feature",
   "properties": {
    "id": "34.02.06",
    "r0": 62,
    "c0": 36,
    "r1": 63,
    "c1": 37
   },
   "geometry": {
    "type": "Polygon",
    "coordinates": [
     [
      [
       36,
       62
      ],
      [
       38,
       62
      ],
      [
       38,
       64
      ],
      [
       36,
       64
      ],
      [
       36,
       62
      ]
     ]
    ]
   }
  },
  {
   "type": "Feature",
   "properties": {
    "id": "34.02.11",
    "r0": 54,
    "c0": 38,
    "r1": 57,
    "c1": 39
   },
   "geometry": {
    "type": "Polygon",
    "coordinates": [
     [
      [
       38,
       54
      ],
      [
       40,
       54
      ],
      [
       40,
       58
      ],
      [
       38,
       58
      ],
      [
       38,
       54
      ]
     ]
    ]
   }
  },
  {
   "type": "Feature",
   "properties": {
    "id": "34.02.03",
    "r0": 54,
    "c0": 40,
    "r1": 55,
    "c1": 42
   },
   "geometry": {
    "type": "Polygon",
    "coordinates": [
     [
      [
       40,
       54
      ],
      [
       43,
       54
      ],
      [
       43,
       56
      ],
      [
       40,
       56
      ],
      [
       40,
       54
      ]
     ]
    ]
   }
  },
  {
   "type": "Feature",
   "properties": {
    "id": "34.02.02",
    "r0": 56,
    "c0": 40,
    "r1": 57,
    "c1": 42
   },
   "geometry": {
    "type": "Polygon",
    "coordinates": [
     [
      [
       40,
       56
      ],
      [
       43,
       56
      ],
      [
       43,
       58
      ],
      [
       40,
       58
      ],
      [
       40,
       56
      ]
     ]
    ]
   }
  },
  {
   "type": "Feature",
   "properties": {
    "id": "34.02.10",
    "r0": 58,
    "c0": 38,
    "r1": 60,
    "c1": 41
   },
   "geometry": {
    "type": "Polygon",
    "coordinates": [
     [
      [
       38,
       58
      ],
      [
       42,
       58
      ],
      [
       42,
       61
      ],
      [
       38,
       61
      ],
      [
       38,
       58
      ]
     ]
    ]
   }
  },
  {
   "type": "Feature",
   "properties": {
    "id": "34.02.07",
    "r0": 58,
    "c0": 42,
    "r1": 60,
    "c1": 42
   },
   "geometry": {
    "type": "Polygon",
    "coordinates": [
     [
      [
       42,
       58
      ],
      [
       43,
       58
      ],
      [
       43,
       61
      ],
      [
       42,
       61
      ],
      [
       42,
       58
      ]
     ]
    ]
   }
  },
  {
   "type": "Feature",
   "properties": {
    "id": "34.02.05",
    "r0": 61,
    "c0": 38,
    "r1": 63,
    "c1": 39
   },
   "geometry": {
    "type": "Polygon",
    "coordinates": [
     [
      [
       38,
       61
      ],
      [
       40,
       61
      ],
      [
       40,
       64
      ],
      [
       38,
       64
      ],
      [
       38,
       61
      ]
     ]
    ]
   }
  },
  {
   "type": "Feature",
   "properties": {
    "id": "34.02.04",
    "r0": 61,
    "c0": 40,
    "r1": 63,
    "c1": 40
   },
   "geometry": {
    "type": "Polygon",
    "coordinates": [
     [
      [
       40,
       61
      ],
      [
       41,
       61
      ],
      [
       41,
       64
      ],
      [
       40,
       64
      ],
      [
       40,
       61
      ]
     ]
    ]
   }
  },
  {
   "type": "Feature",
   "properties": {
    "id": "34.02.01",
    "r0": 61,
    "c0": 41,
    "r1": 61,
    "c1": 42
   },
   "geometry": {
    "type": "Polygon",
    "coordinates": [
     [
      [
       41,
       61
      ],
      [
       43,
       61
      ],
      [
       43,
       62
      ],
      [
       41,
       62
      ],
      [
       41,
       61
      ]
     ]
    ]
   }
  },
  {
   "type": "Feature",
   "properties": {
    "id": "34.02.14",
    "r0": 62,
    "c0": 41,
    "r1": 63,
    "c1": 42
   },
   "geometry": {
    "type": "Polygon",
    "coordinates": [
     [
      [
       41,
       62
      ],
      [
       43,
       62
      ],
      [
       43,
       64
      ],
      [
       41,
       64
      ],
      [
       41,
       62
      ]
     ]
    ]
   }
  },
  {
   "type": "Feature",
   "properties": {
    "id": "34.71",
    "r0": 54,
    "c0": 43,
    "r1": 63,
    "c1": 48
   },
   "geometry": {
    "type": "Polygon",
    "coordinates": [
     [
      [
       43,
       54
      ],
      [
       49,
       54
      ],
      [
       49,
       64
      ],
      [
       43,
       64
      ],
      [
       43,
       54
      ]
     ]
    ]
   }
  },
  {
   "type": "Feature",
   "properties": {
    "id": "34.71.03",
    "r0": 54,
    "c0": 43,
    "r1": 55,
    "c1": 45
   },
   "geometry": {
    "type": "Polygon",
    "coordinates": [
     [
      [
       43,
       54
      ],
      [
       46,
       54
      ],
      [
       46,
       56
      ],
      [
       43,
       56
      ],
      [
       43,
       54
      ]
     ]
    ]
   }
  },
  {
   "type": "Feature",
   "properties": {
    "id": "34.71.04",
    "r0": 56,
    "c0": 43,
    "r1": 58,
    "c1": 43
   },
   "geometry": {
    "type": "Polygon",
    "coordinates": [
     [
      [
       43,
       56
      ],
      [
       44,
       56
      ],
      [
       44,
       59
      ],
      [
       43,
       59
      ],
      [
       43,
       56
      ]
     ]
    ]
   }
  },
  {
   "type": "Feature",
   "properties": {
    "id": "34.71.01",
    "r0": 56,
    "c0": 44,
    "r1": 58,
    "c1": 45
   },
   "geometry": {
    "type": "Polygon",
    "coordinates": [
     [
      [
       44,
       56
      ],
      [
       46,
       56
      ],
      [
       46,
       59
      ],
      [
       44,
       59
      ],
      [
       44,
       56
      ]
     ]
    ]
   }
  },
  {
   "type": "Feature",
   "properties": {
    "id": "34.71.12",
    "r0": 54,
    "c0": 46,
    "r1": 55,
    "c1": 48
   },
   "geometry": {
    "type": "Polygon",
    "coordinates": [
     [
      [
       46,
       54
      ],
      [
       49,
       54
      ],
      [
       49,
       56
      ],
      [
       46,
       56
      ],
      [
       46,
       54
      ]
     ]
    ]
   }
  },
  {
   "type": "Feature",
   "properties": {
    "id": "34.71.02",
    "r0": 56,
    "c0": 46,
    "r1": 58,
    "c1": 47
   },
   "geometry": {
    "type": "Polygon",
    "coordinates": [
     [
      [
       46,
       56
      ],
      [
       48,
       56
      ],
      [
       48,
       59
      ],
      [
       46,
       59
      ],
      [
       46,
       56
      ]
     ]
    ]
   }
  },
  {
   "type": "Feature",
   "properties": {
    "id": "34.71.08",
    "r0": 56,
    "c0": 48,
    "r1": 58,
    "c1": 48
   },
   "geometry": {
    "type": "Polygon",
    "coordinates": [
     [
      [
       48,
       56
      ],
      [
       49,
       56
      ],
      [
       49,
       59
      ],
      [
       48,
       59
      ],
      [
       48,
       56
      ]
     ]
    ]
   }
  },
  {
   "type": "Feature",
   "properties": {
    "id": "34.71.13",
    "r0": 59,
    "c0": 43,
    "r1": 61,
    "c1": 45
   },
   "geometry": {
    "type": "Polygon",
    "coordinates": [
     [
      [
       43,
       59
      ],
      [
       46,
       59
      ],
      [
       46,
       62
      ],
      [
       43,
       62
      ],
      [
       43,
       59
      ]
     ]
    ]
   }
  },
  {
   "type": "Feature",
   "properties": {
    "id": "34.71.11",
    "r0": 62,
    "c0": 43,
    "r1": 63,
    "c1": 43
   },
   "geometry": {
    "type": "Polygon",
    "coordinates": [
     [
      [
       43,
       62
      ],
      [
       44,
       62
      ],
      [
       44,
       64
      ],
      [
       43,
       64
      ],
      [
       43,
       62
      ]
     ]
    ]
   }
  },
  {
   "type": "Feature",
   "properties": {
    "id": "34.71.09",
    "r0": 62,
    "c0": 44,
    "r1": 63,
    "c1": 45
   },
   "geometry": {
    "type": "Polygon",
    "coordinates": [
     [
      [
       44,
       62
      ],
      [
       46,
       62
      ],
      [
       46,
       64
      ],
      [
       44,
       64
      ],
      [
       44,
       62
      ]
     ]
    ]
   }
  },
  {
   "type": "Feature",
   "properties": {
    "id": "34.71.06",
    "r0": 59,
    "c0": 46,
    "r1": 60,
    "c1": 47
   },
   "geometry": {
    "type": "Polygon",
    "coordinates": [
     [
      [
       46,
       59
      ],
      [
       48,
       59
      ],
      [
       48,
       61
      ],
      [
       46,
       61
      ],
      [
       46,
       59
      ]
     ]
    ]
   }
  },
  {
   "type": "Feature",
   "properties": {
    "id": "34.71.10",
    "r0": 59,
    "c0": 48,
    "r1": 60,
    "c1": 48
   },
   "geometry": {
    "type": "Polygon",
    "coordinates": [
     [
      [
       48,
       59
      ],
      [
       49,
       59
      ],
      [
       49,
       61
      ],
      [
       48,
       61
      ],
      [
       48,
       59
      ]
     ]
    ]
   }
  },
  {
   "type": "Feature",
   "properties": {
    "id": "34.71.07",
    "r0": 61,
    "c0": 46,
    "r1": 63,
    "c1": 46
   },
   "geometry": {
    "type": "Polygon",
    "coordinates": [
     [
      [
       46,
       61
      ],
      [
       47,
       61
      ],
      [
       47,
       64
      ],
      [
       46,
       64
      ],
      [
       46,
       61
      ]
     ]
    ]
   }
  },
  {
   "type": "Feature",
   "properties": {
    "id": "34.71.14",
    "r0": 61,
    "c0": 47,
    "r1": 62,
    "c1": 48
   },
   "geometry": {
    "type": "Polygon",
    "coordinates": [
     [
      [
       47,
       61
      ],
      [
       49,
       61
      ],
      [
       49,
       63
      ],
      [
       47,
       63
      ],
      [
       47,
       61
      ]
     ]
    ]
   }
  },
  {
   "type": "Feature",
   "properties": {
    "id": "34.71.05",
    "r0": 63,
    "c0": 47,
    "r1": 63,
    "c1": 48
   },
   "geometry": {
    "type": "Polygon",
    "coordinates": [
     [
      [
       47,
       63
      ],
      [
       49,
       63
      ],
      [
       49,
       64
      ],
      [
       47,
       64
      ],
      [
       47,
       63
      ]
     ]
    ]
   }
  },
  {
   "type": "Feature",
   "properties": {
    "id": "34.01",
    "r0": 54,
    "c0": 49,
    "r1": 63,
    "c1": 60
   },
   "geometry": {
    "type": "Polygon",
    "coordinates": [
     [
      [
       49,
       54
      ],
      [
       61,
       54
      ],
      [
       61,
       64
      ],
      [
       49,
       64
      ],
      [
       49,
       54
      ]
     ]
    ]
   }
  },
  {
   "type": "Feature",
   "properties": {
    "id": "34.01.04",
    "r0": 54,
    "c0": 49,
    "r1": 58,
    "c1": 50
   },
   "geometry": {
    "type": "Polygon",
    "coordinates": [
     [
      [
       49,
       54
      ],
      [
       51,
       54
      ],
      [
       51,
       59
      ],
      [
       49,
       59
      ],
      [
       49,
       54
      ]
     ]
    ]
   }
  },
  {
   "type": "Feature",
   "properties": {
    "id": "34.01.06",
    "r0": 54,
    "c0": 51,
    "r1": 56,
    "c1": 54
   },
   "geometry": {
    "type": "Polygon",
    "coordinates": [
     [
      [
       51,
       54
      ],
      [
       55,
       54
      ],
      [
       55,
       57
      ],
      [
       51,
       57
      ],
      [
       51,
       54
      ]
     ]
    ]
   }
  },
  {
   "type": "Feature",
   "properties": {
    "id": "34.01.12",
    "r0": 57,
    "c0": 51,
    "r1": 58,
    "c1": 54
   },
   "geometry": {
    "type": "Polygon",
    "coordinates": [
     [
      [
       51,
       57
      ],
      [
       55,
       57
      ],
      [
       55,
       59
      ],
      [
       51,
       59
      ],
      [
       51,
       57
      ]
     ]
    ]
   }
  },
  {
   "type": "Feature",
   "properties": {
    "id": "34.01.11",
    "r0": 59,
    "c0": 49,
    "r1": 61,
    "c1": 52
   },
   "geometry": {
    "type": "Polygon",
    "coordinates": [
     [
      [
       49,
       59
      ],
      [
       53,
       59
      ],
      [
       53,
       62
      ],
      [
       49,
       62
      ],
      [
       49,
       59
      ]
     ]
    ]
   }
  },
  {
   "type": "Feature",
   "properties": {
    "id": "34.01.10",
    "r0": 62,
    "c0": 49,
    "r1": 63,
    "c1": 52
   },
   "geometry": {
    "type": "Polygon",
    "coordinates": [
     [
      [
       49,
       62
      ],
      [
       53,
       62
      ],
      [
       53,
       64
      ],
      [
       49,
       64
      ],
      [
       49,
       62
      ]
     ]
    ]
   }
  },
  {
   "type": "Feature",
   "properties": {
    "id": "34.01.02",
    "r0": 59,
    "c0": 53,
    "r1": 63,
    "c1": 54
   },
   "geometry": {
    "type": "Polygon",
    "coordinates": [
     [
      [
       53,
       59
      ],
      [
       55,
       59
      ],
      [
       55,
       64
      ],
      [
       53,
       64
      ],
      [
       53,
       59
      ]
     ]
    ]
   }
  },
  {
   "type": "Feature",
   "properties": {
    "id": "34.01.03",
    "r0": 54,
    "c0": 55,
    "r1": 57,
    "c1": 58
   },
   "geometry": {
    "type": "Polygon",
    "coordinates": [
     [
      [
       55,
       54
      ],
      [
       59,
       54
      ],
      [
       59,
       58
      ],
      [
       55,
       58
      ],
      [
       55,
       54
      ]
     ]
    ]
   }
  },
  {
   "type": "Feature",
   "properties": {
    "id": "34.01.05",
    "r0": 54,
    "c0": 59,
    "r1": 57,
    "c1": 60
   },
   "geometry": {
    "type": "Polygon",
    "coordinates": [
     [
      [
       59,
       54
      ],
      [
       61,
       54
      ],
      [
       61,
       58
      ],
      [
       59,
       58
      ],
      [
       59,
       54
      ]
     ]
    ]
   }
  },
  {
   "type": "Feature",
   "properties": {
    "id": "34.01.01",
    "r0": 58,
    "c0": 55,
    "r1": 63,
    "c1": 57
   },
   "geometry": {
    "type": "Polygon",
    "coordinates": [
     [
      [
       55,
       58
      ],
      [
       58,
       58
      ],
      [
       58,
       64
      ],
      [
       55,
       64
      ],
      [
       55,
       58
      ]
     ]
    ]
   }
  },
  {
   "type": "Feature",
   "properties": {
    "id": "34.01.09",
    "r0": 58,
    "c0": 58,
    "r1": 60,
    "c1": 58
   },
   "geometry": {
    "type": "Polygon",
    "coordinates": [
     [
      [
       58,
       58
      ],
      [
       59,
       58
      ],
      [
       59,
       61
      ],
      [
       58,
       61
      ],
      [
       58,
       58
      ]
     ]
    ]
   }
  },
  {
   "type": "Feature",
   "properties": {
    "id": "34.01.08",
    "r0": 58,
    "c0": 59,
    "r1": 60,
    "c1": 60
   },
   "geometry": {
    "type": "Polygon",
    "coordinates": [
     [
      [
       59,
       58
      ],
      [
       61,
       58
      ],
      [
       61,
       61
      ],
      [
       59,
       61
      ],
      [
       59,
       58
      ]
     ]
    ]
   }
  },
  {
   "type": "Feature",
   "properties": {
    "id": "34.01.07",
    "r0": 61,
    "c0": 58,
    "r1": 63,
    "c1": 60
   },
   "geometry": {
    "type": "Polygon",
    "coordinates": [
     [
      [
       58,
       61
      ],
      [
       61,
       61
      ],
      [
       61,
       64
      ],
      [
       58,
       64
      ],
      [
       58,
       61
      ]
     ]
    ]
   }
  },
  {
   "type": "Feature",
   "properties": {
    "id": "34.04",
    "r0": 54,
    "c0": 61,
    "r1": 63,
    "c1": 71
   },
   "geometry": {
    "type": "Polygon",
    "coordinates": [
     [
      [
       61,
       54
      ],
      [
       72,
       54
      ],
      [
       72,
       64
      ],
      [
       61,
       64
      ],
      [
       61,
       54
      ]
     ]
    ]
   }
  },
  {
   "type": "Feature",
   "properties": {
    "id": "34.04.01",
    "r0": 54,
    "c0": 61,
    "r1": 56,
    "c1": 63
   },
   "geometry": {
    "type": "Polygon",
    "coordinates": [
     [
      [
       61,
       54
      ],
      [
       64,
       54
      ],
      [
       64,
       57
      ],
      [
       61,
       57
      ],
      [
       61,
       54
      ]
     ]
    ]
   }
  },
  {
   "type": "Feature",
   "properties": {
    "id": "34.04.17",
    "r0": 57,
    "c0": 61,
    "r1": 58,
    "c1": 63
   },
   "geometry": {
    "type": "Polygon",
    "coordinates": [
     [
      [
       61,
       57
      ],
      [
       64,
       57
      ],
      [
       64,
       59
      ],
      [
       61,
       59
      ],
      [
       61,
       57
      ]
     ]
    ]
   }
  },
  {
   "type": "Feature",
   "properties": {
    "id": "34.04.15",
    "r0": 54,
    "c0": 64,
    "r1": 55,
    "c1": 66
   },
   "geometry": {
    "type": "Polygon",
    "coordinates": [
     [
      [
       64,
       54
      ],
      [
       67,
       54
      ],
      [
       67,
       56
      ],
      [
       64,
       56
      ],
      [
       64,
       54
      ]
     ]
    ]
   }
  },
  {
   "type": "Feature",
   "properties": {
    "id": "34.04.14",
    "r0": 56,
    "c0": 64,
    "r1": 58,
    "c1": 66
   },
   "geometry": {
    "type": "Polygon",
    "coordinates": [
     [
      [
       64,
       56
      ],
      [
       67,
       56
      ],
      [
       67,
       59
      ],
      [
       64,
       59
      ],
      [
       64,
       56
      ]
     ]
    ]
   }
  },
  {
   "type": "Feature",
   "properties": {
    "id": "34.04.11",
    "r0": 59,
    "c0": 61,
    "r1": 60,
    "c1": 63
   },
   "geometry": {
    "type": "Polygon",
    "coordinates": [
     [
      [
       61,
       59
      ],
      [
       64,
       59
      ],
      [
       64,
       61
      ],
      [
       61,
       61
      ],
      [
       61,
       59
      ]
     ]
    ]
   }
  },
  {
   "type": "Feature",
   "properties": {
    "id": "34.04.09",
    "r0": 61,
    "c0": 61,
    "r1": 63,
    "c1": 63
   },
   "geometry": {
    "type": "Polygon",
    "coordinates": [
     [
      [
       61,
       61
      ],
      [
       64,
       61
      ],
      [
       64,
       64
      ],
      [
       61,
       64
      ],
      [
       61,
       61
      ]
     ]
    ]
   }
  },
  {
   "type": "Feature",
   "properties": {
    "id": "34.04.16",
    "r0": 59,
    "c0": 64,
    "r1": 61,
    "c1": 66
   },
   "geometry": {
    "type": "Polygon",
    "coordinates": [
     [
      [
       64,
       59
      ],
      [
       67,
       59
      ],
      [
       67,
       62
      ],
      [
       64,
       62
      ],
      [
       64,
       59
      ]
     ]
    ]
   }
  },
  {
   "type": "Feature",
   "properties": {
    "id": "34.04.13",
    "r0": 62,
    "c0": 64,
    "r1": 63,
    "c1": 66
   },
   "geometry": {
    "type": "Polygon",
    "coordinates": [
     [
      [
       64,
       62
      ],
      [
       67,
       62
      ],
      [
       67,
       64
      ],
      [
       64,
       64
      ],
      [
       64,
       62
      ]
     ]
    ]
   }
  },
  {
   "type": "Feature",
   "properties": {
    "id": "34.04.07",
    "r0": 54,
    "c0": 67,
    "r1": 55,
    "c1": 68
   },
   "geometry": {
    "type": "Polygon",
    "coordinates": [
     [
      [
       67,
       54
      ],
      [
       69,
       54
      ],
      [
       69,
       56
      ],
      [
       67,
       56
      ],
      [
       67,
       54
      ]
     ]
    ]
   }
  },
  {
   "type": "Feature",
   "properties": {
    "id": "34.04.12",
    "r0": 56,
    "c0": 67,
    "r1": 58,
    "c1": 68
   },
   "geometry": {
    "type": "Polygon",
    "coordinates": [
     [
      [
       67,
       56
      ],
      [
       69,
       56
      ],
      [
       69,
       59
      ],
      [
       67,
       59
      ],
      [
       67,
       56
      ]
     ]
    ]
   }
  },
  {
   "type": "Feature",
   "properties": {
    "id": "34.04.08",
    "r0": 54,
    "c0": 69,
    "r1": 55,
    "c1": 71
   },
   "geometry": {
    "type": "Polygon",
    "coordinates": [
     [
      [
       69,
       54
      ],
      [
       72,
       54
      ],
      [
       72,
       56
      ],
      [
       69,
       56
      ],
      [
       69,
       54
      ]
     ]
    ]
   }
  },
  {
   "type": "Feature",
   "properties": {
    "id": "34.04.05",
    "r0": 56,
    "c0": 69,
    "r1": 58,
    "c1": 70
   },
   "geometry": {
    "type": "Polygon",
    "coordinates": [
     [
      [
       69,
       56
      ],
      [
       71,
       56
      ],
      [
       71,
       59
      ],
      [
       69,
       59
      ],
      [
       69,
       56
      ]
     ]
    ]
   }
  },
  {
   "type": "Feature",
   "properties": {
    "id": "34.04.10",
    "r0": 56,
    "c0": 71,
    "r1": 58,
    "c1": 71
   },
   "geometry": {
    "type": "Polygon",
    "coordinates": [
     [
      [
       71,
       56
      ],
      [
       72,
       56
      ],
      [
       72,
       59
      ],
      [
       71,
       59
      ],
      [
       71,
       56
      ]
     ]
    ]
   }
  },
  {
   "type": "Feature",
   "properties": {
    "id": "34.04.06",
    "r0": 59,
    "c0": 67,
    "r1": 63,
    "c1": 67
   },
   "geometry": {
    "type": "Polygon",
    "coordinates": [
     [
      [
       67,
       59
      ],
      [
       68,
       59
      ],
      [
       68,
       64
      ],
      [
       67,
       64
      ],
      [
       67,
       59
      ]
     ]
    ]
   }
  },
  {
   "type": "Feature",
   "properties": {
    "id": "34.04.04",
    "r0": 59,
    "c0": 68,
    "r1": 63,
    "c1": 68
   },
   "geometry": {
    "type": "Polygon",
    "coordinates": [
     [
      [
       68,
       59
      ],
      [
       69,
       59
      ],
      [
       69,
       64
      ],
      [
       68,
       64
      ],
      [
       68,
       59
      ]
     ]
    ]
   }
  },
  {
   "type": "Feature",
   "properties": {
    "id": "34.04.02",
    "r0": 59,
    "c0": 69,
    "r1": 61,
    "c1": 71
   },
   "geometry": {
    "type": "Polygon",
    "coordinates": [
     [
      [
       69,
       59
      ],
      [
       72,
       59
      ],
      [
       72,
       62
      ],
      [
       69,
       62
      ],
      [
       69,
       59
      ]
     ]
    ]
   }
  },
  {
   "type": "Feature",
   "properties": {
    "id": "34.04.03",
    "r0": 62,
    "c0": 69,
    "r1": 63,
    "c1": 71
   },
   "geometry": {
    "type": "Polygon",
    "coordinates": [
     [
      [
       69,
       62
      ],
      [
       72,
       62
      ],
      [
       72,
       64
      ],
      [
       69,
       64
      ],
      [
       69,
       62
      ]
     ]
    ]
   }
  },
  {
   "type": "Feature",
   "properties": {
    "id": "34.03",
    "r0": 54,
    "c0": 72,
    "r1": 63,
    "c1": 88
   },
   "geometry": {
    "type": "Polygon",
    "coordinates": [
     [
      [
       72,
       54
      ],
      [
       89,
       54
      ],
      [
       89,
       64
      ],
      [
       72,
       64
      ],
      [
       72,
       54
      ]
     ]
    ]
   }
  },
  {
   "type": "Feature",
   "properties": {
    "id": "34.03.01",
    "r0": 54,
    "c0": 72,
    "r1": 58,
    "c1": 75
   },
   "geometry": {
    "type": "Polygon",
    "coordinates": [
     [
      [
       72,
       54
      ],
      [
       76,
       54
      ],
      [
       76,
       59
      ],
      [
       72,
       59
      ],
      [
       72,
       54
      ]
     ]
    ]
   }
  },
  {
   "type": "Feature",
   "properties": {
    "id": "34.03.03",
    "r0": 54,
    "c0": 76,
    "r1": 58,
    "c1": 79
   },
   "geometry": {
    "type": "Polygon",
    "coordinates": [
     [
      [
       76,
       54
      ],
      [
       80,
       54
      ],
      [
       80,
       59
      ],
      [
       76,
       59
      ],
      [
       76,
       54
      ]
     ]
    ]
   }
  },
  {
   "type": "Feature",
   "properties": {
    "id": "34.03.17",
    "r0": 59,
    "c0": 72,
    "r1": 60,
    "c1": 75
   },
   "geometry": {
    "type": "Polygon",
    "coordinates": [
     [
      [
       72,
       59
      ],
      [
       76,
       59
      ],
      [
       76,
       61
      ],
      [
       72,
       61
      ],
      [
       72,
       59
      ]
     ]
    ]
   }
  },
  {
   "type": "Feature",
   "properties": {
    "id": "34.03.04",
    "r0": 61,
    "c0": 72,
    "r1": 63,
    "c1": 75
   },
   "geometry": {
    "type": "Polygon",
    "coordinates": [
     [
      [
       72,
       61
      ],
      [
       76,
       61
      ],
      [
       76,
       64
      ],
      [
       72,
       64
      ],
      [
       72,
       61
      ]
     ]
    ]
   }
  },
  {
   "type": "Feature",
   "properties": {
    "id": "34.03.09",
    "r0": 59,
    "c0": 76,
    "r1": 61,
    "c1": 77
   },
   "geometry": {
    "type": "Polygon",
    "coordinates": [
     [
      [
       76,
       59
      ],
      [
       78,
       59
      ],
      [
       78,
       62
      ],
      [
       76,
       62
      ],
      [
       76,
       59
      ]
     ]
    ]
   }
  },
  {
   "type": "Feature",
   "properties": {
    "id": "34.03.18",
    "r0": 59,
    "c0": 78,
    "r1": 61,
    "c1": 79
   },
   "geometry": {
    "type": "Polygon",
    "coordinates": [
     [
      [
       78,
       59
      ],
      [
       80,
       59
      ],
      [
       80,
       62
      ],
      [
       78,
       62
      ],
      [
       78,
       59
      ]
     ]
    ]
   }
  },
  {
   "type": "Feature",
   "properties": {
    "id": "34.03.06",
    "r0": 62,
    "c0": 76,
    "r1": 63,
    "c1": 79
   },
   "geometry": {
    "type": "Polygon",
    "coordinates": [
     [
      [
       76,
       62
      ],
      [
       80,
       62
      ],
      [
       80,
       64
      ],
      [
       76,
       64
      ],
      [
       76,
       62
      ]
     ]
    ]
   }
  },
  {
   "type": "Feature",
   "properties": {
    "id": "34.03.05",
    "r0": 54,
    "c0": 80,
    "r1": 56,
    "c1": 83
   },
   "geometry": {
    "type": "Polygon",
    "coordinates": [
     [
      [
       80,
       54
      ],
      [
       84,
       54
      ],
      [
       84,
       57
      ],
      [
       80,
       57
      ],
      [
       80,
       54
      ]
     ]
    ]
   }
  },
  {
   "type": "Feature",
   "properties": {
    "id": "34.03.14",
    "r0": 57,
    "c0": 80,
    "r1": 58,
    "c1": 83
   },
   "geometry": {
    "type": "Polygon",
    "coordinates": [
     [
      [
       80,
       57
      ],
      [
       84,
       57
      ],
      [
       84,
       59
      ],
      [
       80,
       59
      ],
      [
       80,
       57
      ]
     ]
    ]
   }
  },
  {
   "type": "Feature",
   "properties": {
    "id": "34.03.15",
    "r0": 54,
    "c0": 84,
    "r1": 58,
    "c1": 85
   },
   "geometry": {
    "type": "Polygon",
    "coordinates": [
     [
      [
       84,
       54
      ],
      [
       86,
       54
      ],
      [
       86,
       59
      ],
      [
       84,
       59
      ],
      [
       84,
       54
      ]
     ]
    ]
   }
  },
  {
   "type": "Feature",
   "properties": {
    "id": "34.03.02",
    "r0": 54,
    "c0": 86,
    "r1": 56,
    "c1": 88
   },
   "geometry": {
    "type": "Polygon",
    "coordinates": [
     [
      [
       86,
       54
      ],
      [
       89,
       54
      ],
      [
       89,
       57
      ],
      [
       86,
       57
      ],
      [
       86,
       54
      ]
     ]
    ]
   }
  },
  {
   "type": "Feature",
   "properties": {
    "id": "34.03.08",
    "r0": 57,
    "c0": 86,
    "r1": 58,
    "c1": 86
   },
   "geometry": {
    "type": "Polygon",
    "coordinates": [
     [
      [
       86,
       57
      ],
      [
       87,
       57
      ],
      [
       87,
       59
      ],
      [
       86,
       59
      ],
      [
       86,
       57
      ]
     ]
    ]
   }
  },
  {
   "type": "Feature",
   "properties": {
    "id": "34.03.07",
    "r0": 57,
    "c0": 87,
    "r1": 58,
    "c1": 88
   },
   "geometry": {
    "type": "Polygon",
    "coordinates": [
     [
      [
       87,
       57
      ],
      [
       89,
       57
      ],
      [
       89,
       59
      ],
      [
       87,
       59
      ],
      [
       87,
       57
      ]
     ]
    ]
   }
  },
  {
   "type": "Feature",
   "properties": {
    "id": "34.03.16",
    "r0": 59,
    "c0": 80,
    "r1": 60,
    "c1": 83
   },
   "geometry": {
    "type": "Polygon",
    "coordinates": [
     [
      [
       80,
       59
      ],
      [
       84,
       59
      ],
      [
       84,
       61
      ],
      [
       80,
       61
      ],
      [
       80,
       59
      ]
     ]
    ]
   }
  },
  {
   "type": "Feature",
   "properties": {
    "id": "34.03.10",
    "r0": 61,
    "c0": 80,
    "r1": 63,
    "c1": 83
   },
   "geometry": {
    "type": "Polygon",
    "coordinates": [
     [
      [
       80,
       61
      ],
      [
       84,
       61
      ],
      [
       84,
       64
      ],
      [
       80,
       64
      ],
      [
       80,
       61
      ]
     ]
    ]
   }
  },
  {
   "type": "Feature",
   "properties": {
    "id": "34.03.12",
    "r0": 59,
    "c0": 84,
    "r1": 63,
    "c1": 86
   },
   "geometry": {
    "type": "Polygon",
    "coordinates": [
     [
      [
       84,
       59
      ],
      [
       87,
       59
      ],
      [
       87,
       64
      ],
      [
       84,
       64
      ],
      [
       84,
       59
      ]
     ]
    ]
   }
  },
  {
   "type": "Feature",
   "properties": {
    "id": "34.03.11",
    "r0": 59,
    "c0": 87,
    "r1": 62,
    "c1": 88
   },
   "geometry": {
    "type": "Polygon",
    "coordinates": [
     [
      [
       87,
       59
      ],
      [
       89,
       59
      ],
      [
       89,
       63
      ],
      [
       87,
       63
      ],
      [
       87,
       59
      ]
     ]
    ]
   }
  },
  {
   "type": "Feature",
   "properties": {
    "id": "34.03.13",
    "r0": 63,
    "c0": 87,
    "r1": 63,
    "c1": 88
   },
   "geometry": {
    "type": "Polygon",
    "coordinates": [
     [
      [
       87,
       63
      ],
      [
       89,
       63
      ],
      [
       89,
       64
      ],
      [
       87,
       64
      ],
      [
       87,
       63
      ]
     ]
    ]
   }
  },
  {
   "type": "Feature",
   "properties": {
    "id": "33",
    "r0": 0,
    "c0": 89,
    "r1": 63,
    "c1": 192
   },
   "geometry": {
    "type": "Polygon",
    "coordinates": [
     [
      [
       89,
       0
      ],
      [
       193,
       0
      ],
      [
       193,
       64
      ],
      [
       89,
       64
      ],
      [
       89,
       0
      ]
     ]
    ]
   }
  },
  {
   "type": "Feature",
   "properties": {
    "id": "33.05",
    "r0": 0,
    "c0": 89,
    "r1": 18,
    "c1": 120
   },
   "geometry": {
    "type": "Polygon",
    "coordinates": [
     [
      [
       89,
       0
      ],
      [
       121,
       0
      ],
      [
       121,
       19
      ],
      [
       89,
       19
      ],
      [
       89,
       0
      ]
     ]
    ]
   }
  },
  {
   "type": "Feature",
   "properties": {
    "id": "33.05.12",
    "r0": 0,
    "c0": 89,
    "r1": 5,
    "c1": 95
   },
   "geometry": {
    "type": "Polygon",
    "coordinates": [
     [
      [
       89,
       0
      ],
      [
       96,
       0
      ],
      [
       96,
       6
      ],
      [
       89,
       6
      ],
      [
       89,
       0
      ]
     ]
    ]
   }
  },
  {
   "type": "Feature",
   "properties": {
    "id": "33.05.15",
    "r0": 6,
    "c0": 89,
    "r1": 9,
    "c1": 95
   },
   "geometry": {
    "type": "Polygon",
    "coordinates": [
     [
      [
       89,
       6
      ],
      [
       96,
       6
      ],
      [
       96,
       10
      ],
      [
       89,
       10
      ],
      [
       89,
       6
      ]
     ]
    ]
   }
  },
  {
   "type": "Feature",
   "properties": {
    "id": "33.05.13",
    "r0": 0,
    "c0": 96,
    "r1": 4,
    "c1": 99
   },
   "geometry": {
    "type": "Polygon",
    "coordinates": [
     [
      [
       96,
       0
      ],
      [
       100,
       0
      ],
      [
       100,
       5
      ],
      [
       96,
       5
      ],
      [
       96,
       0
      ]
     ]
    ]
   }
  },
  {
   "type": "Feature",
   "properties": {
    "id": "33.05.02",
    "r0": 0,
    "c0": 100,
    "r1": 4,
    "c1": 104
   },
   "geometry": {
    "type": "Polygon",
    "coordinates": [
     [
      [
       100,
       0
      ],
      [
       105,
       0
      ],
      [
       105,
       5
      ],
      [
       100,
       5
      ],
      [
       100,
       0
      ]
     ]
    ]
   }
  },
  {
   "type": "Feature",
   "properties": {
    "id": "33.05.07",
    "r0": 5,
    "c0": 96,
    "r1": 9,
    "c1": 104
   },
   "geometry": {
    "type": "Polygon",
    "coordinates": [
     [
      [
       96,
       5
      ],
      [
       105,
       5
      ],
      [
       105,
       10
      ],
      [
       96,
       10
      ],
      [
       96,
       5
      ]
     ]
    ]
   }
  },
  {
   "type": "Feature",
   "properties": {
    "id": "33.05.06",
    "r0": 10,
    "c0": 89,
    "r1": 12,
    "c1": 96
   },
   "geometry": {
    "type": "Polygon",
    "coordinates": [
     [
      [
       89,
       10
      ],
      [
       97,
       10
      ],
      [
       97,
       13
      ],
      [
       89,
       13
      ],
      [
       89,
       10
      ]
     ]
    ]
   }
  },
  {
   "type": "Feature",
   "properties": {
    "id": "33.05.04",
    "r0": 13,
    "c0": 89,
    "r1": 18,
    "c1": 92
   },
   "geometry": {
    "type": "Polygon",
    "coordinates": [
     [
      [
       89,
       13
      ],
      [
       93,
       13
      ],
      [
       93,
       19
      ],
      [
       89,
       19
      ],
      [
       89,
       13
      ]
     ]
    ]
   }
  },
  {
   "type": "Feature",
   "properties": {
    "id": "33.05.01",
    "r0": 13,
    "c0": 93,
    "r1": 18,
    "c1": 96
   },
   "geometry": {
    "type": "Polygon",
    "coordinates": [
     [
      [
       93,
       13
      ],
      [
       97,
       13
      ],
      [
       97,
       19
      ],
      [
       93,
       19
      ],
      [
       93,
       13
      ]
     ]
    ]
   }
  },
  {
   "type": "Feature",
   "properties": {
    "id": "33.05.03",
    "r0": 10,
    "c0": 97,
    "r1": 13,
    "c1": 104
   },
   "geometry": {
    "type": "Polygon",
    "coordinates": [
     [
      [
       97,
       10
      ],
      [
       105,
       10
      ],
      [
       105,
       14
      ],
      [
       97,
       14
      ],
      [
       97,
       10
      ]
     ]
    ]
   }
  },
  {
   "type": "Feature",
   "properties": {
    "id": "33.05.10",
    "r0": 14,
    "c0": 97,
    "r1": 18,
    "c1": 101
   },
   "geometry": {
    "type": "Polygon",
    "coordinates": [
     [
      [
       97,
       14
      ],
      [
       102,
       14
      ],
      [
       102,
       19
      ],
      [
       97,
       19
      ],
      [
       97,
       14
      ]
     ]
    ]
   }
  },
  {
   "type": "Feature",
   "properties": {
    "id": "33.05.09",
    "r0": 14,
    "c0": 102,
    "r1": 18,
    "c1": 104
   },
   "geometry": {
    "type": "Polygon",
    "coordinates": [
     [
      [
       102,
       14
      ],
      [
       105,
       14
      ],
      [
       105,
       19
      ],
      [
       102,
       19
      ],
      [
       102,
       14
      ]
     ]
    ]
   }
  },
  {
   "type": "Feature",
   "properties": {
    "id": "33.05.24",
    "r0": 0,
    "c0": 105,
    "r1": 2,
    "c1": 109
   },
   "geometry": {
    "type": "Polygon",
    "coordinates": [
     [
      [
       105,
       0
      ],
      [
       110,
       0
      ],
      [
       110,
       3
      ],
      [
       105,
       3
      ],
      [
       105,
       0
      ]
     ]
    ]
   }
  },
  {
   "type": "Feature",
   "properties": {
    "id": "33.05.23",
    "r0": 3,
    "c0": 105,
    "r1": 5,
    "c1": 109
   },
   "geometry": {
    "type": "Polygon",
    "coordinates": [
     [
      [
       105,
       3
      ],
      [
       110,
       3
      ],
      [
       110,
       6
      ],
      [
       105,
       6
      ],
      [
       105,
       3
      ]
     ]
    ]
   }
  },
  {
   "type": "Feature",
   "properties": {
    "id": "33.05.26",
    "r0": 0,
    "c0": 110,
    "r1": 5,
    "c1": 112
   },
   "geometry": {
    "type": "Polygon",
    "coordinates": [
     [
      [
       110,
       0
      ],
      [
       113,
       0
      ],
      [
       113,
       6
      ],
      [
       110,
       6
      ],
      [
       110,
       0
      ]
     ]
    ]
   }
  },
  {
   "type": "Feature",
   "properties": {
    "id": "33.05.16",
    "r0": 6,
    "c0": 105,
    "r1": 8,
    "c1": 112
   },
   "geometry": {
    "type": "Polygon",
    "coordinates": [
     [
      [
       105,
       6
      ],
      [
       113,
       6
      ],
      [
       113,
       9
      ],
      [
       105,
       9
      ],
      [
       105,
       6
      ]
     ]
    ]
   }
  },
  {
   "type": "Feature",
   "properties": {
    "id": "33.05.19",
    "r0": 0,
    "c0": 113,
    "r1": 4,
    "c1": 116
   },
   "geometry": {
    "type": "Polygon",
    "coordinates": [
     [
      [
       113,
       0
      ],
      [
       117,
       0
      ],
      [
       117,
       5
      ],
      [
       113,
       5
      ],
      [
       113,
       0
      ]
     ]
    ]
   }
  },
  {
   "type": "Feature",
   "properties": {
    "id": "33.05.18",
    "r0": 0,
    "c0": 117,
    "r1": 4,
    "c1": 120
   },
   "geometry": {
    "type": "Polygon",
    "coordinates": [
     [
      [
       117,
       0
      ],
      [
       121,
       0
      ],
      [
       121,
       5
      ],
      [
       117,
       5
      ],
      [
       117,
       0
      ]
     ]
    ]
   }
  },
  {
   "type": "Feature",
   "properties": {
    "id": "33.05.05",
    "r0": 5,
    "c0": 113,
    "r1": 8,
    "c1": 120
   },
   "geometry": {
    "type": "Polygon",
    "coordinates": [
     [
      [
       113,
       5
      ],
      [
       121,
       5
      ],
      [
       121,
       9
      ],
      [
       113,
       9
      ],
      [
       113,
       5
      ]
     ]
    ]
   }
  },
  {
   "type": "Feature",
   "properties": {
    "id": "33.05.21",
    "r0": 9,
    "c0": 105,
    "r1": 13,
    "c1": 109
   },
   "geometry": {
    "type": "Polygon",
    "coordinates": [
     [
      [
       105,
       9
      ],
      [
       110,
       9
      ],
      [
       110,
       14
      ],
      [
       105,
       14
      ],
      [
       105,
       9
      ]
     ]
    ]
   }
  },
  {
   "type": "Feature",
   "properties": {
    "id": "33.05.25",
    "r0": 9,
    "c0": 110,
    "r1": 13,
    "c1": 112
   },
   "geometry": {
    "type": "Polygon",
    "coordinates": [
     [
      [
       110,
       9
      ],
      [
       113,
       9
      ],
      [
       113,
       14
      ],
      [
       110,
       14
      ],
      [
       110,
       9
      ]
     ]
    ]
   }
  },
  {
   "type": "Feature",
   "properties": {
    "id": "33.05.11",
    "r0": 14,
    "c0": 105,
    "r1": 18,
    "c1": 109
   },
   "geometry": {
    "type": "Polygon",
    "coordinates": [
     [
      [
       105,
       14
      ],
      [
       110,
       14
      ],
      [
       110,
       19
      ],
      [
       105,
       19
      ],
      [
       105,
       14
      ]
     ]
    ]
   }
  },
  {
   "type": "Feature",
   "properties": {
    "id": "33.05.17",
    "r0": 14,
    "c0": 110,
    "r1": 18,
    "c1": 112
   },
   "geometry": {
    "type": "Polygon",
    "coordinates": [
     [
      [
       110,
       14
      ],
      [
       113,
       14
      ],
      [
       113,
       19
      ],
      [
       110,
       19
      ],
      [
       110,
       14
      ]
     ]
    ]
   }
  },
  {
   "type": "Feature",
   "properties": {
    "id": "33.05.20",
    "r0": 9,
    "c0": 113,
    "r1": 12,
    "c1": 116
   },
   "geometry": {
    "type": "Polygon",
    "coordinates": [
     [
      [
       113,
       9
      ],
      [
       117,
       9
      ],
      [
       117,
       13
      ],
      [
       113,
       13
      ],
      [
       113,
       9
      ]
     ]
    ]
   }
  },
  {
   "type": "Feature",
   "properties": {
    "id": "33.05.22",
    "r0": 13,
    "c0": 113,
    "r1": 14,
    "c1": 116
   },
   "geometry": {
    "type": "Polygon",
    "coordinates": [
     [
      [
       113,
       13
      ],
      [
       117,
       13
      ],
      [
       117,
       15
      ],
      [
       113,
       15
      ],
      [
       113,
       13
      ]
     ]
    ]
   }
  },
  {
   "type": "Feature",
   "properties": {
    "id": "33.05.14",
    "r0": 9,
    "c0": 117,
    "r1": 14,
    "c1": 120
   },
   "geometry": {
    "type": "Polygon",
    "coordinates": [
     [
      [
       117,
       9
      ],
      [
       121,
       9
      ],
      [
       121,
       15
      ],
      [
       117,
       15
      ],
      [
       117,
       9
      ]
     ]
    ]
   }
  },
  {
   "type": "Feature",
   "properties": {
    "id": "33.05.08",
    "r0": 15,
    "c0": 113,
    "r1": 18,
    "c1": 120
   },
   "geometry": {
    "type": "Polygon",
    "coordinates": [
     [
      [
       113,
       15
      ],
      [
       121,
       15
      ],
      [
       121,
       19
      ],
      [
       113,
       19
      ],
      [
       113,
       15
      ]
     ]
    ]
   }
  },
  {
   "type": "Feature",
   "properties": {
    "id": "33.08",
    "r0": 19,
    "c0": 89,
    "r1": 34,
    "c1": 120
   },
   "geometry": {
    "type": "Polygon",
    "coordinates": [
     [
      [
       89,
       19
      ],
      [
       121,
       19
      ],
      [
       121,
       35
      ],
      [
       89,
       35
      ],
      [
       89,
       19
      ]
     ]
    ]
   }
  },
  {
   "type": "Feature",
   "properties": {
    "id": "33.08.08",
    "r0": 19,
    "c0": 89,
    "r1": 21,
    "c1": 93
   },
   "geometry": {
    "type": "Polygon",
    "coordinates": [
     [
      [
       89,
       19
      ],
      [
       94,
       19
      ],
      [
       94,
       22
      ],
      [
       89,
       22
      ],
      [
       89,
       19
      ]
     ]
    ]
   }
  },
  {
   "type": "Feature",
   "properties": {
    "id": "33.08.13",
    "r0": 22,
    "c0": 89,
    "r1": 26,
    "c1": 93
   },
   "geometry": {
    "type": "Polygon",
    "coordinates": [
     [
      [
       89,
       22
      ],
      [
       94,
       22
      ],
      [
       94,
       27
      ],
      [
       89,
       27
      ],
      [
       89,
       22
      ]
     ]
    ]
   }
  },
  {
   "type": "Feature",
   "properties": {
    "id": "33.08.09",
    "r0": 19,
    "c0": 94,
    "r1": 26,
    "c1": 96
   },
   "geometry": {
    "type": "Polygon",
    "coordinates": [
     [
      [
       94,
       19
      ],
      [
       97,
       19
      ],
      [
       97,
       27
      ],
      [
       94,
       27
      ],
      [
       94,
       19
      ]
     ]
    ]
   }
  },
  {
   "type": "Feature",
   "properties": {
    "id": "33.08.18",
    "r0": 27,
    "c0": 89,
    "r1": 34,
    "c1": 93
   },
   "geometry": {
    "type": "Polygon",
    "coordinates": [
     [
      [
       89,
       27
      ],
      [
       94,
       27
      ],
      [
       94,
       35
      ],
      [
       89,
       35
      ],
      [
       89,
       27
      ]
     ]
    ]
   }
  },
  {
   "type": "Feature",
   "properties": {
    "id": "33.08.21",
    "r0": 27,
    "c0": 94,
    "r1": 34,
    "c1": 96
   },
   "geometry": {
    "type": "Polygon",
    "coordinates": [
     [
      [
       94,
       27
      ],
      [
       97,
       27
      ],
      [
       97,
       35
      ],
      [
       94,
       35
      ],
      [
       94,
       27
      ]
     ]
    ]
   }
  },
  {
   "type": "Feature",
   "properties": {
    "id": "33.08.12",
    "r0": 19,
    "c0": 97,
    "r1": 25,
    "c1": 101
   },
   "geometry": {
    "type": "Polygon",
    "coordinates": [
     [
      [
       97,
       19
      ],
      [
       102,
       19
      ],
      [
       102,
       26
      ],
      [
       97,
       26
      ],
      [
       97,
       19
      ]
     ]
    ]
   }
  },
  {
   "type": "Feature",
   "properties": {
    "id": "33.08.14",
    "r0": 19,
    "c0": 102,
    "r1": 25,
    "c1": 104
   },
   "geometry": {
    "type": "Polygon",
    "coordinates": [
     [
      [
       102,
       19
      ],
      [
       105,
       19
      ],
      [
       105,
       26
      ],
      [
       102,
       26
      ],
      [
       102,
       19
      ]
     ]
    ]
   }
  },
  {
   "type": "Feature",
   "properties": {
    "id": "33.08.17",
    "r0": 26,
    "c0": 97,
    "r1": 28,
    "c1": 104
   },
   "geometry": {
    "type": "Polygon",
    "coordinates": [
     [
      [
       97,
       26
      ],
      [
       105,
       26
      ],
      [
       105,
       29
      ],
      [
       97,
       29
      ],
      [
       97,
       26
      ]
     ]
    ]
   }
  },
  {
   "type": "Feature",
   "properties": {
    "id": "33.08.01",
    "r0": 29,
    "c0": 97,
    "r1": 34,
    "c1": 101
   },
   "geometry": {
    "type": "Polygon",
    "coordinates": [
     [
      [
       97,
       29
      ],
      [
       102,
       29
      ],
      [
       102,
       35
      ],
      [
       97,
       35
      ],
      [
       97,
       29
      ]
     ]
    ]
   }
  },
  {
   "type": "Feature",
   "properties": {
    "id": "33.08.10",
    "r0": 29,
    "c0": 102,
    "r1": 34,
    "c1": 104
   },
   "geometry": {
    "type": "Polygon",
    "coordinates": [
     [
      [
       102,
       29
      ],
      [
       105,
       29
      ],
      [
       105,
       35
      ],
      [
       102,
       35
      ],
      [
       102,
       29
      ]
     ]
    ]
   }
  },
  {
   "type": "Feature",
   "properties": {
    "id": "33.08.05",
    "r0": 19,
    "c0": 105,
    "r1": 21,
    "c1": 112
   },
   "geometry": {
    "type": "Polygon",
    "coordinates": [
     [
      [
       105,
       19
      ],
      [
       113,
       19
      ],
      [
       113,
       22
      ],
      [
       105,
       22
      ],
      [
       105,
       19
      ]
     ]
    ]
   }
  },
  {
   "type": "Feature",
   "properties": {
    "id": "33.08.06",
    "r0": 22,
    "c0": 105,
    "r1": 27,
    "c1": 108
   },
   "geometry": {
    "type": "Polygon",
    "coordinates": [
     [
      [
       105,
       22
      ],
      [
       109,
       22
      ],
      [
       109,
       28
      ],
      [
       105,
       28
      ],
      [
       105,
       22
      ]
     ]
    ]
   }
  },
  {
   "type": "Feature",
   "properties": {
    "id": "33.08.07",
    "r0": 22,
    "c0": 109,
    "r1": 27,
    "c1": 112
   },
   "geometry": {
    "type": "Polygon",
    "coordinates": [
     [
      [
       109,
       22
      ],
      [
       113,
       22
      ],
      [
       113,
       28
      ],
      [
       109,
       28
      ],
      [
       109,
       22
      ]
     ]
    ]
   }
  },
  {
   "type": "Feature",
   "properties": {
    "id": "33.08.19",
    "r0": 28,
    "c0": 105,
    "r1": 34,
    "c1": 108
   },
   "geometry": {
    "type": "Polygon",
    "coordinates": [
     [
      [
       105,
       28
      ],
      [
       109,
       28
      ],
      [
       109,
       35
      ],
      [
       105,
       35
      ],
      [
       105,
       28
      ]
     ]
    ]
   }
  },
  {
   "type": "Feature",
   "properties": {
    "id": "33.08.16",
    "r0": 28,
    "c0": 109,
    "r1": 34,
    "c1": 112
   },
   "geometry": {
    "type": "Polygon",
    "coordinates": [
     [
      [
       109,
       28
      ],
      [
       113,
       28
      ],
      [
       113,
       35
      ],
      [
       109,
       35
      ],
      [
       109,
       28
      ]
     ]
    ]
   }
  },
  {
   "type": "Feature",
   "properties": {
    "id": "33.08.15",
    "r0": 19,
    "c0": 113,
    "r1": 26,
    "c1": 115
   },
   "geometry": {
    "type": "Polygon",
    "coordinates": [
     [
      [
       113,
       19
      ],
      [
       116,
       19
      ],
      [
       116,
       27
      ],
      [
       113,
       27
      ],
      [
       113,
       19
      ]
     ]
    ]
   }
  },
  {
   "type": "Feature",
   "properties": {
    "id": "33.08.04",
    "r0": 19,
    "c0": 116,
    "r1": 21,
    "c1": 120
   },
   "geometry": {
    "type": "Polygon",
    "coordinates": [
     [
      [
       116,
       19
      ],
      [
       121,
       19
      ],
      [
       121,
       22
      ],
      [
       116,
       22
      ],
      [
       116,
       19
      ]
     ]
    ]
   }
  },
  {
   "type": "Feature",
   "properties": {
    "id": "33.08.11",
    "r0": 22,
    "c0": 116,
    "r1": 26,
    "c1": 120
   },
   "geometry": {
    "type": "Polygon",
    "coordinates": [
     [
      [
       116,
       22
      ],
      [
       121,
       22
      ],
      [
       121,
       27
      ],
      [
       116,
       27
      ],
      [
       116,
       22
      ]
     ]
    ]
   }
  },
  {
   "type": "Feature",
   "properties": {
    "id": "33.08.02",
    "r0": 27,
    "c0": 113,
    "r1": 34,
    "c1": 115
   },
   "geometry": {
    "type": "Polygon",
    "coordinates": [
     [
      [
       113,
       27
      ],
      [
       116,
       27
      ],
      [
       116,
       35
      ],
      [
       113,
       35
      ],
      [
       113,
       27
      ]
     ]
    ]
   }
  },
  {
   "type": "Feature",
   "properties": {
    "id": "33.08.03",
    "r0": 27,
    "c0": 116,
    "r1": 28,
    "c1": 120
   },
   "geometry": {
    "type": "Polygon",
    "coordinates": [
     [
      [
       116,
       27
      ],
      [
       121,
       27
      ],
      [
       121,
       29
      ],
      [
       116,
       29
      ],
      [
       116,
       27
      ]
     ]
    ]
   }
  },
  {
   "type": "Feature",
   "properties": {
    "id": "33.08.20",
    "r0": 29,
    "c0": 116,
    "r1": 34,
    "c1": 120
   },
   "geometry": {
    "type": "Polygon",
    "coordinates": [
     [
      [
       116,
       29
      ],
      [
       121,
       29
      ],
      [
       121,
       35
      ],
      [
       116,
       35
      ],
      [
       116,
       29
      ]
     ]
    ]
   }
  },
  {
   "type": "Feature",
   "properties": {
    "id": "33.01",
    "r0": 0,
    "c0": 121,
    "r1": 17,
    "c1": 141
   },
   "geometry": {
    "type": "Polygon",
    "coordinates": [
     [
      [
       121,
       0
      ],
      [
       142,
       0
      ],
      [
       142,
       18
      ],
      [
       121,
       18
      ],
      [
       121,
       0
      ]
     ]
    ]
   }
  },
  {
   "type": "Feature",
   "properties": {
    "id": "33.01.15",
    "r0": 0,
    "c0": 121,
    "r1": 3,
    "c1": 125
   },
   "geometry": {
    "type": "Polygon",
    "coordinates": [
     [
      [
       121,
       0
      ],
      [
       126,
       0
      ],
      [
       126,
       4
      ],
      [
       121,
       4
      ],
      [
       121,
       0
      ]
     ]
    ]
   }
  },
  {
   "type": "Feature",
   "properties": {
    "id": "33.01.04",
    "r0": 4,
    "c0": 121,
    "r1": 7,
    "c1": 125
   },
   "geometry": {
    "type": "Polygon",
    "coordinates": [
     [
      [
       121,
       4
      ],
      [
       126,
       4
      ],
      [
       126,
       8
      ],
      [
       121,
       8
      ],
      [
       121,
       4
      ]
     ]
    ]
   }
  },
  {
   "type": "Feature",
   "properties": {
    "id": "33.01.06",
    "r0": 0,
    "c0": 126,
    "r1": 3,
    "c1": 130
   },
   "geometry": {
    "type": "Polygon",
    "coordinates": [
     [
      [
       126,
       0
      ],
      [
       131,
       0
      ],
      [
       131,
       4
      ],
      [
       126,
       4
      ],
      [
       126,
       0
      ]
     ]
    ]
   }
  },
  {
   "type": "Feature",
   "properties": {
    "id": "33.01.12",
    "r0": 4,
    "c0": 126,
    "r1": 7,
    "c1": 130
   },
   "geometry": {
    "type": "Polygon",
    "coordinates": [
     [
      [
       126,
       4
      ],
      [
       131,
       4
      ],
      [
       131,
       8
      ],
      [
       126,
       8
      ],
      [
       126,
       4
      ]
     ]
    ]
   }
  },
  {
   "type": "Feature",
   "properties": {
    "id": "33.01.01",
    "r0": 8,
    "c0": 121,
    "r1": 13,
    "c1": 122
   },
   "geometry": {
    "type": "Polygon",
    "coordinates": [
     [
      [
       121,
       8
      ],
      [
       123,
       8
      ],
      [
       123,
       14
      ],
      [
       121,
       14
      ],
      [
       121,
       8
      ]
     ]
    ]
   }
  },
  {
   "type": "Feature",
   "properties": {
    "id": "33.01.05",
    "r0": 8,
    "c0": 123,
    "r1": 13,
    "c1": 126
   },
   "geometry": {
    "type": "Polygon",
    "coordinates": [
     [
      [
       123,
       8
      ],
      [
       127,
       8
      ],
      [
       127,
       14
      ],
      [
       123,
       14
      ],
      [
       123,
       8
      ]
     ]
    ]
   }
  },
  {
   "type": "Feature",
   "properties": {
    "id": "33.01.13",
    "r0": 14,
    "c0": 121,
    "r1": 17,
    "c1": 126
   },
   "geometry": {
    "type": "Polygon",
    "coordinates": [
     [
      [
       121,
       14
      ],
      [
       127,
       14
      ],
      [
       127,
       18
      ],
      [
       121,
       18
      ],
      [
       121,
       14
      ]
     ]
    ]
   }
  },
  {
   "type": "Feature",
   "properties": {
    "id": "33.01.14",
    "r0": 8,
    "c0": 127,
    "r1": 12,
    "c1": 130
   },
   "geometry": {
    "type": "Polygon",
    "coordinates": [
     [
      [
       127,
       8
      ],
      [
       131,
       8
      ],
      [
       131,
       13
      ],
      [
       127,
       13
      ],
      [
       127,
       8
      ]
     ]
    ]
   }
  },
  {
   "type": "Feature",
   "properties": {
    "id": "33.01.16",
    "r0": 13,
    "c0": 127,
    "r1": 17,
    "c1": 130
   },
   "geometry": {
    "type": "Polygon",
    "coordinates": [
     [
      [
       127,
       13
      ],
      [
       131,
       13
      ],
      [
       131,
       18
      ],
      [
       127,
       18
      ],
      [
       127,
       13
      ]
     ]
    ]
   }
  },
  {
   "type": "Feature",
   "properties": {
    "id": "33.01.17",
    "r0": 0,
    "c0": 131,
    "r1": 4,
    "c1": 133
   },
   "geometry": {
    "type": "Polygon",
    "coordinates": [
     [
      [
       131,
       0
      ],
      [
       134,
       0
      ],
      [
       134,
       5
      ],
      [
       131,
       5
      ],
      [
       131,
       0
      ]
     ]
    ]
   }
  },
  {
   "type": "Feature",
   "properties": {
    "id": "33.01.19",
    "r0": 0,
    "c0": 134,
    "r1": 4,
    "c1": 135
   },
   "geometry": {
    "type": "Polygon",
    "coordinates": [
     [
      [
       134,
       0
      ],
      [
       136,
       0
      ],
      [
       136,
       5
      ],
      [
       134,
       5
      ],
      [
       134,
       0
      ]
     ]
    ]
   }
  },
  {
   "type": "Feature",
   "properties": {
    "id": "33.01.10",
    "r0": 5,
    "c0": 131,
    "r1": 8,
    "c1": 135
   },
   "geometry": {
    "type": "Polygon",
    "coordinates": [
     [
      [
       131,
       5
      ],
      [
       136,
       5
      ],
      [
       136,
       9
      ],
      [
       131,
       9
      ],
      [
       131,
       5
      ]
     ]
    ]
   }
  },
  {
   "type": "Feature",
   "properties": {
    "id": "33.01.18",
    "r0": 0,
    "c0": 136,
    "r1": 4,
    "c1": 138
   },
   "geometry": {
    "type": "Polygon",
    "coordinates": [
     [
      [
       136,
       0
      ],
      [
       139,
       0
      ],
      [
       139,
       5
      ],
      [
       136,
       5
      ],
      [
       136,
       0
      ]
     ]
    ]
   }
  },
  {
   "type": "Feature",
   "properties": {
    "id": "33.01.11",
    "r0": 0,
    "c0": 139,
    "r1": 4,
    "c1": 141
   },
   "geometry": {
    "type": "Polygon",
    "coordinates": [
     [
      [
       139,
       0
      ],
      [
       142,
       0
      ],
      [
       142,
       5
      ],
      [
       139,
       5
      ],
      [
       139,
       0
      ]
     ]
    ]
   }
  },
  {
   "type": "Feature",
   "properties": {
    "id": "33.01.21",
    "r0": 5,
    "c0": 136,
    "r1": 6,
    "c1": 138
   },
   "geometry": {
    "type": "Polygon",
    "coordinates": [
     [
      [
       136,
       5
      ],
      [
       139,
       5
      ],
      [
       139,
       7
      ],
      [
       136,
       7
      ],
      [
       136,
       5
      ]
     ]
    ]
   }
  },
  {
   "type": "Feature",
   "properties": {
    "id": "33.01.24",
    "r0": 7,
    "c0": 136,
    "r1": 8,
    "c1": 138
   },
   "geometry": {
    "type": "Polygon",
    "coordinates": [
     [
      [
       136,
       7
      ],
      [
       139,
       7
      ],
      [
       139,
       9
      ],
      [
       136,
       9
      ],
      [
       136,
       7
      ]
     ]
    ]
   }
  },
  {
   "type": "Feature",
   "properties": {
    "id": "33.01.22",
    "r0": 5,
    "c0": 139,
    "r1": 6,
    "c1": 141
   },
   "geometry": {
    "type": "Polygon",
    "coordinates": [
     [
      [
       139,
       5
      ],
      [
       142,
       5
      ],
      [
       142,
       7
      ],
      [
       139,
       7
      ],
      [
       139,
       5
      ]
     ]
    ]
   }
  },
  {
   "type": "Feature",
   "properties": {
    "id": "33.01.23",
    "r0": 7,
    "c0": 139,
    "r1": 8,
    "c1": 141
   },
   "geometry": {
    "type": "Polygon",
    "coordinates": [
     [
      [
       139,
       7
      ],
      [
       142,
       7
      ],
      [
       142,
       9
      ],
      [
       139,
       9
      ],
      [
       139,
       7
      ]
     ]
    ]
   }
  },
  {
   "type": "Feature",
   "properties": {
    "id": "33.01.03",
    "r0": 9,
    "c0": 131,
    "r1": 12,
    "c1": 136
   },
   "geometry": {
    "type": "Polygon",
    "coordinates": [
     [
      [
       131,
       9
      ],
      [
       137,
       9
      ],
      [
       137,
       13
      ],
      [
       131,
       13
      ],
      [
       131,
       9
      ]
     ]
    ]
   }
  },
  {
   "type": "Feature",
   "properties": {
    "id": "33.01.20",
    "r0": 13,
    "c0": 131,
    "r1": 17,
    "c1": 132
   },
   "geometry": {
    "type": "Polygon",
    "coordinates": [
     [
      [
       131,
       13
      ],
      [
       133,
       13
      ],
      [
       133,
       18
      ],
      [
       131,
       18
      ],
      [
       131,
       13
      ]
     ]
    ]
   }
  },
  {
   "type": "Feature",
   "properties": {
    "id": "33.01.02",
    "r0": 13,
    "c0": 133,
    "r1": 17,
    "c1": 136
   },
   "geometry": {
    "type": "Polygon",
    "coordinates": [
     [
      [
       133,
       13
      ],
      [
       137,
       13
      ],
      [
       137,
       18
      ],
      [
       133,
       18
      ],
      [
       133,
       13
      ]
     ]
    ]
   }
  },
  {
   "type": "Feature",
   "properties": {
    "id": "33.01.09",
    "r0": 9,
    "c0": 137,
    "r1": 11,
    "c1": 141
   },
   "geometry": {
    "type": "Polygon",
    "coordinates": [
     [
      [
       137,
       9
      ],
      [
       142,
       9
      ],
      [
       142,
       12
      ],
      [
       137,
       12
      ],
      [
       137,
       9
      ]
     ]
    ]
   }
  },
  {
   "type": "Feature",
   "properties": {
    "id": "33.01.08",
    "r0": 12,
    "c0": 137,
    "r1": 14,
    "c1": 141
   },
   "geometry": {
    "type": "Polygon",
    "coordinates": [
     [
      [
       137,
       12
      ],
      [
       142,
       12
      ],
      [
       142,
       15
      ],
      [
       137,
       15
      ],
      [
       137,
       12
      ]
     ]
    ]
   }
  },
  {
   "type": "Feature",
   "properties": {
    "id": "33.01.07",
    "r0": 15,
    "c0": 137,
    "r1": 17,
    "c1": 141
   },
   "geometry": {
    "type": "Polygon",
    "coordinates": [
     [
      [
       137,
       15
      ],
      [
       142,
       15
      ],
      [
       142,
       18
      ],
      [
       137,
       18
      ],
      [
       137,
       15
      ]
     ]
    ]
   }
  },
  {
   "type": "Feature",
   "properties": {
    "id": "33.04",
    "r0": 18,
    "c0": 121,
    "r1": 34,
    "c1": 141
   },
   "geometry": {
    "type": "Polygon",
    "coordinates": [
     [
      [
       121,
       18
      ],
      [
       142,
       18
      ],
      [
       142,
       35
      ],
      [
       121,
       35
      ],
      [
       121,
       18
      ]
     ]
    ]
   }
  },
  {
   "type": "Feature",
   "properties": {
    "id": "33.04.11",
    "r0": 18,
    "c0": 121,
    "r1": 22,
    "c1": 123
   },
   "geometry": {
    "type": "Polygon",
    "coordinates": [
     [
      [
       121,
       18
      ],
      [
       124,
       18
      ],
      [
       124,
       23
      ],
      [
       121,
       23
      ],
      [
       121,
       18
      ]
     ]
    ]
   }
  },
  {
   "type": "Feature",
   "properties": {
    "id": "33.04.13",
    "r0": 18,
    "c0": 124,
    "r1": 22,
    "c1": 126
   },
   "geometry": {
    "type": "Polygon",
    "coordinates": [
     [
      [
       124,
       18
      ],
      [
       127,
       18
      ],
      [
       127,
       23
      ],
      [
       124,
       23
      ],
      [
       124,
       18
      ]
     ]
    ]
   }
  },
  {
   "type": "Feature",
   "properties": {
    "id": "33.04.06",
    "r0": 23,
    "c0": 121,
    "r1": 25,
    "c1": 126
   },
   "geometry": {
    "type": "Polygon",
    "coordinates": [
     [
      [
       121,
       23
      ],
      [
       127,
       23
      ],
      [
       127,
       26
      ],
      [
       121,
       26
      ],
      [
       121,
       23
      ]
     ]
    ]
   }
  },
  {
   "type": "Feature",
   "properties": {
    "id": "33.04.14",
    "r0": 18,
    "c0": 127,
    "r1": 21,
    "c1": 131
   },
   "geometry": {
    "type": "Polygon",
    "coordinates": [
     [
      [
       127,
       18
      ],
      [
       132,
       18
      ],
      [
       132,
       22
      ],
      [
       127,
       22
      ],
      [
       127,
       18
      ]
     ]
    ]
   }
  },
  {
   "type": "Feature",
   "properties": {
    "id": "33.04.18",
    "r0": 22,
    "c0": 127,
    "r1": 25,
    "c1": 131
   },
   "geometry": {
    "type": "Polygon",
    "coordinates": [
     [
      [
       127,
       22
      ],
      [
       132,
       22
      ],
      [
       132,
       26
      ],
      [
       127,
       26
      ],
      [
       127,
       22
      ]
     ]
    ]
   }
  },
  {
   "type": "Feature",
   "properties": {
    "id": "33.04.12",
    "r0": 26,
    "c0": 121,
    "r1": 29,
    "c1": 126
   },
   "geometry": {
    "type": "Polygon",
    "coordinates": [
     [
      [
       121,
       26
      ],
      [
       127,
       26
      ],
      [
       127,
       30
      ],
      [
       121,
       30
      ],
      [
       121,
       26
      ]
     ]
    ]
   }
  },
  {
   "type": "Feature",
   "properties": {
    "id": "33.04.16",
    "r0": 30,
    "c0": 121,
    "r1": 34,
    "c1": 122
   },
   "geometry": {
    "type": "Polygon",
    "coordinates": [
     [
      [
       121,
       30
      ],
      [
       123,
       30
      ],
      [
       123,
       35
      ],
      [
       121,
       35
      ],
      [
       121,
       30
      ]
     ]
    ]
   }
  },
  {
   "type": "Feature",
   "properties": {
    "id": "33.04.17",
    "r0": 30,
    "c0": 123,
    "r1": 34,
    "c1": 126
   },
   "geometry": {
    "type": "Polygon",
    "coordinates": [
     [
      [
       123,
       30
      ],
      [
       127,
       30
      ],
      [
       127,
       35
      ],
      [
       123,
       35
      ],
      [
       123,
       30
      ]
     ]
    ]
   }
  },
  {
   "type": "Feature",
   "properties": {
    "id": "33.04.07",
    "r0": 26,
    "c0": 127,
    "r1": 29,
    "c1": 131
   },
   "geometry": {
    "type": "Polygon",
    "coordinates": [
     [
      [
       127,
       26
      ],
      [
       132,
       26
      ],
      [
       132,
       30
      ],
      [
       127,
       30
      ],
      [
       127,
       26
      ]
     ]
    ]
   }
  },
  {
   "type": "Feature",
   "properties": {
    "id": "33.04.05",
    "r0": 30,
    "c0": 127,
    "r1": 34,
    "c1": 131
   },
   "geometry": {
    "type": "Polygon",
    "coordinates": [
     [
      [
       127,
       30
      ],
      [
       132,
       30
      ],
      [
       132,
       35
      ],
      [
       127,
       35
      ],
      [
       127,
       30
      ]
     ]
    ]
   }
  },
  {
   "type": "Feature",
   "properties": {
    "id": "33.04.09",
    "r0": 18,
    "c0": 132,
    "r1": 22,
    "c1": 136
   },
   "geometry": {
    "type": "Polygon",
    "coordinates": [
     [
      [
       132,
       18
      ],
      [
       137,
       18
      ],
      [
       137,
       23
      ],
      [
       132,
       23
      ],
      [
       132,
       18
      ]
     ]
    ]
   }
  },
  {
   "type": "Feature",
   "properties": {
    "id": "33.04.03",
    "r0": 23,
    "c0": 132,
    "r1": 26,
    "c1": 136
   },
   "geometry": {
    "type": "Polygon",
    "coordinates": [
     [
      [
       132,
       23
      ],
      [
       137,
       23
      ],
      [
       137,
       27
      ],
      [
       132,
       27
      ],
      [
       132,
       23
      ]
     ]
    ]
   }
  },
  {
   "type": "Feature",
   "properties": {
    "id": "33.04.08",
    "r0": 18,
    "c0": 137,
    "r1": 22,
    "c1": 141
   },
   "geometry": {
    "type": "Polygon",
    "coordinates": [
     [
      [
       137,
       18
      ],
      [
       142,
       18
      ],
      [
       142,
       23
      ],
      [
       137,
       23
      ],
      [
       137,
       18
      ]
     ]
    ]
   }
  },
  {
   "type": "Feature",
   "properties": {
    "id": "33.04.15",
    "r0": 23,
    "c0": 137,
    "r1": 26,
    "c1": 141
   },
   "geometry": {
    "type": "Polygon",
    "coordinates": [
     [
      [
       137,
       23
      ],
      [
       142,
       23
      ],
      [
       142,
       27
      ],
      [
       137,
       27
      ],
      [
       137,
       23
      ]
     ]
    ]
   }
  },
  {
   "type": "Feature",
   "properties": {
    "id": "33.04.19",
    "r0": 27,
    "c0": 132,
    "r1": 31,
    "c1": 133
   },
   "geometry": {
    "type": "Polygon",
    "coordinates": [
     [
      [
       132,
       27
      ],
      [
       134,
       27
      ],
      [
       134,
       32
      ],
      [
       132,
       32
      ],
      [
       132,
       27
      ]
     ]
    ]
   }
  },
  {
   "type": "Feature",
   "properties": {
    "id": "33.04.01",
    "r0": 27,
    "c0": 134,
    "r1": 31,
    "c1": 137
   },
   "geometry": {
    "type": "Polygon",
    "coordinates": [
     [
      [
       134,
       27
      ],
      [
       138,
       27
      ],
      [
       138,
       32
      ],
      [
       134,
       32
      ],
      [
       134,
       27
      ]
     ]
    ]
   }
  },
  {
   "type": "Feature",
   "properties": {
    "id": "33.04.04",
    "r0": 32,
    "c0": 132,
    "r1": 34,
    "c1": 137
   },
   "geometry": {
    "type": "Polygon",
    "coordinates": [
     [
      [
       132,
       32
      ],
      [
       138,
       32
      ],
      [
       138,
       35
      ],
      [
       132,
       35
      ],
      [
       132,
       32
      ]
     ]
    ]
   }
  },
  {
   "type": "Feature",
   "properties": {
    "id": "33.04.20",
    "r0": 27,
    "c0": 138,
    "r1": 29,
    "c1": 141
   },
   "geometry": {
    "type": "Polygon",
    "coordinates": [
     [
      [
       138,
       27
      ],
      [
       142,
       27
      ],
      [
       142,
       30
      ],
      [
       138,
       30
      ],
      [
       138,
       27
      ]
     ]
    ]
   }
  },
  {
   "type": "Feature",
   "properties": {
    "id": "33.04.10",
    "r0": 30,
    "c0": 138,
    "r1": 32,
    "c1": 141
   },
   "geometry": {
    "type": "Polygon",
    "coordinates": [
     [
      [
       138,
       30
      ],
      [
       142,
       30
      ],
      [
       142,
       33
      ],
      [
       138,
       33
      ],
      [
       138,
       30
      ]
     ]
    ]
   }
  },
  {
   "type": "Feature",
   "properties": {
    "id": "33.04.02",
    "r0": 33,
    "c0": 138,
    "r1": 34,
    "c1": 141
   },
   "geometry": {
    "type": "Polygon",
    "coordinates": [
     [
      [
       138,
       33
      ],
      [
       142,
       33
      ],
      [
       142,
       35
      ],
      [
       138,
       35
      ],
      [
       138,
       33
      ]
     ]
    ]
   }
  },
  {
   "type": "Feature",
   "properties": {
    "id": "33.02",
    "r0": 35,
    "c0": 89,
    "r1": 54,
    "c1": 111
   },
   "geometry": {
    "type": "Polygon",
    "coordinates": [
     [
      [
       89,
       35
      ],
      [
       112,
       35
      ],
      [
       112,
       55
      ],
      [
       89,
       55
      ],
      [
       89,
       35
      ]
     ]
    ]
   }
  },
  {
   "type": "Feature",
   "properties": {
    "id": "33.02.05",
    "r0": 35,
    "c0": 89,
    "r1": 37,
    "c1": 94
   },
   "geometry": {
    "type": "Polygon",
    "coordinates": [
     [
      [
       89,
       35
      ],
      [
       95,
       35
      ],
      [
       95,
       38
      ],
      [
       89,
       38
      ],
      [
       89,
       35
      ]
     ]
    ]
   }
  },
  {
   "type": "Feature",
   "properties": {
    "id": "33.02.06",
    "r0": 38,
    "c0": 89,
    "r1": 41,
    "c1": 94
   },
   "geometry": {
    "type": "Polygon",
    "coordinates": [
     [
      [
       89,
       38
      ],
      [
       95,
       38
      ],
      [
       95,
       42
      ],
      [
       89,
       42
      ],
      [
       89,
       38
      ]
     ]
    ]
   }
  },
  {
   "type": "Feature",
   "properties": {
    "id": "33.02.26",
    "r0": 42,
    "c0": 89,
    "r1": 44,
    "c1": 91
   },
   "geometry": {
    "type": "Polygon",
    "coordinates": [
     [
      [
       89,
       42
      ],
      [
       92,
       42
      ],
      [
       92,
       45
      ],
      [
       89,
       45
      ],
      [
       89,
       42
      ]
     ]
    ]
   }
  },
  {
   "type": "Feature",
   "properties": {
    "id": "33.02.27",
    "r0": 42,
    "c0": 92,
    "r1": 44,
    "c1": 94
   },
   "geometry": {
    "type": "Polygon",
    "coordinates": [
     [
      [
       92,
       42
      ],
      [
       95,
       42
      ],
      [
       95,
       45
      ],
      [
       92,
       45
      ],
      [
       92,
       42
      ]
     ]
    ]
   }
  },
  {
   "type": "Feature",
   "properties": {
    "id": "33.02.07",
    "r0": 35,
    "c0": 95,
    "r1": 39,
    "c1": 98
   },
   "geometry": {
    "type": "Polygon",
    "coordinates": [
     [
      [
       95,
       35
      ],
      [
       99,
       35
      ],
      [
       99,
       40
      ],
      [
       95,
       40
      ],
      [
       95,
       35
      ]
     ]
    ]
   }
  },
  {
   "type": "Feature",
   "properties": {
    "id": "33.02.04",
    "r0": 35,
    "c0": 99,
    "r1": 39,
    "c1": 100
   },
   "geometry": {
    "type": "Polygon",
    "coordinates": [
     [
      [
       99,
       35
      ],
      [
       101,
       35
      ],
      [
       101,
       40
      ],
      [
       99,
       40
      ],
      [
       99,
       35
      ]
     ]
    ]
   }
  },
  {
   "type": "Feature",
   "properties": {
    "id": "33.02.21",
    "r0": 40,
    "c0": 95,
    "r1": 44,
    "c1": 100
   },
   "geometry": {
    "type": "Polygon",
    "coordinates": [
     [
      [
       95,
       40
      ],
      [
       101,
       40
      ],
      [
       101,
       45
      ],
      [
       95,
       45
      ],
      [
       95,
       40
      ]
     ]
    ]
   }
  },
  {
   "type": "Feature",
   "properties": {
    "id": "33.02.25",
    "r0": 45,
    "c0": 89,
    "r1": 49,
    "c1": 90
   },
   "geometry": {
    "type": "Polygon",
    "coordinates": [
     [
      [
       89,
       45
      ],
      [
       91,
       45
      ],
      [
       91,
       50
      ],
      [
       89,
       50
      ],
      [
       89,
       45
      ]
     ]
    ]
   }
  },
  {
   "type": "Feature",
   "properties": {
    "id": "33.02.23",
    "r0": 45,
    "c0": 91,
    "r1": 49,
    "c1": 94
   },
   "geometry": {
    "type": "Polygon",
    "coordinates": [
     [
      [
       91,
       45
      ],
      [
       95,
       45
      ],
      [
       95,
       50
      ],
      [
       91,
       50
      ],
      [
       91,
       45
      ]
     ]
    ]
   }
  },
  {
   "type": "Feature",
   "properties": {
    "id": "33.02.24",
    "r0": 50,
    "c0": 89,
    "r1": 54,
    "c1": 90
   },
   "geometry": {
    "type": "Polygon",
    "coordinates": [
     [
      [
       89,
       50
      ],
      [
       91,
       50
      ],
      [
       91,
       55
      ],
      [
       89,
       55
      ],
      [
       89,
       50
      ]
     ]
    ]
   }
  },
  {
   "type": "Feature",
   "properties": {
    "id": "33.02.11",
    "r0": 50,
    "c0": 91,
    "r1": 54,
    "c1": 94
   },
   "geometry": {
    "type": "Polygon",
    "coordinates": [
     [
      [
       91,
       50
      ],
      [
       95,
       50
      ],
      [
       95,
       55
      ],
      [
       91,
       55
      ],
      [
       91,
       50
      ]
     ]
    ]
   }
  },
  {
   "type": "Feature",
   "properties": {
    "id": "33.02.08",
    "r0": 45,
    "c0": 95,
    "r1": 49,
    "c1": 97
   },
   "geometry": {
    "type": "Polygon",
    "coordinates": [
     [
      [
       95,
       45
      ],
      [
       98,
       45
      ],
      [
       98,
       50
      ],
      [
       95,
       50
      ],
      [
       95,
       45
      ]
     ]
    ]
   }
  },
  {
   "type": "Feature",
   "properties": {
    "id": "33.02.10",
    "r0": 45,
    "c0": 98,
    "r1": 49,
    "c1": 100
   },
   "geometry": {
    "type": "Polygon",
    "coordinates": [
     [
      [
       98,
       45
      ],
      [
       101,
       45
      ],
      [
       101,
       50
      ],
      [
       98,
       50
      ],
      [
       98,
       45
      ]
     ]
    ]
   }
  },
  {
   "type": "Feature",
   "properties": {
    "id": "33.02.09",
    "r0": 50,
    "c0": 95,
    "r1": 54,
    "c1": 96
   },
   "geometry": {
    "type": "Polygon",
    "coordinates": [
     [
      [
       95,
       50
      ],
      [
       97,
       50
      ],
      [
       97,
       55
      ],
      [
       95,
       55
      ],
      [
       95,
       50
      ]
     ]
    ]
   }
  },
  {
   "type": "Feature",
   "properties": {
    "id": "33.02.22",
    "r0": 50,
    "c0": 97,
    "r1": 54,
    "c1": 100
   },
   "geometry": {
    "type": "Polygon",
    "coordinates": [
     [
      [
       97,
       50
      ],
      [
       101,
       50
      ],
      [
       101,
       55
      ],
      [
       97,
       55
      ],
      [
       97,
       50
      ]
     ]
    ]
   }
  },
  {
   "type": "Feature",
   "properties": {
    "id": "33.02.12",
    "r0": 35,
    "c0": 101,
    "r1": 37,
    "c1": 105
   },
   "geometry": {
    "type": "Polygon",
    "coordinates": [
     [
      [
       101,
       35
      ],
      [
       106,
       35
      ],
      [
       106,
       38
      ],
      [
       101,
       38
      ],
      [
       101,
       35
      ]
     ]
    ]
   }
  },
  {
   "type": "Feature",
   "properties": {
    "id": "33.02.03",
    "r0": 38,
    "c0": 101,
    "r1": 40,
    "c1": 105
   },
   "geometry": {
    "type": "Polygon",
    "coordinates": [
     [
      [
       101,
       38
      ],
      [
       106,
       38
      ],
      [
       106,
       41
      ],
      [
       101,
       41
      ],
      [
       101,
       38
      ]
     ]
    ]
   }
  },
  {
   "type": "Feature",
   "properties": {
    "id": "33.02.14",
    "r0": 41,
    "c0": 101,
    "r1": 44,
    "c1": 105
   },
   "geometry": {
    "type": "Polygon",
    "coordinates": [
     [
      [
       101,
       41
      ],
      [
       106,
       41
      ],
      [
       106,
       45
      ],
      [
       101,
       45
      ],
      [
       101,
       41
      ]
     ]
    ]
   }
  },
  {
   "type": "Feature",
   "properties": {
    "id": "33.02.18",
    "r0": 35,
    "c0": 106,
    "r1": 40,
    "c1": 108
   },
   "geometry": {
    "type": "Polygon",
    "coordinates": [
     [
      [
       106,
       35
      ],
      [
       109,
       35
      ],
      [
       109,
       41
      ],
      [
       106,
       41
      ],
      [
       106,
       35
      ]
     ]
    ]
   }
  },
  {
   "type": "Feature",
   "properties": {
    "id": "33.02.16",
    "r0": 35,
    "c0": 109,
    "r1": 40,
    "c1": 111
   },
   "geometry": {
    "type": "Polygon",
    "coordinates": [
     [
      [
       109,
       35
      ],
      [
       112,
       35
      ],
      [
       112,
       41
      ],
      [
       109,
       41
      ],
      [
       109,
       35
      ]
     ]
    ]
   }
  },
  {
   "type": "Feature",
   "properties": {
    "id": "33.02.19",
    "r0": 41,
    "c0": 106,
    "r1": 44,
    "c1": 111
   },
   "geometry": {
    "type": "Polygon",
    "coordinates": [
     [
      [
       106,
       41
      ],
      [
       112,
       41
      ],
      [
       112,
       45
      ],
      [
       106,
       45
      ],
      [
       106,
       41
      ]
     ]
    ]
   }
  },
  {
   "type": "Feature",
   "properties": {
    "id": "33.02.20",
    "r0": 45,
    "c0": 101,
    "r1": 50,
    "c1": 104
   },
   "geometry": {
    "type": "Polygon",
    "coordinates": [
     [
      [
       101,
       45
      ],
      [
       105,
       45
      ],
      [
       105,
       51
      ],
      [
       101,
       51
      ],
      [
       101,
       45
      ]
     ]
    ]
   }
  },
  {
   "type": "Feature",
   "properties": {
    "id": "33.02.02",
    "r0": 45,
    "c0": 105,
    "r1": 50,
    "c1": 107
   },
   "geometry": {
    "type": "Polygon",
    "coordinates": [
     [
      [
       105,
       45
      ],
      [
       108,
       45
      ],
      [
       108,
       51
      ],
      [
       105,
       51
      ],
      [
       105,
       45
      ]
     ]
    ]
   }
  },
  {
   "type": "Feature",
   "properties": {
    "id": "33.02.17",
    "r0": 51,
    "c0": 101,
    "r1": 54,
    "c1": 107
   },
   "geometry": {
    "type": "Polygon",
    "coordinates": [
     [
      [
       101,
       51
      ],
      [
       108,
       51
      ],
      [
       108,
       55
      ],
      [
       101,
       55
      ],
      [
       101,
       51
      ]
     ]
    ]
   }
  },
  {
   "type": "Feature",
   "properties": {
    "id": "33.02.01",
    "r0": 45,
    "c0": 108,
    "r1": 47,
    "c1": 111
   },
   "geometry": {
    "type": "Polygon",
    "coordinates": [
     [
      [
       108,
       45
      ],
      [
       112,
       45
      ],
      [
       112,
       48
      ],
      [
       108,
       48
      ],
      [
       108,
       45
      ]
     ]
    ]
   }
  },
  {
   "type": "Feature",
   "properties": {
    "id": "33.02.15",
    "r0": 48,
    "c0": 108,
    "r1": 51,
    "c1": 111
   },
   "geometry": {
    "type": "Polygon",
    "coordinates": [
     [
      [
       108,
       48
      ],
      [
       112,
       48
      ],
      [
       112,
       52
      ],
      [
       108,
       52
      ],
      [
       108,
       48
      ]
     ]
    ]
   }
  },
  {
   "type": "Feature",
   "properties": {
    "id": "33.02.13",
    "r0": 52,
    "c0": 108,
    "r1": 54,
    "c1": 111
   },
   "geometry": {
    "type": "Polygon",
    "coordinates": [
     [
      [
       108,
       52
      ],
      [
       112,
       52
      ],
      [
       112,
       55
      ],
      [
       108,
       55
      ],
      [
       108,
       52
      ]
     ]
    ]
   }
  },
  {
   "type": "Feature",
   "properties": {
    "id": "33.29",
    "r0": 55,
    "c0": 89,
    "r1": 63,
    "c1": 111
   },
   "geometry": {
    "type": "Polygon",
    "coordinates": [
     [
      [
       89,
       55
      ],
      [
       112,
       55
      ],
      [
       112,
       64
      ],
      [
       89,
       64
      ],
      [
       89,
       55
      ]
     ]
    ]
   }
  },
  {
   "type": "Feature",
   "properties": {
    "id": "33.29.03",
    "r0": 55,
    "c0": 89,
    "r1": 58,
    "c1": 93
   },
   "geometry": {
    "type": "Polygon",
    "coordinates": [
     [
      [
       89,
       55
      ],
      [
       94,
       55
      ],
      [
       94,
       59
      ],
      [
       89,
       59
      ],
      [
       89,
       55
      ]
     ]
    ]
   }
  },
  {
   "type": "Feature",
   "properties": {
    "id": "33.29.17",
    "r0": 59,
    "c0": 89,
    "r1": 63,
    "c1": 93
   },
   "geometry": {
    "type": "Polygon",
    "coordinates": [
     [
      [
       89,
       59
      ],
      [
       94,
       59
      ],
      [
       94,
       64
      ],
      [
       89,
       64
      ],
      [
       89,
       59
      ]
     ]
    ]
   }
  },
  {
   "type": "Feature",
   "properties": {
    "id": "33.29.02",
    "r0": 55,
    "c0": 94,
    "r1": 58,
    "c1": 99
   },
   "geometry": {
    "type": "Polygon",
    "coordinates": [
     [
      [
       94,
       55
      ],
      [
       100,
       55
      ],
      [
       100,
       59
      ],
      [
       94,
       59
      ],
      [
       94,
       55
      ]
     ]
    ]
   }
  },
  {
   "type": "Feature",
   "properties": {
    "id": "33.29.01",
    "r0": 59,
    "c0": 94,
    "r1": 63,
    "c1": 99
   },
   "geometry": {
    "type": "Polygon",
    "coordinates": [
     [
      [
       94,
       59
      ],
      [
       100,
       59
      ],
      [
       100,
       64
      ],
      [
       94,
       64
      ],
      [
       94,
       59
      ]
     ]
    ]
   }
  },
  {
   "type": "Feature",
   "properties": {
    "id": "33.29.16",
    "r0": 55,
    "c0": 100,
    "r1": 57,
    "c1": 105
   },
   "geometry": {
    "type": "Polygon",
    "coordinates": [
     [
      [
       100,
       55
      ],
      [
       106,
       55
      ],
      [
       106,
       58
      ],
      [
       100,
       58
      ],
      [
       100,
       55
      ]
     ]
    ]
   }
  },
  {
   "type": "Feature",
   "properties": {
    "id": "33.29.05",
    "r0": 58,
    "c0": 100,
    "r1": 63,
    "c1": 102
   },
   "geometry": {
    "type": "Polygon",
    "coordinates": [
     [
      [
       100,
       58
      ],
      [
       103,
       58
      ],
      [
       103,
       64
      ],
      [
       100,
       64
      ],
      [
       100,
       58
      ]
     ]
    ]
   }
  },
  {
   "type": "Feature",
   "properties": {
    "id": "33.29.10",
    "r0": 58,
    "c0": 103,
    "r1": 63,
    "c1": 105
   },
   "geometry": {
    "type": "Polygon",
    "coordinates": [
     [
      [
       103,
       58
      ],
      [
       106,
       58
      ],
      [
       106,
       64
      ],
      [
       103,
       64
      ],
      [
       103,
       58
      ]
     ]
    ]
   }
  },
  {
   "type": "Feature",
   "properties": {
    "id": "33.29.04",
    "r0": 55,
    "c0": 106,
    "r1": 60,
    "c1": 108
   },
   "geometry": {
    "type": "Polygon",
    "coordinates": [
     [
      [
       106,
       55
      ],
      [
       109,
       55
      ],
      [
       109,
       61
      ],
      [
       106,
       61
      ],
      [
       106,
       55
      ]
     ]
    ]
   }
  },
  {
   "type": "Feature",
   "properties": {
    "id": "33.29.06",
    "r0": 55,
    "c0": 109,
    "r1": 60,
    "c1": 111
   },
   "geometry": {
    "type": "Polygon",
    "coordinates": [
     [
      [
       109,
       55
      ],
      [
       112,
       55
      ],
      [
       112,
       61
      ],
      [
       109,
       61
      ],
      [
       109,
       55
      ]
     ]
    ]
   }
  },
  {
   "type": "Feature",
   "properties": {
    "id": "33.29.07",
    "r0": 61,
    "c0": 106,
    "r1": 63,
    "c1": 107
   },
   "geometry": {
    "type": "Polygon",
    "coordinates": [
     [
      [
       106,
       61
      ],
      [
       108,
       61
      ],
      [
       108,
       64
      ],
      [
       106,
       64
      ],
      [
       106,
       61
      ]
     ]
    ]
   }
  },
  {
   "type": "Feature",
   "properties": {
    "id": "33.29.15",
    "r0": 61,
    "c0": 108,
    "r1": 63,
    "c1": 110
   },
   "geometry": {
    "type": "Polygon",
    "coordinates": [
     [
      [
       108,
       61
      ],
      [
       111,
       61
      ],
      [
       111,
       64
      ],
      [
       108,
       64
      ],
      [
       108,
       61
      ]
     ]
    ]
   }
  },
  {
   "type": "Feature",
   "properties": {
    "id": "33.29.11",
    "r0": 61,
    "c0": 111,
    "r1": 63,
    "c1": 111
   },
   "geometry": {
    "type": "Polygon",
    "coordinates": [
     [
      [
       111,
       61
      ],
      [
       112,
       61
      ],
      [
       112,
       64
      ],
      [
       111,
       64
      ],
      [
       111,
       61
      ]
     ]
    ]
   }
  },
  {
   "type": "Feature",
   "properties": {
    "id": "33.06",
    "r0": 35,
    "c0": 112,
    "r1": 63,
    "c1": 134
   },
   "geometry": {
    "type": "Polygon",
    "coordinates": [
     [
      [
       112,
       35
      ],
      [
       135,
       35
      ],
      [
       135,
       64
      ],
      [
       112,
       64
      ],
      [
       112,
       35
      ]
     ]
    ]
   }
  },
  {
   "type": "Feature",
   "properties": {
    "id": "33.06.01",
    "r0": 35,
    "c0": 112,
    "r1": 42,
    "c1": 116
   },
   "geometry": {
    "type": "Polygon",
    "coordinates": [
     [
      [
       112,
       35
      ],
      [
       117,
       35
      ],
      [
       117,
       43
      ],
      [
       112,
       43
      ],
      [
       112,
       35
      ]
     ]
    ]
   }
  },
  {
   "type": "Feature",
   "properties": {
    "id": "33.06.10",
    "r0": 35,
    "c0": 117,
    "r1": 42,
    "c1": 123
   },
   "geometry": {
    "type": "Polygon",
    "coordinates": [
     [
      [
       117,
       35
      ],
      [
       124,
       35
      ],
      [
       124,
       43
      ],
      [
       117,
       43
      ],
      [
       117,
       35
      ]
     ]
    ]
   }
  },
  {
   "type": "Feature",
   "properties": {
    "id": "33.06.02",
    "r0": 43,
    "c0": 112,
    "r1": 49,
    "c1": 123
   },
   "geometry": {
    "type": "Polygon",
    "coordinates": [
     [
      [
       112,
       43
      ],
      [
       124,
       43
      ],
      [
       124,
       50
      ],
      [
       112,
       50
      ],
      [
       112,
       43
      ]
     ]
    ]
   }
  },
  {
   "type": "Feature",
   "properties": {
    "id": "33.06.04",
    "r0": 35,
    "c0": 124,
    "r1": 37,
    "c1": 130
   },
   "geometry": {
    "type": "Polygon",
    "coordinates": [
     [
      [
       124,
       35
      ],
      [
       131,
       35
      ],
      [
       131,
       38
      ],
      [
       124,
       38
      ],
      [
       124,
       35
      ]
     ]
    ]
   }
  },
  {
   "type": "Feature",
   "properties": {
    "id": "33.06.07",
    "r0": 38,
    "c0": 124,
    "r1": 42,
    "c1": 130
   },
   "geometry": {
    "type": "Polygon",
    "coordinates": [
     [
      [
       124,
       38
      ],
      [
       131,
       38
      ],
      [
       131,
       43
      ],
      [
       124,
       43
      ],
      [
       124,
       38
      ]
     ]
    ]
   }
  },
  {
   "type": "Feature",
   "properties": {
    "id": "33.06.06",
    "r0": 35,
    "c0": 131,
    "r1": 42,
    "c1": 134
   },
   "geometry": {
    "type": "Polygon",
    "coordinates": [
     [
      [
       131,
       35
      ],
      [
       135,
       35
      ],
      [
       135,
       43
      ],
      [
       131,
       43
      ],
      [
       131,
       35
      ]
     ]
    ]
   }
  },
  {
   "type": "Feature",
   "properties": {
    "id": "33.06.09",
    "r0": 43,
    "c0": 124,
    "r1": 49,
    "c1": 129
   },
   "geometry": {
    "type": "Polygon",
    "coordinates": [
     [
      [
       124,
       43
      ],
      [
       130,
       43
      ],
      [
       130,
       50
      ],
      [
       124,
       50
      ],
      [
       124,
       43
      ]
     ]
    ]
   }
  },
  {
   "type": "Feature",
   "properties": {
    "id": "33.06.08",
    "r0": 43,
    "c0": 130,
    "r1": 49,
    "c1": 134
   },
   "geometry": {
    "type": "Polygon",
    "coordinates": [
     [
      [
       130,
       43
      ],
      [
       135,
       43
      ],
      [
       135,
       50
      ],
      [
       130,
       50
      ],
      [
       130,
       43
      ]
     ]
    ]
   }
  },
  {
   "type": "Feature",
   "properties": {
    "id": "33.06.03",
    "r0": 50,
    "c0": 112,
    "r1": 56,
    "c1": 119
   },
   "geometry": {
    "type": "Polygon",
    "coordinates": [
     [
      [
       112,
       50
      ],
      [
       120,
       50
      ],
      [
       120,
       57
      ],
      [
       112,
       57
      ],
      [
       112,
       50
      ]
     ]
    ]
   }
  },
  {
   "type": "Feature",
   "properties": {
    "id": "33.06.15",
    "r0": 50,
    "c0": 120,
    "r1": 56,
    "c1": 123
   },
   "geometry": {
    "type": "Polygon",
    "coordinates": [
     [
      [
       120,
       50
      ],
      [
       124,
       50
      ],
      [
       124,
       57
      ],
      [
       120,
       57
      ],
      [
       120,
       50
      ]
     ]
    ]
   }
  },
  {
   "type": "Feature",
   "properties": {
    "id": "33.06.12",
    "r0": 57,
    "c0": 112,
    "r1": 63,
    "c1": 118
   },
   "geometry": {
    "type": "Polygon",
    "coordinates": [
     [
      [
       112,
       57
      ],
      [
       119,
       57
      ],
      [
       119,
       64
      ],
      [
       112,
       64
      ],
      [
       112,
       57
      ]
     ]
    ]
   }
  },
  {
   "type": "Feature",
   "properties": {
    "id": "33.06.14",
    "r0": 57,
    "c0": 119,
    "r1": 63,
    "c1": 123
   },
   "geometry": {
    "type": "Polygon",
    "coordinates": [
     [
      [
       119,
       57
      ],
      [
       124,
       57
      ],
      [
       124,
       64
      ],
      [
       119,
       64
      ],
      [
       119,
       57
      ]
     ]
    ]
   }
  },
  {
   "type": "Feature",
   "properties": {
    "id": "33.06.16",
    "r0": 50,
    "c0": 124,
    "r1": 58,
    "c1": 127
   },
   "geometry": {
    "type": "Polygon",
    "coordinates": [
     [
      [
       124,
       50
      ],
      [
       128,
       50
      ],
      [
       128,
       59
      ],
      [
       124,
       59
      ],
      [
       124,
       50
      ]
     ]
    ]
   }
  },
  {
   "type": "Feature",
   "properties": {
    "id": "33.06.11",
    "r0": 50,
    "c0": 128,
    "r1": 58,
    "c1": 134
   },
   "geometry": {
    "type": "Polygon",
    "coordinates": [
     [
      [
       128,
       50
      ],
      [
       135,
       50
      ],
      [
       135,
       59
      ],
      [
       128,
       59
      ],
      [
       128,
       50
      ]
     ]
    ]
   }
  },
  {
   "type": "Feature",
   "properties": {
    "id": "33.06.13",
    "r0": 59,
    "c0": 124,
    "r1": 63,
    "c1": 128
   },
   "geometry": {
    "type": "Polygon",
    "coordinates": [
     [
      [
       124,
       59
      ],
      [
       129,
       59
      ],
      [
       129,
       64
      ],
      [
       124,
       64
      ],
      [
       124,
       59
      ]
     ]
    ]
   }
  },
  {
   "type": "Feature",
   "properties": {
    "id": "33.06.05",
    "r0": 59,
    "c0": 129,
    "r1": 63,
    "c1": 134
   },
   "geometry": {
    "type": "Polygon",
    "coordinates": [
     [
      [
       129,
       59
      ],
      [
       135,
       59
      ],
      [
       135,
       64
      ],
      [
       129,
       64
      ],
      [
       129,
       59
      ]
     ]
    ]
   }
  },
  {
   "type": "Feature",
   "properties": {
    "id": "33.28",
    "r0": 35,
    "c0": 135,
    "r1": 63,
    "c1": 141
   },
   "geometry": {
    "type": "Polygon",
    "coordinates": [
     [
      [
       135,
       35
      ],
      [
       142,
       35
      ],
      [
       142,
       64
      ],
      [
       135,
       64
      ],
      [
       135,
       35
      ]
     ]
    ]
   }
  },
  {
   "type": "Feature",
   "properties": {
    "id": "33.28.07",
    "r0": 35,
    "c0": 135,
    "r1": 41,
    "c1": 137
   },
   "geometry": {
    "type": "Polygon",
    "coordinates": [
     [
      [
       135,
       35
      ],
      [
       138,
       35
      ],
      [
       138,
       42
      ],
      [
       135,
       42
      ],
      [
       135,
       35
      ]
     ]
    ]
   }
  },
  {
   "type": "Feature",
   "properties": {
    "id": "33.28.04",
    "r0": 35,
    "c0": 138,
    "r1": 41,
    "c1": 141
   },
   "geometry": {
    "type": "Polygon",
    "coordinates": [
     [
      [
       138,
       35
      ],
      [
       142,
       35
      ],
      [
       142,
       42
      ],
      [
       138,
       42
      ],
      [
       138,
       35
      ]
     ]
    ]
   }
  },
  {
   "type": "Feature",
   "properties": {
    "id": "33.28.06",
    "r0": 42,
    "c0": 135,
    "r1": 47,
    "c1": 137
   },
   "geometry": {
    "type": "Polygon",
    "coordinates": [
     [
      [
       135,
       42
      ],
      [
       138,
       42
      ],
      [
       138,
       48
      ],
      [
       135,
       48
      ],
      [
       135,
       42
      ]
     ]
    ]
   }
  },
  {
   "type": "Feature",
   "properties": {
    "id": "33.28.02",
    "r0": 42,
    "c0": 138,
    "r1": 47,
    "c1": 141
   },
   "geometry": {
    "type": "Polygon",
    "coordinates": [
     [
      [
       138,
       42
      ],
      [
       142,
       42
      ],
      [
       142,
       48
      ],
      [
       138,
       48
      ],
      [
       138,
       42
      ]
     ]
    ]
   }
  },
  {
   "type": "Feature",
   "properties": {
    "id": "33.28.03",
    "r0": 48,
    "c0": 135,
    "r1": 50,
    "c1": 141
   },
   "geometry": {
    "type": "Polygon",
    "coordinates": [
     [
      [
       135,
       48
      ],
      [
       142,
       48
      ],
      [
       142,
       51
      ],
      [
       135,
       51
      ],
      [
       135,
       48
      ]
     ]
    ]
   }
  },
  {
   "type": "Feature",
   "properties": {
    "id": "33.28.18",
    "r0": 51,
    "c0": 135,
    "r1": 55,
    "c1": 136
   },
   "geometry": {
    "type": "Polygon",
    "coordinates": [
     [
      [
       135,
       51
      ],
      [
       137,
       51
      ],
      [
       137,
       56
      ],
      [
       135,
       56
      ],
      [
       135,
       51
      ]
     ]
    ]
   }
  },
  {
   "type": "Feature",
   "properties": {
    "id": "33.28.09",
    "r0": 51,
    "c0": 137,
    "r1": 55,
    "c1": 141
   },
   "geometry": {
    "type": "Polygon",
    "coordinates": [
     [
      [
       137,
       51
      ],
      [
       142,
       51
      ],
      [
       142,
       56
      ],
      [
       137,
       56
      ],
      [
       137,
       51
      ]
     ]
    ]
   }
  },
  {
   "type": "Feature",
   "properties": {
    "id": "33.28.01",
    "r0": 56,
    "c0": 135,
    "r1": 59,
    "c1": 139
   },
   "geometry": {
    "type": "Polygon",
    "coordinates": [
     [
      [
       135,
       56
      ],
      [
       140,
       56
      ],
      [
       140,
       60
      ],
      [
       135,
       60
      ],
      [
       135,
       56
      ]
     ]
    ]
   }
  },
  {
   "type": "Feature",
   "properties": {
    "id": "33.28.08",
    "r0": 56,
    "c0": 140,
    "r1": 59,
    "c1": 141
   },
   "geometry": {
    "type": "Polygon",
    "coordinates": [
     [
      [
       140,
       56
      ],
      [
       142,
       56
      ],
      [
       142,
       60
      ],
      [
       140,
       60
      ],
      [
       140,
       56
      ]
     ]
    ]
   }
  },
  {
   "type": "Feature",
   "properties": {
    "id": "33.28.10",
    "r0": 60,
    "c0": 135,
    "r1": 63,
    "c1": 137
   },
   "geometry": {
    "type": "Polygon",
    "coordinates": [
     [
      [
       135,
       60
      ],
      [
       138,
       60
      ],
      [
       138,
       64
      ],
      [
       135,
       64
      ],
      [
       135,
       60
      ]
     ]
    ]
   }
  },
  {
   "type": "Feature",
   "properties": {
    "id": "33.28.05",
    "r0": 60,
    "c0": 138,
    "r1": 63,
    "c1": 141
   },
   "geometry": {
    "type": "Polygon",
    "coordinates": [
     [
      [
       138,
       60
      ],
      [
       142,
       60
      ],
      [
       142,
       64
      ],
      [
       138,
       64
      ],
      [
       138,
       60
      ]
     ]
    ]
   }
  },
  {
   "type": "Feature",
   "properties": {
    "id": "33.22",
    "r0": 0,
    "c0": 142,
    "r1": 12,
    "c1": 167
   },
   "geometry": {
    "type": "Polygon",
    "coordinates": [
     [
      [
       142,
       0
      ],
      [
       168,
       0
      ],
      [
       168,
       13
      ],
      [
       142,
       13
      ],
      [
       142,
       0
      ]
     ]
    ]
   }
  },
  {
   "type": "Feature",
   "properties": {
    "id": "33.22.11",
    "r0": 0,
    "c0": 142,
    "r1": 6,
    "c1": 143
   },
   "geometry": {
    "type": "Polygon",
    "coordinates": [
     [
      [
       142,
       0
      ],
      [
       144,
       0
      ],
      [
       144,
       7
      ],
      [
       142,
       7
      ],
      [
       142,
       0
      ]
     ]
    ]
   }
  },
  {
   "type": "Feature",
   "properties": {
    "id": "33.22.03",
    "r0": 0,
    "c0": 144,
    "r1": 3,
    "c1": 148
   },
   "geometry": {
    "type": "Polygon",
    "coordinates": [
     [
      [
       144,
       0
      ],
      [
       149,
       0
      ],
      [
       149,
       4
      ],
      [
       144,
       4
      ],
      [
       144,
       0
      ]
     ]
    ]
   }
  },
  {
   "type": "Feature",
   "properties": {
    "id": "33.22.16",
    "r0": 4,
    "c0": 144,
    "r1": 6,
    "c1": 148
   },
   "geometry": {
    "type": "Polygon",
    "coordinates": [
     [
      [
       144,
       4
      ],
      [
       149,
       4
      ],
      [
       149,
       7
      ],
      [
       144,
       7
      ],
      [
       144,
       4
      ]
     ]
    ]
   }
  },
  {
   "type": "Feature",
   "properties": {
    "id": "33.22.18",
    "r0": 7,
    "c0": 142,
    "r1": 12,
    "c1": 144
   },
   "geometry": {
    "type": "Polygon",
    "coordinates": [
     [
      [
       142,
       7
      ],
      [
       145,
       7
      ],
      [
       145,
       13
      ],
      [
       142,
       13
      ],
      [
       142,
       7
      ]
     ]
    ]
   }
  },
  {
   "type": "Feature",
   "properties": {
    "id": "33.22.12",
    "r0": 7,
    "c0": 145,
    "r1": 12,
    "c1": 148
   },
   "geometry": {
    "type": "Polygon",
    "coordinates": [
     [
      [
       145,
       7
      ],
      [
       149,
       7
      ],
      [
       149,
       13
      ],
      [
       145,
       13
      ],
      [
       145,
       7
      ]
     ]
    ]
   }
  },
  {
   "type": "Feature",
   "properties": {
    "id": "33.22.20",
    "r0": 0,
    "c0": 149,
    "r1": 1,
    "c1": 154
   },
   "geometry": {
    "type": "Polygon",
    "coordinates": [
     [
      [
       149,
       0
      ],
      [
       155,
       0
      ],
      [
       155,
       2
      ],
      [
       149,
       2
      ],
      [
       149,
       0
      ]
     ]
    ]
   }
  },
  {
   "type": "Feature",
   "properties": {
    "id": "33.22.07",
    "r0": 2,
    "c0": 149,
    "r1": 6,
    "c1": 151
   },
   "geometry": {
    "type": "Polygon",
    "coordinates": [
     [
      [
       149,
       2
      ],
      [
       152,
       2
      ],
      [
       152,
       7
      ],
      [
       149,
       7
      ],
      [
       149,
       2
      ]
     ]
    ]
   }
  },
  {
   "type": "Feature",
   "properties": {
    "id": "33.22.10",
    "r0": 2,
    "c0": 152,
    "r1": 6,
    "c1": 154
   },
   "geometry": {
    "type": "Polygon",
    "coordinates": [
     [
      [
       152,
       2
      ],
      [
       155,
       2
      ],
      [
       155,
       7
      ],
      [
       152,
       7
      ],
      [
       152,
       2
      ]
     ]
    ]
   }
  },
  {
   "type": "Feature",
   "properties": {
    "id": "33.22.02",
    "r0": 7,
    "c0": 149,
    "r1": 12,
    "c1": 151
   },
   "geometry": {
    "type": "Polygon",
    "coordinates": [
     [
      [
       149,
       7
      ],
      [
       152,
       7
      ],
      [
       152,
       13
      ],
      [
       149,
       13
      ],
      [
       149,
       7
      ]
     ]
    ]
   }
  },
  {
   "type": "Feature",
   "properties": {
    "id": "33.22.01",
    "r0": 7,
    "c0": 152,
    "r1": 12,
    "c1": 154
   },
   "geometry": {
    "type": "Polygon",
    "coordinates": [
     [
      [
       152,
       7
      ],
      [
       155,
       7
      ],
      [
       155,
       13
      ],
      [
       152,
       13
      ],
      [
       152,
       7
      ]
     ]
    ]
   }
  },
  {
   "type": "Feature",
   "properties": {
    "id": "33.22.08",
    "r0": 0,
    "c0": 155,
    "r1": 2,
    "c1": 160
   },
   "geometry": {
    "type": "Polygon",
    "coordinates": [
     [
      [
       155,
       0
      ],
      [
       161,
       0
      ],
      [
       161,
       3
      ],
      [
       155,
       3
      ],
      [
       155,
       0
      ]
     ]
    ]
   }
  },
  {
   "type": "Feature",
   "properties": {
    "id": "33.22.05",
    "r0": 3,
    "c0": 155,
    "r1": 6,
    "c1": 160
   },
   "geometry": {
    "type": "Polygon",
    "coordinates": [
     [
      [
       155,
       3
      ],
      [
       161,
       3
      ],
      [
       161,
       7
      ],
      [
       155,
       7
      ],
      [
       155,
       3
      ]
     ]
    ]
   }
  },
  {
   "type": "Feature",
   "properties": {
    "id": "33.22.19",
    "r0": 7,
    "c0": 155,
    "r1": 12,
    "c1": 156
   },
   "geometry": {
    "type": "Polygon",
    "coordinates": [
     [
      [
       155,
       7
      ],
      [
       157,
       7
      ],
      [
       157,
       13
      ],
      [
       155,
       13
      ],
      [
       155,
       7
      ]
     ]
    ]
   }
  },
  {
   "type": "Feature",
   "properties": {
    "id": "33.22.04",
    "r0": 7,
    "c0": 157,
    "r1": 12,
    "c1": 160
   },
   "geometry": {
    "type": "Polygon",
    "coordinates": [
     [
      [
       157,
       7
      ],
      [
       161,
       7
      ],
      [
       161,
       13
      ],
      [
       157,
       13
      ],
      [
       157,
       7
      ]
     ]
    ]
   }
  },
  {
   "type": "Feature",
   "properties": {
    "id": "33.22.13",
    "r0": 0,
    "c0": 161,
    "r1": 5,
    "c1": 163
   },
   "geometry": {
    "type": "Polygon",
    "coordinates": [
     [
      [
       161,
       0
      ],
      [
       164,
       0
      ],
      [
       164,
       6
      ],
      [
       161,
       6
      ],
      [
       161,
       0
      ]
     ]
    ]
   }
  },
  {
   "type": "Feature",
   "properties": {
    "id": "33.22.09",
    "r0": 0,
    "c0": 164,
    "r1": 5,
    "c1": 167
   },
   "geometry": {
    "type": "Polygon",
    "coordinates": [
     [
      [
       164,
       0
      ],
      [
       168,
       0
      ],
      [
       168,
       6
      ],
      [
       164,
       6
      ],
      [
       164,
       0
      ]
     ]
    ]
   }
  },
  {
   "type": "Feature",
   "properties": {
    "id": "33.22.06",
    "r0": 6,
    "c0": 161,
    "r1": 12,
    "c1": 163
   },
   "geometry": {
    "type": "Polygon",
    "coordinates": [
     [
      [
       161,
       6
      ],
      [
       164,
       6
      ],
      [
       164,
       13
      ],
      [
       161,
       13
      ],
      [
       161,
       6
      ]
     ]
    ]
   }
  },
  {
   "type": "Feature",
   "properties": {
    "id": "33.22.15",
    "r0": 6,
    "c0": 164,
    "r1": 8,
    "c1": 167
   },
   "geometry": {
    "type": "Polygon",
    "coordinates": [
     [
      [
       164,
       6
      ],
      [
       168,
       6
      ],
      [
       168,
       9
      ],
      [
       164,
       9
      ],
      [
       164,
       6
      ]
     ]
    ]
   }
  },
  {
   "type": "Feature",
   "properties": {
    "id": "33.22.17",
    "r0": 9,
    "c0": 164,
    "r1": 12,
    "c1": 167
   },
   "geometry": {
    "type": "Polygon",
    "coordinates": [
     [
      [
       164,
       9
      ],
      [
       168,
       9
      ],
      [
       168,
       13
      ],
      [
       164,
       13
      ],
      [
       164,
       9
      ]
     ]
    ]
   }
  },
  {
   "type": "Feature",
   "properties": {
    "id": "33.23",
    "r0": 13,
    "c0": 142,
    "r1": 30,
    "c1": 163
   },
   "geometry": {
    "type": "Polygon",
    "coordinates": [
     [
      [
       142,
       13
      ],
      [
       164,
       13
      ],
      [
       164,
       31
      ],
      [
       142,
       31
      ],
      [
       142,
       13
      ]
     ]
    ]
   }
  },
  {
   "type": "Feature",
   "properties": {
    "id": "33.23.13",
    "r0": 13,
    "c0": 142,
    "r1": 16,
    "c1": 146
   },
   "geometry": {
    "type": "Polygon",
    "coordinates": [
     [
      [
       142,
       13
      ],
      [
       147,
       13
      ],
      [
       147,
       17
      ],
      [
       142,
       17
      ],
      [
       142,
       13
      ]
     ]
    ]
   }
  },
  {
   "type": "Feature",
   "properties": {
    "id": "33.23.08",
    "r0": 17,
    "c0": 142,
    "r1": 21,
    "c1": 146
   },
   "geometry": {
    "type": "Polygon",
    "coordinates": [
     [
      [
       142,
       17
      ],
      [
       147,
       17
      ],
      [
       147,
       22
      ],
      [
       142,
       22
      ],
      [
       142,
       17
      ]
     ]
    ]
   }
  },
  {
   "type": "Feature",
   "properties": {
    "id": "33.23.15",
    "r0": 13,
    "c0": 147,
    "r1": 15,
    "c1": 152
   },
   "geometry": {
    "type": "Polygon",
    "coordinates": [
     [
      [
       147,
       13
      ],
      [
       153,
       13
      ],
      [
       153,
       16
      ],
      [
       147,
       16
      ],
      [
       147,
       13
      ]
     ]
    ]
   }
  },
  {
   "type": "Feature",
   "properties": {
    "id": "33.23.06",
    "r0": 16,
    "c0": 147,
    "r1": 21,
    "c1": 149
   },
   "geometry": {
    "type": "Polygon",
    "coordinates": [
     [
      [
       147,
       16
      ],
      [
       150,
       16
      ],
      [
       150,
       22
      ],
      [
       147,
       22
      ],
      [
       147,
       16
      ]
     ]
    ]
   }
  },
  {
   "type": "Feature",
   "properties": {
    "id": "33.23.14",
    "r0": 16,
    "c0": 150,
    "r1": 21,
    "c1": 152
   },
   "geometry": {
    "type": "Polygon",
    "coordinates": [
     [
      [
       150,
       16
      ],
      [
       153,
       16
      ],
      [
       153,
       22
      ],
      [
       150,
       22
      ],
      [
       150,
       16
      ]
     ]
    ]
   }
  },
  {
   "type": "Feature",
   "properties": {
    "id": "33.23.16",
    "r0": 22,
    "c0": 142,
    "r1": 24,
    "c1": 147
   },
   "geometry": {
    "type": "Polygon",
    "coordinates": [
     [
      [
       142,
       22
      ],
      [
       148,
       22
      ],
      [
       148,
       25
      ],
      [
       142,
       25
      ],
      [
       142,
       22
      ]
     ]
    ]
   }
  },
  {
   "type": "Feature",
   "properties": {
    "id": "33.23.02",
    "r0": 25,
    "c0": 142,
    "r1": 30,
    "c1": 144
   },
   "geometry": {
    "type": "Polygon",
    "coordinates": [
     [
      [
       142,
       25
      ],
      [
       145,
       25
      ],
      [
       145,
       31
      ],
      [
       142,
       31
      ],
      [
       142,
       25
      ]
     ]
    ]
   }
  },
  {
   "type": "Feature",
   "properties": {
    "id": "33.23.20",
    "r0": 25,
    "c0": 145,
    "r1": 30,
    "c1": 147
   },
   "geometry": {
    "type": "Polygon",
    "coordinates": [
     [
      [
       145,
       25
      ],
      [
       148,
       25
      ],
      [
       148,
       31
      ],
      [
       145,
       31
      ],
      [
       145,
       25
      ]
     ]
    ]
   }
  },
  {
   "type": "Feature",
   "properties": {
    "id": "33.23.07",
    "r0": 22,
    "c0": 148,
    "r1": 25,
    "c1": 152
   },
   "geometry": {
    "type": "Polygon",
    "coordinates": [
     [
      [
       148,
       22
      ],
      [
       153,
       22
      ],
      [
       153,
       26
      ],
      [
       148,
       26
      ],
      [
       148,
       22
      ]
     ]
    ]
   }
  },
  {
   "type": "Feature",
   "properties": {
    "id": "33.23.09",
    "r0": 26,
    "c0": 148,
    "r1": 30,
    "c1": 152
   },
   "geometry": {
    "type": "Polygon",
    "coordinates": [
     [
      [
       148,
       26
      ],
      [
       153,
       26
      ],
      [
       153,
       31
      ],
      [
       148,
       31
      ],
      [
       148,
       26
      ]
     ]
    ]
   }
  },
  {
   "type": "Feature",
   "properties": {
    "id": "33.23.18",
    "r0": 13,
    "c0": 153,
    "r1": 16,
    "c1": 157
   },
   "geometry": {
    "type": "Polygon",
    "coordinates": [
     [
      [
       153,
       13
      ],
      [
       158,
       13
      ],
      [
       158,
       17
      ],
      [
       153,
       17
      ],
      [
       153,
       13
      ]
     ]
    ]
   }
  },
  {
   "type": "Feature",
   "properties": {
    "id": "33.23.01",
    "r0": 17,
    "c0": 153,
    "r1": 21,
    "c1": 157
   },
   "geometry": {
    "type": "Polygon",
    "coordinates": [
     [
      [
       153,
       17
      ],
      [
       158,
       17
      ],
      [
       158,
       22
      ],
      [
       153,
       22
      ],
      [
       153,
       17
      ]
     ]
    ]
   }
  },
  {
   "type": "Feature",
   "properties": {
    "id": "33.23.12",
    "r0": 13,
    "c0": 158,
    "r1": 15,
    "c1": 163
   },
   "geometry": {
    "type": "Polygon",
    "coordinates": [
     [
      [
       158,
       13
      ],
      [
       164,
       13
      ],
      [
       164,
       16
      ],
      [
       158,
       16
      ],
      [
       158,
       13
      ]
     ]
    ]
   }
  },
  {
   "type": "Feature",
   "properties": {
    "id": "33.23.03",
    "r0": 16,
    "c0": 158,
    "r1": 21,
    "c1": 163
   },
   "geometry": {
    "type": "Polygon",
    "coordinates": [
     [
      [
       158,
       16
      ],
      [
       164,
       16
      ],
      [
       164,
       22
      ],
      [
       158,
       22
      ],
      [
       158,
       16
      ]
     ]
    ]
   }
  },
  {
   "type": "Feature",
   "properties": {
    "id": "33.23.10",
    "r0": 22,
    "c0": 153,
    "r1": 24,
    "c1": 157
   },
   "geometry": {
    "type": "Polygon",
    "coordinates": [
     [
      [
       153,
       22
      ],
      [
       158,
       22
      ],
      [
       158,
       25
      ],
      [
       153,
       25
      ],
      [
       153,
       22
      ]
     ]
    ]
   }
  },
  {
   "type": "Feature",
   "properties": {
    "id": "33.23.17",
    "r0": 25,
    "c0": 153,
    "r1": 27,
    "c1": 157
   },
   "geometry": {
    "type": "Polygon",
    "coordinates": [
     [
      [
       153,
       25
      ],
      [
       158,
       25
      ],
      [
       158,
       28
      ],
      [
       153,
       28
      ],
      [
       153,
       25
      ]
     ]
    ]
   }
  },
  {
   "type": "Feature",
   "properties": {
    "id": "33.23.11",
    "r0": 28,
    "c0": 153,
    "r1": 30,
    "c1": 157
   },
   "geometry": {
    "type": "Polygon",
    "coordinates": [
     [
      [
       153,
       28
      ],
      [
       158,
       28
      ],
      [
       158,
       31
      ],
      [
       153,
       31
      ],
      [
       153,
       28
      ]
     ]
    ]
   }
  },
  {
   "type": "Feature",
   "properties": {
    "id": "33.23.19",
    "r0": 22,
    "c0": 158,
    "r1": 27,
    "c1": 160
   },
   "geometry": {
    "type": "Polygon",
    "coordinates": [
     [
      [
       158,
       22
      ],
      [
       161,
       22
      ],
      [
       161,
       28
      ],
      [
       158,
       28
      ],
      [
       158,
       22
      ]
     ]
    ]
   }
  },
  {
   "type": "Feature",
   "properties": {
    "id": "33.23.05",
    "r0": 22,
    "c0": 161,
    "r1": 27,
    "c1": 163
   },
   "geometry": {
    "type": "Polygon",
    "coordinates": [
     [
      [
       161,
       22
      ],
      [
       164,
       22
      ],
      [
       164,
       28
      ],
      [
       161,
       28
      ],
      [
       161,
       22
      ]
     ]
    ]
   }
  },
  {
   "type": "Feature",
   "properties": {
    "id": "33.23.04",
    "r0": 28,
    "c0": 158,
    "r1": 30,
    "c1": 163
   },
   "geometry": {
    "type": "Polygon",
    "coordinates": [
     [
      [
       158,
       28
      ],
      [
       164,
       28
      ],
      [
       164,
       31
      ],
      [
       158,
       31
      ],
      [
       158,
       28
      ]
     ]
    ]
   }
  },
  {
   "type": "Feature",
   "properties": {
    "id": "33.21",
    "r0": 13,
    "c0": 164,
    "r1": 30,
    "c1": 167
   },
   "geometry": {
    "type": "Polygon",
    "coordinates": [
     [
      [
       164,
       13
      ],
      [
       168,
       13
      ],
      [
       168,
       31
      ],
      [
       164,
       31
      ],
      [
       164,
       13
      ]
     ]
    ]
   }
  },
  {
   "type": "Feature",
   "properties": {
    "id": "33.21.03",
    "r0": 13,
    "c0": 164,
    "r1": 18,
    "c1": 167
   },
   "geometry": {
    "type": "Polygon",
    "coordinates": [
     [
      [
       164,
       13
      ],
      [
       168,
       13
      ],
      [
       168,
       19
      ],
      [
       164,
       19
      ],
      [
       164,
       13
      ]
     ]
    ]
   }
  },
  {
   "type": "Feature",
   "properties": {
    "id": "33.21.01",
    "r0": 19,
    "c0": 164,
    "r1": 24,
    "c1": 167
   },
   "geometry": {
    "type": "Polygon",
    "coordinates": [
     [
      [
       164,
       19
      ],
      [
       168,
       19
      ],
      [
       168,
       25
      ],
      [
       164,
       25
      ],
      [
       164,
       19
      ]
     ]
    ]
   }
  },
  {
   "type": "Feature",
   "properties": {
    "id": "33.21.02",
    "r0": 25,
    "c0": 164,
    "r1": 28,
    "c1": 167
   },
   "geometry": {
    "type": "Polygon",
    "coordinates": [
     [
      [
       164,
       25
      ],
      [
       168,
       25
      ],
      [
       168,
       29
      ],
      [
       164,
       29
      ],
      [
       164,
       25
      ]
     ]
    ]
   }
  },
  {
   "type": "Feature",
   "properties": {
    "id": "33.21.04",
    "r0": 29,
    "c0": 164,
    "r1": 30,
    "c1": 167
   },
   "geometry": {
    "type": "Polygon",
    "coordinates": [
     [
      [
       164,
       29
      ],
      [
       168,
       29
      ],
      [
       168,
       31
      ],
      [
       164,
       31
      ],
      [
       164,
       29
      ]
     ]
    ]
   }
  },
  {
   "type": "Feature",
   "properties": {
    "id": "33.09",
    "r0": 0,
    "c0": 168,
    "r1": 21,
    "c1": 175
   },
   "geometry": {
    "type": "Polygon",
    "coordinates": [
     [
      [
       168,
       0
      ],
      [
       176,
       0
      ],
      [
       176,
       22
      ],
      [
       168,
       22
      ],
      [
       168,
       0
      ]
     ]
    ]
   }
  },
  {
   "type": "Feature",
   "properties": {
    "id": "33.09.03",
    "r0": 0,
    "c0": 168,
    "r1": 3,
    "c1": 171
   },
   "geometry": {
    "type": "Polygon",
    "coordinates": [
     [
      [
       168,
       0
      ],
      [
       172,
       0
      ],
      [
       172,
       4
      ],
      [
       168,
       4
      ],
      [
       168,
       0
      ]
     ]
    ]
   }
  },
  {
   "type": "Feature",
   "properties": {
    "id": "33.09.05",
    "r0": 0,
    "c0": 172,
    "r1": 3,
    "c1": 174
   },
   "geometry": {
    "type": "Polygon",
    "coordinates": [
     [
      [
       172,
       0
      ],
      [
       175,
       0
      ],
      [
       175,
       4
      ],
      [
       172,
       4
      ],
      [
       172,
       0
      ]
     ]
    ]
   }
  },
  {
   "type": "Feature",
   "properties": {
    "id": "33.09.18",
    "r0": 0,
    "c0": 175,
    "r1": 3,
    "c1": 175
   },
   "geometry": {
    "type": "Polygon",
    "coordinates": [
     [
      [
       175,
       0
      ],
      [
       176,
       0
      ],
      [
       176,
       4
      ],
      [
       175,
       4
      ],
      [
       175,
       0
      ]
     ]
    ]
   }
  },
  {
   "type": "Feature",
   "properties": {
    "id": "33.09.07",
    "r0": 4,
    "c0": 168,
    "r1": 9,
    "c1": 170
   },
   "geometry": {
    "type": "Polygon",
    "coordinates": [
     [
      [
       168,
       4
      ],
      [
       171,
       4
      ],
      [
       171,
       10
      ],
      [
       168,
       10
      ],
      [
       168,
       4
      ]
     ]
    ]
   }
  },
  {
   "type": "Feature",
   "properties": {
    "id": "33.09.14",
    "r0": 4,
    "c0": 171,
    "r1": 6,
    "c1": 175
   },
   "geometry": {
    "type": "Polygon",
    "coordinates": [
     [
      [
       171,
       4
      ],
      [
       176,
       4
      ],
      [
       176,
       7
      ],
      [
       171,
       7
      ],
      [
       171,
       4
      ]
     ]
    ]
   }
  },
  {
   "type": "Feature",
   "properties": {
    "id": "33.09.02",
    "r0": 7,
    "c0": 171,
    "r1": 9,
    "c1": 174
   },
   "geometry": {
    "type": "Polygon",
    "coordinates": [
     [
      [
       171,
       7
      ],
      [
       175,
       7
      ],
      [
       175,
       10
      ],
      [
       171,
       10
      ],
      [
       171,
       7
      ]
     ]
    ]
   }
  },
  {
   "type": "Feature",
   "properties": {
    "id": "33.09.09",
    "r0": 7,
    "c0": 175,
    "r1": 9,
    "c1": 175
   },
   "geometry": {
    "type": "Polygon",
    "coordinates": [
     [
      [
       175,
       7
      ],
      [
       176,
       7
      ],
      [
       176,
       10
      ],
      [
       175,
       10
      ],
      [
       175,
       7
      ]
     ]
    ]
   }
  },
  {
   "type": "Feature",
   "properties": {
    "id": "33.09.06",
    "r0": 10,
    "c0": 168,
    "r1": 12,
    "c1": 172
   },
   "geometry": {
    "type": "Polygon",
    "coordinates": [
     [
      [
       168,
       10
      ],
      [
       173,
       10
      ],
      [
       173,
       13
      ],
      [
       168,
       13
      ],
      [
       168,
       10
      ]
     ]
    ]
   }
  },
  {
   "type": "Feature",
   "properties": {
    "id": "33.09.20",
    "r0": 13,
    "c0": 168,
    "r1": 15,
    "c1": 172
   },
   "geometry": {
    "type": "Polygon",
    "coordinates": [
     [
      [
       168,
       13
      ],
      [
       173,
       13
      ],
      [
       173,
       16
      ],
      [
       168,
       16
      ],
      [
       168,
       13
      ]
     ]
    ]
   }
  },
  {
   "type": "Feature",
   "properties": {
    "id": "33.09.10",
    "r0": 10,
    "c0": 173,
    "r1": 11,
    "c1": 175
   },
   "geometry": {
    "type": "Polygon",
    "coordinates": [
     [
      [
       173,
       10
      ],
      [
       176,
       10
      ],
      [
       176,
       12
      ],
      [
       173,
       12
      ],
      [
       173,
       10
      ]
     ]
    ]
   }
  },
  {
   "type": "Feature",
   "properties": {
    "id": "33.09.04",
    "r0": 12,
    "c0": 173,
    "r1": 15,
    "c1": 175
   },
   "geometry": {
    "type": "Polygon",
    "coordinates": [
     [
      [
       173,
       12
      ],
      [
       176,
       12
      ],
      [
       176,
       16
      ],
      [
       173,
       16
      ],
      [
       173,
       12
      ]
     ]
    ]
   }
  },
  {
   "type": "Feature",
   "properties": {
    "id": "33.09.21",
    "r0": 16,
    "c0": 168,
    "r1": 18,
    "c1": 171
   },
   "geometry": {
    "type": "Polygon",
    "coordinates": [
     [
      [
       168,
       16
      ],
      [
       172,
       16
      ],
      [
       172,
       19
      ],
      [
       168,
       19
      ],
      [
       168,
       16
      ]
     ]
    ]
   }
  },
  {
   "type": "Feature",
   "properties": {
    "id": "33.09.22",
    "r0": 19,
    "c0": 168,
    "r1": 21,
    "c1": 171
   },
   "geometry": {
    "type": "Polygon",
    "coordinates": [
     [
      [
       168,
       19
      ],
      [
       172,
       19
      ],
      [
       172,
       22
      ],
      [
       168,
       22
      ],
      [
       168,
       19
      ]
     ]
    ]
   }
  },
  {
   "type": "Feature",
   "properties": {
    "id": "33.09.13",
    "r0": 16,
    "c0": 172,
    "r1": 16,
    "c1": 175
   },
   "geometry": {
    "type": "Polygon",
    "coordinates": [
     [
      [
       172,
       16
      ],
      [
       176,
       16
      ],
      [
       176,
       17
      ],
      [
       172,
       17
      ],
      [
       172,
       16
      ]
     ]
    ]
   }
  },
  {
   "type": "Feature",
   "properties": {
    "id": "33.09.01",
    "r0": 17,
    "c0": 172,
    "r1": 20,
    "c1": 175
   },
   "geometry": {
    "type": "Polygon",
    "coordinates": [
     [
      [
       172,
       17
      ],
      [
       176,
       17
      ],
      [
       176,
       21
      ],
      [
       172,
       21
      ],
      [
       172,
       17
      ]
     ]
    ]
   }
  },
  {
   "type": "Feature",
   "properties": {
    "id": "33.09.08",
    "r0": 21,
    "c0": 172,
    "r1": 21,
    "c1": 175
   },
   "geometry": {
    "type": "Polygon",
    "coordinates": [
     [
      [
       172,
       21
      ],
      [
       176,
       21
      ],
      [
       176,
       22
      ],
      [
       172,
       22
      ],
      [
       172,
       21
      ]
     ]
    ]
   }
  },
  {
   "type": "Feature",
   "properties": {
    "id": "33.10",
    "r0": 0,
    "c0": 176,
    "r1": 21,
    "c1": 192
   },
   "geometry": {
    "type": "Polygon",
    "coordinates": [
     [
      [
       176,
       0
      ],
      [
       193,
       0
      ],
      [
       193,
       22
      ],
      [
       176,
       22
      ],
      [
       176,
       0
      ]
     ]
    ]
   }
  },
  {
   "type": "Feature",
   "properties": {
    "id": "33.10.08",
    "r0": 0,
    "c0": 176,
    "r1": 4,
    "c1": 180
   },
   "geometry": {
    "type": "Polygon",
    "coordinates": [
     [
      [
       176,
       0
      ],
      [
       181,
       0
      ],
      [
       181,
       5
      ],
      [
       176,
       5
      ],
      [
       176,
       0
      ]
     ]
    ]
   }
  },
  {
   "type": "Feature",
   "properties": {
    "id": "33.10.21",
    "r0": 0,
    "c0": 181,
    "r1": 4,
    "c1": 183
   },
   "geometry": {
    "type": "Polygon",
    "coordinates": [
     [
      [
       181,
       0
      ],
      [
       184,
       0
      ],
      [
       184,
       5
      ],
      [
       181,
       5
      ],
      [
       181,
       0
      ]
     ]
    ]
   }
  },
  {
   "type": "Feature",
   "properties": {
    "id": "33.10.20",
    "r0": 5,
    "c0": 176,
    "r1": 10,
    "c1": 180
   },
   "geometry": {
    "type": "Polygon",
    "coordinates": [
     [
      [
       176,
       5
      ],
      [
       181,
       5
      ],
      [
       181,
       11
      ],
      [
       176,
       11
      ],
      [
       176,
       5
      ]
     ]
    ]
   }
  },
  {
   "type": "Feature",
   "properties": {
    "id": "33.10.10",
    "r0": 5,
    "c0": 181,
    "r1": 10,
    "c1": 183
   },
   "geometry": {
    "type": "Polygon",
    "coordinates": [
     [
      [
       181,
       5
      ],
      [
       184,
       5
      ],
      [
       184,
       11
      ],
      [
       181,
       11
      ],
      [
       181,
       5
      ]
     ]
    ]
   }
  },
  {
   "type": "Feature",
   "properties": {
    "id": "33.10.04",
    "r0": 0,
    "c0": 184,
    "r1": 4,
    "c1": 187
   },
   "geometry": {
    "type": "Polygon",
    "coordinates": [
     [
      [
       184,
       0
      ],
      [
       188,
       0
      ],
      [
       188,
       5
      ],
      [
       184,
       5
      ],
      [
       184,
       0
      ]
     ]
    ]
   }
  },
  {
   "type": "Feature",
   "properties": {
    "id": "33.10.25",
    "r0": 0,
    "c0": 188,
    "r1": 4,
    "c1": 190
   },
   "geometry": {
    "type": "Polygon",
    "coordinates": [
     [
      [
       188,
       0
      ],
      [
       191,
       0
      ],
      [
       191,
       5
      ],
      [
       188,
       5
      ],
      [
       188,
       0
      ]
     ]
    ]
   }
  },
  {
   "type": "Feature",
   "properties": {
    "id": "33.10.24",
    "r0": 0,
    "c0": 191,
    "r1": 4,
    "c1": 192
   },
   "geometry": {
    "type": "Polygon",
    "coordinates": [
     [
      [
       191,
       0
      ],
      [
       193,
       0
      ],
      [
       193,
       5
      ],
      [
       191,
       5
      ],
      [
       191,
       0
      ]
     ]
    ]
   }
  },
  {
   "type": "Feature",
   "properties": {
    "id": "33.10.09",
    "r0": 5,
    "c0": 184,
    "r1": 10,
    "c1": 187
   },
   "geometry": {
    "type": "Polygon",
    "coordinates": [
     [
      [
       184,
       5
      ],
      [
       188,
       5
      ],
      [
       188,
       11
      ],
      [
       184,
       11
      ],
      [
       184,
       5
      ]
     ]
    ]
   }
  },
  {
   "type": "Feature",
   "properties": {
    "id": "33.10.07",
    "r0": 5,
    "c0": 188,
    "r1": 6,
    "c1": 192
   },
   "geometry": {
    "type": "Polygon",
    "coordinates": [
     [
      [
       188,
       5
      ],
      [
       193,
       5
      ],
      [
       193,
       7
      ],
      [
       188,
       7
      ],
      [
       188,
       5
      ]
     ]
    ]
   }
  },
  {
   "type": "Feature",
   "properties": {
    "id": "33.10.02",
    "r0": 7,
    "c0": 188,
    "r1": 10,
    "c1": 192
   },
   "geometry": {
    "type": "Polygon",
    "coordinates": [
     [
      [
       188,
       7
      ],
      [
       193,
       7
      ],
      [
       193,
       11
      ],
      [
       188,
       11
      ],
      [
       188,
       7
      ]
     ]
    ]
   }
  },
  {
   "type": "Feature",
   "properties": {
    "id": "33.10.19",
    "r0": 11,
    "c0": 176,
    "r1": 16,
    "c1": 179
   },
   "geometry": {
    "type": "Polygon",
    "coordinates": [
     [
      [
       176,
       11
      ],
      [
       180,
       11
      ],
      [
       180,
       17
      ],
      [
       176,
       17
      ],
      [
       176,
       11
      ]
     ]
    ]
   }
  },
  {
   "type": "Feature",
   "properties": {
    "id": "33.10.18",
    "r0": 11,
    "c0": 180,
    "r1": 16,
    "c1": 184
   },
   "geometry": {
    "type": "Polygon",
    "coordinates": [
     [
      [
       180,
       11
      ],
      [
       185,
       11
      ],
      [
       185,
       17
      ],
      [
       180,
       17
      ],
      [
       180,
       11
      ]
     ]
    ]
   }
  },
  {
   "type": "Feature",
   "properties": {
    "id": "33.10.03",
    "r0": 17,
    "c0": 176,
    "r1": 21,
    "c1": 180
   },
   "geometry": {
    "type": "Polygon",
    "coordinates": [
     [
      [
       176,
       17
      ],
      [
       181,
       17
      ],
      [
       181,
       22
      ],
      [
       176,
       22
      ],
      [
       176,
       17
      ]
     ]
    ]
   }
  },
  {
   "type": "Feature",
   "properties": {
    "id": "33.10.17",
    "r0": 17,
    "c0": 181,
    "r1": 21,
    "c1": 184
   },
   "geometry": {
    "type": "Polygon",
    "coordinates": [
     [
      [
       181,
       17
      ],
      [
       185,
       17
      ],
      [
       185,
       22
      ],
      [
       181,
       22
      ],
      [
       181,
       17
      ]
     ]
    ]
   }
  },
  {
   "type": "Feature",
   "properties": {
    "id": "33.10.01",
    "r0": 11,
    "c0": 185,
    "r1": 15,
    "c1": 188
   },
   "geometry": {
    "type": "Polygon",
    "coordinates": [
     [
      [
       185,
       11
      ],
      [
       189,
       11
      ],
      [
       189,
       16
      ],
      [
       185,
       16
      ],
      [
       185,
       11
      ]
     ]
    ]
   }
  },
  {
   "type": "Feature",
   "properties": {
    "id": "33.10.22",
    "r0": 11,
    "c0": 189,
    "r1": 15,
    "c1": 192
   },
   "geometry": {
    "type": "Polygon",
    "coordinates": [
     [
      [
       189,
       11
      ],
      [
       193,
       11
      ],
      [
       193,
       16
      ],
      [
       189,
       16
      ],
      [
       189,
       11
      ]
     ]
    ]
   }
  },
  {
   "type": "Feature",
   "properties": {
    "id": "33.10.26",
    "r0": 16,
    "c0": 185,
    "r1": 18,
    "c1": 189
   },
   "geometry": {
    "type": "Polygon",
    "coordinates": [
     [
      [
       185,
       16
      ],
      [
       190,
       16
      ],
      [
       190,
       19
      ],
      [
       185,
       19
      ],
      [
       185,
       16
      ]
     ]
    ]
   }
  },
  {
   "type": "Feature",
   "properties": {
    "id": "33.10.11",
    "r0": 19,
    "c0": 185,
    "r1": 21,
    "c1": 189
   },
   "geometry": {
    "type": "Polygon",
    "coordinates": [
     [
      [
       185,
       19
      ],
      [
       190,
       19
      ],
      [
       190,
       22
      ],
      [
       185,
       22
      ],
      [
       185,
       19
      ]
     ]
    ]
   }
  },
  {
   "type": "Feature",
   "properties": {
    "id": "33.10.23",
    "r0": 16,
    "c0": 190,
    "r1": 18,
    "c1": 192
   },
   "geometry": {
    "type": "Polygon",
    "coordinates": [
     [
      [
       190,
       16
      ],
      [
       193,
       16
      ],
      [
       193,
       19
      ],
      [
       190,
       19
      ],
      [
       190,
       16
      ]
     ]
    ]
   }
  },
  {
   "type": "Feature",
   "properties": {
    "id": "33.10.06",
    "r0": 19,
    "c0": 190,
    "r1": 21,
    "c1": 192
   },
   "geometry": {
    "type": "Polygon",
    "coordinates": [
     [
      [
       190,
       19
      ],
      [
       193,
       19
      ],
      [
       193,
       22
      ],
      [
       190,
       22
      ],
      [
       190,
       19
      ]
     ]
    ]
   }
  },
  {
   "type": "Feature",
   "properties": {
    "id": "33.74",
    "r0": 22,
    "c0": 168,
    "r1": 30,
    "c1": 192
   },
   "geometry": {
    "type": "Polygon",
    "coordinates": [
     [
      [
       168,
       22
      ],
      [
       193,
       22
      ],
      [
       193,
       31
      ],
      [
       168,
       31
      ],
      [
       168,
       22
      ]
     ]
    ]
   }
  },
  {
   "type": "Feature",
   "properties": {
    "id": "33.74.15",
    "r0": 22,
    "c0": 168,
    "r1": 26,
    "c1": 170
   },
   "geometry": {
    "type": "Polygon",
    "coordinates": [
     [
      [
       168,
       22
      ],
      [
       171,
       22
      ],
      [
       171,
       27
      ],
      [
       168,
       27
      ],
      [
       168,
       22
      ]
     ]
    ]
   }
  },
  {
   "type": "Feature",
   "properties": {
    "id": "33.74.05",
    "r0": 22,
    "c0": 171,
    "r1": 26,
    "c1": 172
   },
   "geometry": {
    "type": "Polygon",
    "coordinates": [
     [
      [
       171,
       22
      ],
      [
       173,
       22
      ],
      [
       173,
       27
      ],
      [
       171,
       27
      ],
      [
       171,
       22
      ]
     ]
    ]
   }
  },
  {
   "type": "Feature",
   "properties": {
    "id": "33.74.01",
    "r0": 27,
    "c0": 168,
    "r1": 30,
    "c1": 172
   },
   "geometry": {
    "type": "Polygon",
    "coordinates": [
     [
      [
       168,
       27
      ],
      [
       173,
       27
      ],
      [
       173,
       31
      ],
      [
       168,
       31
      ],
      [
       168,
       27
      ]
     ]
    ]
   }
  },
  {
   "type": "Feature",
   "properties": {
    "id": "33.74.11",
    "r0": 22,
    "c0": 173,
    "r1": 25,
    "c1": 176
   },
   "geometry": {
    "type": "Polygon",
    "coordinates": [
     [
      [
       173,
       22
      ],
      [
       177,
       22
      ],
      [
       177,
       26
      ],
      [
       173,
       26
      ],
      [
       173,
       22
      ]
     ]
    ]
   }
  },
  {
   "type": "Feature",
   "properties": {
    "id": "33.74.07",
    "r0": 22,
    "c0": 177,
    "r1": 25,
    "c1": 179
   },
   "geometry": {
    "type": "Polygon",
    "coordinates": [
     [
      [
       177,
       22
      ],
      [
       180,
       22
      ],
      [
       180,
       26
      ],
      [
       177,
       26
      ],
      [
       177,
       22
      ]
     ]
    ]
   }
  },
  {
   "type": "Feature",
   "properties": {
    "id": "33.74.09",
    "r0": 26,
    "c0": 173,
    "r1": 30,
    "c1": 175
   },
   "geometry": {
    "type": "Polygon",
    "coordinates": [
     [
      [
       173,
       26
      ],
      [
       176,
       26
      ],
      [
       176,
       31
      ],
      [
       173,
       31
      ],
      [
       173,
       26
      ]
     ]
    ]
   }
  },
  {
   "type": "Feature",
   "properties": {
    "id": "33.74.13",
    "r0": 26,
    "c0": 176,
    "r1": 30,
    "c1": 179
   },
   "geometry": {
    "type": "Polygon",
    "coordinates": [
     [
      [
       176,
       26
      ],
      [
       180,
       26
      ],
      [
       180,
       31
      ],
      [
       176,
       31
      ],
      [
       176,
       26
      ]
     ]
    ]
   }
  },
  {
   "type": "Feature",
   "properties": {
    "id": "33.74.14",
    "r0": 22,
    "c0": 180,
    "r1": 26,
    "c1": 182
   },
   "geometry": {
    "type": "Polygon",
    "coordinates": [
     [
      [
       180,
       22
      ],
      [
       183,
       22
      ],
      [
       183,
       27
      ],
      [
       180,
       27
      ],
      [
       180,
       22
      ]
     ]
    ]
   }
  },
  {
   "type": "Feature",
   "properties": {
    "id": "33.74.03",
    "r0": 22,
    "c0": 183,
    "r1": 26,
    "c1": 185
   },
   "geometry": {
    "type": "Polygon",
    "coordinates": [
     [
      [
       183,
       22
      ],
      [
       186,
       22
      ],
      [
       186,
       27
      ],
      [
       183,
       27
      ],
      [
       183,
       22
      ]
     ]
    ]
   }
  },
  {
   "type": "Feature",
   "properties": {
    "id": "33.74.02",
    "r0": 27,
    "c0": 180,
    "r1": 30,
    "c1": 181
   },
   "geometry": {
    "type": "Polygon",
    "coordinates": [
     [
      [
       180,
       27
      ],
      [
       182,
       27
      ],
      [
       182,
       31
      ],
      [
       180,
       31
      ],
      [
       180,
       27
      ]
     ]
    ]
   }
  },
  {
   "type": "Feature",
   "properties": {
    "id": "33.74.10",
    "r0": 27,
    "c0": 182,
    "r1": 30,
    "c1": 185
   },
   "geometry": {
    "type": "Polygon",
    "coordinates": [
     [
      [
       182,
       27
      ],
      [
       186,
       27
      ],
      [
       186,
       31
      ],
      [
       182,
       31
      ],
      [
       182,
       27
      ]
     ]
    ]
   }
  },
  {
   "type": "Feature",
   "properties": {
    "id": "33.74.08",
    "r0": 22,
    "c0": 186,
    "r1": 25,
    "c1": 187
   },
   "geometry": {
    "type": "Polygon",
    "coordinates": [
     [
      [
       186,
       22
      ],
      [
       188,
       22
      ],
      [
       188,
       26
      ],
      [
       186,
       26
      ],
      [
       186,
       22
      ]
     ]
    ]
   }
  },
  {
   "type": "Feature",
   "properties": {
    "id": "33.74.12",
    "r0": 22,
    "c0": 188,
    "r1": 25,
    "c1": 192
   },
   "geometry": {
    "type": "Polygon",
    "coordinates": [
     [
      [
       188,
       22
      ],
      [
       193,
       22
      ],
      [
       193,
       26
      ],
      [
       188,
       26
      ],
      [
       188,
       22
      ]
     ]
    ]
   }
  },
  {
   "type": "Feature",
   "properties": {
    "id": "33.74.04",
    "r0": 26,
    "c0": 186,
    "r1": 30,
    "c1": 187
   },
   "geometry": {
    "type": "Polygon",
    "coordinates": [
     [
      [
       186,
       26
      ],
      [
       188,
       26
      ],
      [
       188,
       31
      ],
      [
       186,
       31
      ],
      [
       186,
       26
      ]
     ]
    ]
   }
  },
  {
   "type": "Feature",
   "properties": {
    "id": "33.74.06",
    "r0": 26,
    "c0": 188,
    "r1": 30,
    "c1": 190
   },
   "geometry": {
    "type": "Polygon",
    "coordinates": [
     [
      [
       188,
       26
      ],
      [
       191,
       26
      ],
      [
       191,
       31
      ],
      [
       188,
       31
      ],
      [
       188,
       26
      ]
     ]
    ]
   }
  },
  {
   "type": "Feature",
   "properties": {
    "id": "33.74.16",
    "r0": 26,
    "c0": 191,
    "r1": 30,
    "c1": 192
   },
   "geometry": {
    "type": "Polygon",
    "coordinates": [
     [
      [
       191,
       26
      ],
      [
       193,
       26
      ],
      [
       193,
       31
      ],
      [
       191,
       31
      ],
      [
       191,
       26
      ]
     ]
    ]
   }
  },
  {
   "type": "Feature",
   "properties": {
    "id": "33.24",
    "r0": 31,
    "c0": 142,
    "r1": 49,
    "c1": 154
   },
   "geometry": {
    "type": "Polygon",
    "coordinates": [
     [
      [
       142,
       31
      ],
      [
       155,
       31
      ],
      [
       155,
       50
      ],
      [
       142,
       50
      ],
      [
       142,
       31
      ]
     ]
    ]
   }
  },
  {
   "type": "Feature",
   "properties": {
    "id": "33.24.02",
    "r0": 31,
    "c0": 142,
    "r1": 33,
    "c1": 147
   },
   "geometry": {
    "type": "Polygon",
    "coordinates": [
     [
      [
       142,
       31
      ],
      [
       148,
       31
      ],
      [
       148,
       34
      ],
      [
       142,
       34
      ],
      [
       142,
       31
      ]
     ]
    ]
   }
  },
  {
   "type": "Feature",
   "properties": {
    "id": "33.24.07",
    "r0": 34,
    "c0": 142,
    "r1": 37,
    "c1": 147
   },
   "geometry": {
    "type": "Polygon",
    "coordinates": [
     [
      [
       142,
       34
      ],
      [
       148,
       34
      ],
      [
       148,
       38
      ],
      [
       142,
       38
      ],
      [
       142,
       34
      ]
     ]
    ]
   }
  },
  {
   "type": "Feature",
   "properties": {
    "id": "33.24.05",
    "r0": 38,
    "c0": 142,
    "r1": 40,
    "c1": 147
   },
   "geometry": {
    "type": "Polygon",
    "coordinates": [
     [
      [
       142,
       38
      ],
      [
       148,
       38
      ],
      [
       148,
       41
      ],
      [
       142,
       41
      ],
      [
       142,
       38
      ]
     ]
    ]
   }
  },
  {
   "type": "Feature",
   "properties": {
    "id": "33.24.19",
    "r0": 31,
    "c0": 148,
    "r1": 35,
    "c1": 150
   },
   "geometry": {
    "type": "Polygon",
    "coordinates": [
     [
      [
       148,
       31
      ],
      [
       151,
       31
      ],
      [
       151,
       36
      ],
      [
       148,
       36
      ],
      [
       148,
       31
      ]
     ]
    ]
   }
  },
  {
   "type": "Feature",
   "properties": {
    "id": "33.24.01",
    "r0": 31,
    "c0": 151,
    "r1": 35,
    "c1": 154
   },
   "geometry": {
    "type": "Polygon",
    "coordinates": [
     [
      [
       151,
       31
      ],
      [
       155,
       31
      ],
      [
       155,
       36
      ],
      [
       151,
       36
      ],
      [
       151,
       31
      ]
     ]
    ]
   }
  },
  {
   "type": "Feature",
   "properties": {
    "id": "33.24.09",
    "r0": 36,
    "c0": 148,
    "r1": 40,
    "c1": 149
   },
   "geometry": {
    "type": "Polygon",
    "coordinates": [
     [
      [
       148,
       36
      ],
      [
       150,
       36
      ],
      [
       150,
       41
      ],
      [
       148,
       41
      ],
      [
       148,
       36
      ]
     ]
    ]
   }
  },
  {
   "type": "Feature",
   "properties": {
    "id": "33.24.03",
    "r0": 36,
    "c0": 150,
    "r1": 40,
    "c1": 154
   },
   "geometry": {
    "type": "Polygon",
    "coordinates": [
     [
      [
       150,
       36
      ],
      [
       155,
       36
      ],
      [
       155,
       41
      ],
      [
       150,
       41
      ],
      [
       150,
       36
      ]
     ]
    ]
   }
  },
  {
   "type": "Feature",
   "properties": {
    "id": "33.24.12",
    "r0": 41,
    "c0": 142,
    "r1": 44,
    "c1": 147
   },
   "geometry": {
    "type": "Polygon",
    "coordinates": [
     [
      [
       142,
       41
      ],
      [
       148,
       41
      ],
      [
       148,
       45
      ],
      [
       142,
       45
      ],
      [
       142,
       41
      ]
     ]
    ]
   }
  },
  {
   "type": "Feature",
   "properties": {
    "id": "33.24.18",
    "r0": 45,
    "c0": 142,
    "r1": 49,
    "c1": 144
   },
   "geometry": {
    "type": "Polygon",
    "coordinates": [
     [
      [
       142,
       45
      ],
      [
       145,
       45
      ],
      [
       145,
       50
      ],
      [
       142,
       50
      ],
      [
       142,
       45
      ]
     ]
    ]
   }
  },
  {
   "type": "Feature",
   "properties": {
    "id": "33.24.11",
    "r0": 45,
    "c0": 145,
    "r1": 49,
    "c1": 147
   },
   "geometry": {
    "type": "Polygon",
    "coordinates": [
     [
      [
       145,
       45
      ],
      [
       148,
       45
      ],
      [
       148,
       50
      ],
      [
       145,
       50
      ],
      [
       145,
       45
      ]
     ]
    ]
   }
  },
  {
   "type": "Feature",
   "properties": {
    "id": "33.24.04",
    "r0": 41,
    "c0": 148,
    "r1": 44,
    "c1": 152
   },
   "geometry": {
    "type": "Polygon",
    "coordinates": [
     [
      [
       148,
       41
      ],
      [
       153,
       41
      ],
      [
       153,
       45
      ],
      [
       148,
       45
      ],
      [
       148,
       41
      ]
     ]
    ]
   }
  },
  {
   "type": "Feature",
   "properties": {
    "id": "33.24.20",
    "r0": 41,
    "c0": 153,
    "r1": 44,
    "c1": 154
   },
   "geometry": {
    "type": "Polygon",
    "coordinates": [
     [
      [
       153,
       41
      ],
      [
       155,
       41
      ],
      [
       155,
       45
      ],
      [
       153,
       45
      ],
      [
       153,
       41
      ]
     ]
    ]
   }
  },
  {
   "type": "Feature",
   "properties": {
    "id": "33.24.10",
    "r0": 45,
    "c0": 148,
    "r1": 49,
    "c1": 150
   },
   "geometry": {
    "type": "Polygon",
    "coordinates": [
     [
      [
       148,
       45
      ],
      [
       151,
       45
      ],
      [
       151,
       50
      ],
      [
       148,
       50
      ],
      [
       148,
       45
      ]
     ]
    ]
   }
  },
  {
   "type": "Feature",
   "properties": {
    "id": "33.24.06",
    "r0": 45,
    "c0": 151,
    "r1": 48,
    "c1": 154
   },
   "geometry": {
    "type": "Polygon",
    "coordinates": [
     [
      [
       151,
       45
      ],
      [
       155,
       45
      ],
      [
       155,
       49
      ],
      [
       151,
       49
      ],
      [
       151,
       45
      ]
     ]
    ]
   }
  },
  {
   "type": "Feature",
   "properties": {
    "id": "33.24.08",
    "r0": 49,
    "c0": 151,
    "r1": 49,
    "c1": 154
   },
   "geometry": {
    "type": "Polygon",
    "coordinates": [
     [
      [
       151,
       49
      ],
      [
       155,
       49
      ],
      [
       155,
       50
      ],
      [
       151,
       50
      ],
      [
       151,
       49
      ]
     ]
    ]
   }
  },
  {
   "type": "Feature",
   "properties": {
    "id": "33.26",
    "r0": 31,
    "c0": 155,
    "r1": 49,
    "c1": 167
   },
   "geometry": {
    "type": "Polygon",
    "coordinates": [
     [
      [
       155,
       31
      ],
      [
       168,
       31
      ],
      [
       168,
       50
      ],
      [
       155,
       50
      ],
      [
       155,
       31
      ]
     ]
    ]
   }
  },
  {
   "type": "Feature",
   "properties": {
    "id": "33.26.07",
    "r0": 31,
    "c0": 155,
    "r1": 34,
    "c1": 158
   },
   "geometry": {
    "type": "Polygon",
    "coordinates": [
     [
      [
       155,
       31
      ],
      [
       159,
       31
      ],
      [
       159,
       35
      ],
      [
       155,
       35
      ],
      [
       155,
       31
      ]
     ]
    ]
   }
  },
  {
   "type": "Feature",
   "properties": {
    "id": "33.26.05",
    "r0": 31,
    "c0": 159,
    "r1": 34,
    "c1": 161
   },
   "geometry": {
    "type": "Polygon",
    "coordinates": [
     [
      [
       159,
       31
      ],
      [
       162,
       31
      ],
      [
       162,
       35
      ],
      [
       159,
       35
      ],
      [
       159,
       31
      ]
     ]
    ]
   }
  },
  {
   "type": "Feature",
   "properties": {
    "id": "33.26.03",
    "r0": 35,
    "c0": 155,
    "r1": 39,
    "c1": 157
   },
   "geometry": {
    "type": "Polygon",
    "coordinates": [
     [
      [
       155,
       35
      ],
      [
       158,
       35
      ],
      [
       158,
       40
      ],
      [
       155,
       40
      ],
      [
       155,
       35
      ]
     ]
    ]
   }
  },
  {
   "type": "Feature",
   "properties": {
    "id": "33.26.02",
    "r0": 35,
    "c0": 158,
    "r1": 39,
    "c1": 161
   },
   "geometry": {
    "type": "Polygon",
    "coordinates": [
     [
      [
       158,
       35
      ],
      [
       162,
       35
      ],
      [
       162,
       40
      ],
      [
       158,
       40
      ],
      [
       158,
       35
      ]
     ]
    ]
   }
  },
  {
   "type": "Feature",
   "properties": {
    "id": "33.26.06",
    "r0": 31,
    "c0": 162,
    "r1": 36,
    "c1": 164
   },
   "geometry": {
    "type": "Polygon",
    "coordinates": [
     [
      [
       162,
       31
      ],
      [
       165,
       31
      ],
      [
       165,
       37
      ],
      [
       162,
       37
      ],
      [
       162,
       31
      ]
     ]
    ]
   }
  },
  {
   "type": "Feature",
   "properties": {
    "id": "33.26.01",
    "r0": 31,
    "c0": 165,
    "r1": 36,
    "c1": 167
   },
   "geometry": {
    "type": "Polygon",
    "coordinates": [
     [
      [
       165,
       31
      ],
      [
       168,
       31
      ],
      [
       168,
       37
      ],
      [
       165,
       37
      ],
      [
       165,
       31
      ]
     ]
    ]
   }
  },
  {
   "type": "Feature",
   "properties": {
    "id": "33.26.11",
    "r0": 37,
    "c0": 162,
    "r1": 39,
    "c1": 167
   },
   "geometry": {
    "type": "Polygon",
    "coordinates": [
     [
      [
       162,
       37
      ],
      [
       168,
       37
      ],
      [
       168,
       40
      ],
      [
       162,
       40
      ],
      [
       162,
       37
      ]
     ]
    ]
   }
  },
  {
   "type": "Feature",
   "properties": {
    "id": "33.26.08",
    "r0": 40,
    "c0": 155,
    "r1": 44,
    "c1": 161
   },
   "geometry": {
    "type": "Polygon",
    "coordinates": [
     [
      [
       155,
       40
      ],
      [
       162,
       40
      ],
      [
       162,
       45
      ],
      [
       155,
       45
      ],
      [
       155,
       40
      ]
     ]
    ]
   }
  },
  {
   "type": "Feature",
   "properties": {
    "id": "33.26.09",
    "r0": 45,
    "c0": 155,
    "r1": 49,
    "c1": 161
   },
   "geometry": {
    "type": "Polygon",
    "coordinates": [
     [
      [
       155,
       45
      ],
      [
       162,
       45
      ],
      [
       162,
       50
      ],
      [
       155,
       50
      ],
      [
       155,
       45
      ]
     ]
    ]
   }
  },
  {
   "type": "Feature",
   "properties": {
    "id": "33.26.10",
    "r0": 40,
    "c0": 162,
    "r1": 41,
    "c1": 164
   },
   "geometry": {
    "type": "Polygon",
    "coordinates": [
     [
      [
       162,
       40
      ],
      [
       165,
       40
      ],
      [
       165,
       42
      ],
      [
       162,
       42
      ],
      [
       162,
       40
      ]
     ]
    ]
   }
  },
  {
   "type": "Feature",
   "properties": {
    "id": "33.26.04",
    "r0": 42,
    "c0": 162,
    "r1": 45,
    "c1": 164
   },
   "geometry": {
    "type": "Polygon",
    "coordinates": [
     [
      [
       162,
       42
      ],
      [
       165,
       42
      ],
      [
       165,
       46
      ],
      [
       162,
       46
      ],
      [
       162,
       42
      ]
     ]
    ]
   }
  },
  {
   "type": "Feature",
   "properties": {
    "id": "33.26.12",
    "r0": 40,
    "c0": 165,
    "r1": 45,
    "c1": 167
   },
   "geometry": {
    "type": "Polygon",
    "coordinates": [
     [
      [
       165,
       40
      ],
      [
       168,
       40
      ],
      [
       168,
       46
      ],
      [
       165,
       46
      ],
      [
       165,
       40
      ]
     ]
    ]
   }
  },
  {
   "type": "Feature",
   "properties": {
    "id": "33.26.18",
    "r0": 46,
    "c0": 162,
    "r1": 49,
    "c1": 164
   },
   "geometry": {
    "type": "Polygon",
    "coordinates": [
     [
      [
       162,
       46
      ],
      [
       165,
       46
      ],
      [
       165,
       50
      ],
      [
       162,
       50
      ],
      [
       162,
       46
      ]
     ]
    ]
   }
  },
  {
   "type": "Feature",
   "properties": {
    "id": "33.26.13",
    "r0": 46,
    "c0": 165,
    "r1": 49,
    "c1": 167
   },
   "geometry": {
    "type": "Polygon",
    "coordinates": [
     [
      [
       165,
       46
      ],
      [
       168,
       46
      ],
      [
       168,
       50
      ],
      [
       165,
       50
      ],
      [
       165,
       46
      ]
     ]
    ]
   }
  },
  {
   "type": "Feature",
   "properties": {
    "id": "33.07",
    "r0": 50,
    "c0": 142,
    "r1": 63,
    "c1": 167
   },
   "geometry": {
    "type": "Polygon",
    "coordinates": [
     [
      [
       142,
       50
      ],
      [
       168,
       50
      ],
      [
       168,
       64
      ],
      [
       142,
       64
      ],
      [
       142,
       50
      ]
     ]
    ]
   }
  },
  {
   "type": "Feature",
   "properties": {
    "id": "33.07.03",
    "r0": 50,
    "c0": 142,
    "r1": 53,
    "c1": 147
   },
   "geometry": {
    "type": "Polygon",
    "coordinates": [
     [
      [
       142,
       50
      ],
      [
       148,
       50
      ],
      [
       148,
       54
      ],
      [
       142,
       54
      ],
      [
       142,
       50
      ]
     ]
    ]
   }
  },
  {
   "type": "Feature",
   "properties": {
    "id": "33.07.10",
    "r0": 54,
    "c0": 142,
    "r1": 56,
    "c1": 147
   },
   "geometry": {
    "type": "Polygon",
    "coordinates": [
     [
      [
       142,
       54
      ],
      [
       148,
       54
      ],
      [
       148,
       57
      ],
      [
       142,
       57
      ],
      [
       142,
       54
      ]
     ]
    ]
   }
  },
  {
   "type": "Feature",
   "properties": {
    "id": "33.07.01",
    "r0": 50,
    "c0": 148,
    "r1": 56,
    "c1": 150
   },
   "geometry": {
    "type": "Polygon",
    "coordinates": [
     [
      [
       148,
       50
      ],
      [
       151,
       50
      ],
      [
       151,
       57
      ],
      [
       148,
       57
      ],
      [
       148,
       50
      ]
     ]
    ]
   }
  },
  {
   "type": "Feature",
   "properties": {
    "id": "33.07.11",
    "r0": 50,
    "c0": 151,
    "r1": 56,
    "c1": 154
   },
   "geometry": {
    "type": "Polygon",
    "coordinates": [
     [
      [
       151,
       50
      ],
      [
       155,
       50
      ],
      [
       155,
       57
      ],
      [
       151,
       57
      ],
      [
       151,
       50
      ]
     ]
    ]
   }
  },
  {
   "type": "Feature",
   "properties": {
    "id": "33.07.02",
    "r0": 57,
    "c0": 142,
    "r1": 63,
    "c1": 145
   },
   "geometry": {
    "type": "Polygon",
    "coordinates": [
     [
      [
       142,
       57
      ],
      [
       146,
       57
      ],
      [
       146,
       64
      ],
      [
       142,
       64
      ],
      [
       142,
       57
      ]
     ]
    ]
   }
  },
  {
   "type": "Feature",
   "properties": {
    "id": "33.07.04",
    "r0": 57,
    "c0": 146,
    "r1": 63,
    "c1": 149
   },
   "geometry": {
    "type": "Polygon",
    "coordinates": [
     [
      [
       146,
       57
      ],
      [
       150,
       57
      ],
      [
       150,
       64
      ],
      [
       146,
       64
      ],
      [
       146,
       57
      ]
     ]
    ]
   }
  },
  {
   "type": "Feature",
   "properties": {
    "id": "33.07.06",
    "r0": 57,
    "c0": 150,
    "r1": 63,
    "c1": 154
   },
   "geometry": {
    "type": "Polygon",
    "coordinates": [
     [
      [
       150,
       57
      ],
      [
       155,
       57
      ],
      [
       155,
       64
      ],
      [
       150,
       64
      ],
      [
       150,
       57
      ]
     ]
    ]
   }
  },
  {
   "type": "Feature",
   "properties": {
    "id": "33.07.15",
    "r0": 50,
    "c0": 155,
    "r1": 55,
    "c1": 156
   },
   "geometry": {
    "type": "Polygon",
    "coordinates": [
     [
      [
       155,
       50
      ],
      [
       157,
       50
      ],
      [
       157,
       56
      ],
      [
       155,
       56
      ],
      [
       155,
       50
      ]
     ]
    ]
   }
  },
  {
   "type": "Feature",
   "properties": {
    "id": "33.07.07",
    "r0": 50,
    "c0": 157,
    "r1": 55,
    "c1": 160
   },
   "geometry": {
    "type": "Polygon",
    "coordinates": [
     [
      [
       157,
       50
      ],
      [
       161,
       50
      ],
      [
       161,
       56
      ],
      [
       157,
       56
      ],
      [
       157,
       50
      ]
     ]
    ]
   }
  },
  {
   "type": "Feature",
   "properties": {
    "id": "33.07.05",
    "r0": 50,
    "c0": 161,
    "r1": 55,
    "c1": 163
   },
   "geometry": {
    "type": "Polygon",
    "coordinates": [
     [
      [
       161,
       50
      ],
      [
       164,
       50
      ],
      [
       164,
       56
      ],
      [
       161,
       56
      ],
      [
       161,
       50
      ]
     ]
    ]
   }
  },
  {
   "type": "Feature",
   "properties": {
    "id": "33.07.14",
    "r0": 50,
    "c0": 164,
    "r1": 55,
    "c1": 167
   },
   "geometry": {
    "type": "Polygon",
    "coordinates": [
     [
      [
       164,
       50
      ],
      [
       168,
       50
      ],
      [
       168,
       56
      ],
      [
       164,
       56
      ],
      [
       164,
       50
      ]
     ]
    ]
   }
  },
  {
   "type": "Feature",
   "properties": {
    "id": "33.07.08",
    "r0": 56,
    "c0": 155,
    "r1": 59,
    "c1": 161
   },
   "geometry": {
    "type": "Polygon",
    "coordinates": [
     [
      [
       155,
       56
      ],
      [
       162,
       56
      ],
      [
       162,
       60
      ],
      [
       155,
       60
      ],
      [
       155,
       56
      ]
     ]
    ]
   }
  },
  {
   "type": "Feature",
   "properties": {
    "id": "33.07.09",
    "r0": 60,
    "c0": 155,
    "r1": 63,
    "c1": 161
   },
   "geometry": {
    "type": "Polygon",
    "coordinates": [
     [
      [
       155,
       60
      ],
      [
       162,
       60
      ],
      [
       162,
       64
      ],
      [
       155,
       64
      ],
      [
       155,
       60
      ]
     ]
    ]
   }
  },
  {
   "type": "Feature",
   "properties": {
    "id": "33.07.12",
    "r0": 56,
    "c0": 162,
    "r1": 59,
    "c1": 167
   },
   "geometry": {
    "type": "Polygon",
    "coordinates": [
     [
      [
       162,
       56
      ],
      [
       168,
       56
      ],
      [
       168,
       60
      ],
      [
       162,
       60
      ],
      [
       162,
       56
      ]
     ]
    ]
   }
  },
  {
   "type": "Feature",
   "properties": {
    "id": "33.07.13",
    "r0": 60,
    "c0": 162,
    "r1": 63,
    "c1": 167
   },
   "geometry": {
    "type": "Polygon",
    "coordinates": [
     [
      [
       162,
       60
      ],
      [
       168,
       60
      ],
      [
       168,
       64
      ],
      [
       162,
       64
      ],
      [
       162,
       60
      ]
     ]
    ]
   }
  },
  {
   "type": "Feature",
   "properties": {
    "id": "33.73",
    "r0": 31,
    "c0": 168,
    "r1": 35,
    "c1": 173
   },
   "geometry": {
    "type": "Polygon",
    "coordinates": [
     [
      [
       168,
       31
      ],
      [
       174,
       31
      ],
      [
       174,
       36
      ],
      [
       168,
       36
      ],
      [
       168,
       31
      ]
     ]
    ]
   }
  },
  {
   "type": "Feature",
   "properties": {
    "id": "33.73.01",
    "r0": 31,
    "c0": 168,
    "r1": 33,
    "c1": 170
   },
   "geometry": {
    "type": "Polygon",
    "coordinates": [
     [
      [
       168,
       31
      ],
      [
       171,
       31
      ],
      [
       171,
       34
      ],
      [
       168,
       34
      ],
      [
       168,
       31
      ]
     ]
    ]
   }
  },
  {
   "type": "Feature",
   "properties": {
    "id": "33.73.03",
    "r0": 34,
    "c0": 168,
    "r1": 35,
    "c1": 170
   },
   "geometry": {
    "type": "Polygon",
    "coordinates": [
     [
      [
       168,
       34
      ],
      [
       171,
       34
      ],
      [
       171,
       36
      ],
      [
       168,
       36
      ],
      [
       168,
       34
      ]
     ]
    ]
   }
  },
  {
   "type": "Feature",
   "properties": {
    "id": "33.73.04",
    "r0": 31,
    "c0": 171,
    "r1": 32,
    "c1": 173
   },
   "geometry": {
    "type": "Polygon",
    "coordinates": [
     [
      [
       171,
       31
      ],
      [
       174,
       31
      ],
      [
       174,
       33
      ],
      [
       171,
       33
      ],
      [
       171,
       31
      ]
     ]
    ]
   }
  },
  {
   "type": "Feature",
   "properties": {
    "id": "33.73.02",
    "r0": 33,
    "c0": 171,
    "r1": 35,
    "c1": 173
   },
   "geometry": {
    "type": "Polygon",
    "coordinates": [
     [
      [
       171,
       33
      ],
      [
       174,
       33
      ],
      [
       174,
       36
      ],
      [
       171,
       36
      ],
      [
       171,
       33
      ]
     ]
    ]
   }
  },
  {
   "type": "Feature",
   "properties": {
    "id": "33.15",
    "r0": 36,
    "c0": 168,
    "r1": 44,
    "c1": 173
   },
   "geometry": {
    "type": "Polygon",
    "coordinates": [
     [
      [
       168,
       36
      ],
      [
       174,
       36
      ],
      [
       174,
       45
      ],
      [
       168,
       45
      ],
      [
       168,
       36
      ]
     ]
    ]
   }
  },
  {
   "type": "Feature",
   "properties": {
    "id": "33.15.19",
    "r0": 36,
    "c0": 168,
    "r1": 41,
    "c1": 169
   },
   "geometry": {
    "type": "Polygon",
    "coordinates": [
     [
      [
       168,
       36
      ],
      [
       170,
       36
      ],
      [
       170,
       42
      ],
      [
       168,
       42
      ],
      [
       168,
       36
      ]
     ]
    ]
   }
  },
  {
   "type": "Feature",
   "properties": {
    "id": "33.15.18",
    "r0": 36,
    "c0": 170,
    "r1": 41,
    "c1": 173
   },
   "geometry": {
    "type": "Polygon",
    "coordinates": [
     [
      [
       170,
       36
      ],
      [
       174,
       36
      ],
      [
       174,
       42
      ],
      [
       170,
       42
      ],
      [
       170,
       36
      ]
     ]
    ]
   }
  },
  {
   "type": "Feature",
   "properties": {
    "id": "33.15.17",
    "r0": 42,
    "c0": 168,
    "r1": 44,
    "c1": 170
   },
   "geometry": {
    "type": "Polygon",
    "coordinates": [
     [
      [
       168,
       42
      ],
      [
       171,
       42
      ],
      [
       171,
       45
      ],
      [
       168,
       45
      ],
      [
       168,
       42
      ]
     ]
    ]
   }
  },
  {
   "type": "Feature",
   "properties": {
    "id": "33.15.01",
    "r0": 42,
    "c0": 171,
    "r1": 44,
    "c1": 173
   },
   "geometry": {
    "type": "Polygon",
    "coordinates": [
     [
      [
       171,
       42
      ],
      [
       174,
       42
      ],
      [
       174,
       45
      ],
      [
       171,
       45
      ],
      [
       171,
       42
      ]
     ]
    ]
   }
  },
  {
   "type": "Feature",
   "properties": {
    "id": "33.71",
    "r0": 45,
    "c0": 168,
    "r1": 48,
    "c1": 173
   },
   "geometry": {
    "type": "Polygon",
    "coordinates": [
     [
      [
       168,
       45
      ],
      [
       174,
       45
      ],
      [
       174,
       49
      ],
      [
       168,
       49
      ],
      [
       168,
       45
      ]
     ]
    ]
   }
  },
  {
   "type": "Feature",
   "properties": {
    "id": "33.71.03",
    "r0": 45,
    "c0": 168,
    "r1": 48,
    "c1": 169
   },
   "geometry": {
    "type": "Polygon",
    "coordinates": [
     [
      [
       168,
       45
      ],
      [
       170,
       45
      ],
      [
       170,
       49
      ],
      [
       168,
       49
      ],
      [
       168,
       45
      ]
     ]
    ]
   }
  },
  {
   "type": "Feature",
   "properties": {
    "id": "33.71.01",
    "r0": 45,
    "c0": 170,
    "r1": 48,
    "c1": 171
   },
   "geometry": {
    "type": "Polygon",
    "coordinates": [
     [
      [
       170,
       45
      ],
      [
       172,
       45
      ],
      [
       172,
       49
      ],
      [
       170,
       49
      ],
      [
       170,
       45
      ]
     ]
    ]
   }
  },
  {
   "type": "Feature",
   "properties": {
    "id": "33.71.02",
    "r0": 45,
    "c0": 172,
    "r1": 48,
    "c1": 173
   },
   "geometry": {
    "type": "Polygon",
    "coordinates": [
     [
      [
       172,
       45
      ],
      [
       174,
       45
      ],
      [
       174,
       49
      ],
      [
       172,
       49
      ],
      [
       172,
       45
      ]
     ]
    ]
   }
  },
  {
   "type": "Feature",
   "properties": {
    "id": "33.03",
    "r0": 31,
    "c0": 174,
    "r1": 48,
    "c1": 192
   },
   "geometry": {
    "type": "Polygon",
    "coordinates": [
     [
      [
       174,
       31
      ],
      [
       193,
       31
      ],
      [
       193,
       49
      ],
      [
       174,
       49
      ],
      [
       174,
       31
      ]
     ]
    ]
   }
  },
  {
   "type": "Feature",
   "properties": {
    "id": "33.03.01",
    "r0": 31,
    "c0": 174,
    "r1": 35,
    "c1": 178
   },
   "geometry": {
    "type": "Polygon",
    "coordinates": [
     [
      [
       174,
       31
      ],
      [
       179,
       31
      ],
      [
       179,
       36
      ],
      [
       174,
       36
      ],
      [
       174,
       31
      ]
     ]
    ]
   }
  },
  {
   "type": "Feature",
   "properties": {
    "id": "33.03.02",
    "r0": 31,
    "c0": 179,
    "r1": 35,
    "c1": 182
   },
   "geometry": {
    "type": "Polygon",
    "coordinates": [
     [
      [
       179,
       31
      ],
      [
       183,
       31
      ],
      [
       183,
       36
      ],
      [
       179,
       36
      ],
      [
       179,
       31
      ]
     ]
    ]
   }
  },
  {
   "type": "Feature",
   "properties": {
    "id": "33.03.06",
    "r0": 36,
    "c0": 174,
    "r1": 40,
    "c1": 178
   },
   "geometry": {
    "type": "Polygon",
    "coordinates": [
     [
      [
       174,
       36
      ],
      [
       179,
       36
      ],
      [
       179,
       41
      ],
      [
       174,
       41
      ],
      [
       174,
       36
      ]
     ]
    ]
   }
  },
  {
   "type": "Feature",
   "properties": {
    "id": "33.03.03",
    "r0": 36,
    "c0": 179,
    "r1": 40,
    "c1": 182
   },
   "geometry": {
    "type": "Polygon",
    "coordinates": [
     [
      [
       179,
       36
      ],
      [
       183,
       36
      ],
      [
       183,
       41
      ],
      [
       179,
       41
      ],
      [
       179,
       36
      ]
     ]
    ]
   }
  },
  {
   "type": "Feature",
   "properties": {
    "id": "33.03.05",
    "r0": 41,
    "c0": 174,
    "r1": 43,
    "c1": 178
   },
   "geometry": {
    "type": "Polygon",
    "coordinates": [
     [
      [
       174,
       41
      ],
      [
       179,
       41
      ],
      [
       179,
       44
      ],
      [
       174,
       44
      ],
      [
       174,
       41
      ]
     ]
    ]
   }
  },
  {
   "type": "Feature",
   "properties": {
    "id": "33.03.04",
    "r0": 44,
    "c0": 174,
    "r1": 48,
    "c1": 178
   },
   "geometry": {
    "type": "Polygon",
    "coordinates": [
     [
      [
       174,
       44
      ],
      [
       179,
       44
      ],
      [
       179,
       49
      ],
      [
       174,
       49
      ],
      [
       174,
       44
      ]
     ]
    ]
   }
  },
  {
   "type": "Feature",
   "properties": {
    "id": "33.03.15",
    "r0": 41,
    "c0": 179,
    "r1": 45,
    "c1": 182
   },
   "geometry": {
    "type": "Polygon",
    "coordinates": [
     [
      [
       179,
       41
      ],
      [
       183,
       41
      ],
      [
       183,
       46
      ],
      [
       179,
       46
      ],
      [
       179,
       41
      ]
     ]
    ]
   }
  },
  {
   "type": "Feature",
   "properties": {
    "id": "33.03.16",
    "r0": 46,
    "c0": 179,
    "r1": 48,
    "c1": 182
   },
   "geometry": {
    "type": "Polygon",
    "coordinates": [
     [
      [
       179,
       46
      ],
      [
       183,
       46
      ],
      [
       183,
       49
      ],
      [
       179,
       49
      ],
      [
       179,
       46
      ]
     ]
    ]
   }
  },
  {
   "type": "Feature",
   "properties": {
    "id": "33.03.14",
    "r0": 31,
    "c0": 183,
    "r1": 34,
    "c1": 187
   },
   "geometry": {
    "type": "Polygon",
    "coordinates": [
     [
      [
       183,
       31
      ],
      [
       188,
       31
      ],
      [
       188,
       35
      ],
      [
       183,
       35
      ],
      [
       183,
       31
      ]
     ]
    ]
   }
  },
  {
   "type": "Feature",
   "properties": {
    "id": "33.03.07",
    "r0": 35,
    "c0": 183,
    "r1": 39,
    "c1": 187
   },
   "geometry": {
    "type": "Polygon",
    "coordinates": [
     [
      [
       183,
       35
      ],
      [
       188,
       35
      ],
      [
       188,
       40
      ],
      [
       183,
       40
      ],
      [
       183,
       35
      ]
     ]
    ]
   }
  },
  {
   "type": "Feature",
   "properties": {
    "id": "33.03.08",
    "r0": 31,
    "c0": 188,
    "r1": 36,
    "c1": 192
   },
   "geometry": {
    "type": "Polygon",
    "coordinates": [
     [
      [
       188,
       31
      ],
      [
       193,
       31
      ],
      [
       193,
       37
      ],
      [
       188,
       37
      ],
      [
       188,
       31
      ]
     ]
    ]
   }
  },
  {
   "type": "Feature",
   "properties": {
    "id": "33.03.13",
    "r0": 37,
    "c0": 188,
    "r1": 39,
    "c1": 192
   },
   "geometry": {
    "type": "Polygon",
    "coordinates": [
     [
      [
       188,
       37
      ],
      [
       193,
       37
      ],
      [
       193,
       40
      ],
      [
       188,
       40
      ],
      [
       188,
       37
      ]
     ]
    ]
   }
  },
  {
   "type": "Feature",
   "properties": {
    "id": "33.03.18",
    "r0": 40,
    "c0": 183,
    "r1": 42,
    "c1": 187
   },
   "geometry": {
    "type": "Polygon",
    "coordinates": [
     [
      [
       183,
       40
      ],
      [
       188,
       40
      ],
      [
       188,
       43
      ],
      [
       183,
       43
      ],
      [
       183,
       40
      ]
     ]
    ]
   }
  },
  {
   "type": "Feature",
   "properties": {
    "id": "33.03.11",
    "r0": 43,
    "c0": 183,
    "r1": 45,
    "c1": 187
   },
   "geometry": {
    "type": "Polygon",
    "coordinates": [
     [
      [
       183,
       43
      ],
      [
       188,
       43
      ],
      [
       188,
       46
      ],
      [
       183,
       46
      ],
      [
       183,
       43
      ]
     ]
    ]
   }
  },
  {
   "type": "Feature",
   "properties": {
    "id": "33.03.12",
    "r0": 46,
    "c0": 183,
    "r1": 48,
    "c1": 187
   },
   "geometry": {
    "type": "Polygon",
    "coordinates": [
     [
      [
       183,
       46
      ],
      [
       188,
       46
      ],
      [
       188,
       49
      ],
      [
       183,
       49
      ],
      [
       183,
       46
      ]
     ]
    ]
   }
  },
  {
   "type": "Feature",
   "properties": {
    "id": "33.03.09",
    "r0": 40,
    "c0": 188,
    "r1": 44,
    "c1": 192
   },
   "geometry": {
    "type": "Polygon",
    "coordinates": [
     [
      [
       188,
       40
      ],
      [
       193,
       40
      ],
      [
       193,
       45
      ],
      [
       188,
       45
      ],
      [
       188,
       40
      ]
     ]
    ]
   }
  },
  {
   "type": "Feature",
   "properties": {
    "id": "33.03.10",
    "r0": 45,
    "c0": 188,
    "r1": 48,
    "c1": 190
   },
   "geometry": {
    "type": "Polygon",
    "coordinates": [
     [
      [
       188,
       45
      ],
      [
       191,
       45
      ],
      [
       191,
       49
      ],
      [
       188,
       49
      ],
      [
       188,
       45
      ]
     ]
    ]
   }
  },
  {
   "type": "Feature",
   "properties": {
    "id": "33.03.17",
    "r0": 45,
    "c0": 191,
    "r1": 48,
    "c1": 192
   },
   "geometry": {
    "type": "Polygon",
    "coordinates": [
     [
      [
       191,
       45
      ],
      [
       193,
       45
      ],
      [
       193,
       49
      ],
      [
       191,
       49
      ],
      [
       191,
       45
      ]
     ]
    ]
   }
  },
  {
   "type": "Feature",
   "properties": {
    "id": "33.25",
    "r0": 49,
    "c0": 168,
    "r1": 63,
    "c1": 182
   },
   "geometry": {
    "type": "Polygon",
    "coordinates": [
     [
      [
       168,
       49
      ],
      [
       183,
       49
      ],
      [
       183,
       64
      ],
      [
       168,
       64
      ],
      [
       168,
       49
      ]
     ]
    ]
   }
  },
  {
   "type": "Feature",
   "properties": {
    "id": "33.25.05",
    "r0": 49,
    "c0": 168,
    "r1": 54,
    "c1": 171
   },
   "geometry": {
    "type": "Polygon",
    "coordinates": [
     [
      [
       168,
       49
      ],
      [
       172,
       49
      ],
      [
       172,
       55
      ],
      [
       168,
       55
      ],
      [
       168,
       49
      ]
     ]
    ]
   }
  },
  {
   "type": "Feature",
   "properties": {
    "id": "33.25.03",
    "r0": 49,
    "c0": 172,
    "r1": 54,
    "c1": 175
   },
   "geometry": {
    "type": "Polygon",
    "coordinates": [
     [
      [
       172,
       49
      ],
      [
       176,
       49
      ],
      [
       176,
       55
      ],
      [
       172,
       55
      ],
      [
       172,
       49
      ]
     ]
    ]
   }
  },
  {
   "type": "Feature",
   "properties": {
    "id": "33.25.04",
    "r0": 55,
    "c0": 168,
    "r1": 60,
    "c1": 171
   },
   "geometry": {
    "type": "Polygon",
    "coordinates": [
     [
      [
       168,
       55
      ],
      [
       172,
       55
      ],
      [
       172,
       61
      ],
      [
       168,
       61
      ],
      [
       168,
       55
      ]
     ]
    ]
   }
  },
  {
   "type": "Feature",
   "properties": {
    "id": "33.25.02",
    "r0": 55,
    "c0": 172,
    "r1": 60,
    "c1": 175
   },
   "geometry": {
    "type": "Polygon",
    "coordinates": [
     [
      [
       172,
       55
      ],
      [
       176,
       55
      ],
      [
       176,
       61
      ],
      [
       172,
       61
      ],
      [
       172,
       55
      ]
     ]
    ]
   }
  },
  {
   "type": "Feature",
   "properties": {
    "id": "33.25.06",
    "r0": 61,
    "c0": 168,
    "r1": 63,
    "c1": 175
   },
   "geometry": {
    "type": "Polygon",
    "coordinates": [
     [
      [
       168,
       61
      ],
      [
       176,
       61
      ],
      [
       176,
       64
      ],
      [
       168,
       64
      ],
      [
       168,
       61
      ]
     ]
    ]
   }
  },
  {
   "type": "Feature",
   "properties": {
    "id": "33.25.01",
    "r0": 49,
    "c0": 176,
    "r1": 51,
    "c1": 182
   },
   "geometry": {
    "type": "Polygon",
    "coordinates": [
     [
      [
       176,
       49
      ],
      [
       183,
       49
      ],
      [
       183,
       52
      ],
      [
       176,
       52
      ],
      [
       176,
       49
      ]
     ]
    ]
   }
  },
  {
   "type": "Feature",
   "properties": {
    "id": "33.25.08",
    "r0": 52,
    "c0": 176,
    "r1": 56,
    "c1": 179
   },
   "geometry": {
    "type": "Polygon",
    "coordinates": [
     [
      [
       176,
       52
      ],
      [
       180,
       52
      ],
      [
       180,
       57
      ],
      [
       176,
       57
      ],
      [
       176,
       52
      ]
     ]
    ]
   }
  },
  {
   "type": "Feature",
   "properties": {
    "id": "33.25.14",
    "r0": 52,
    "c0": 180,
    "r1": 56,
    "c1": 182
   },
   "geometry": {
    "type": "Polygon",
    "coordinates": [
     [
      [
       180,
       52
      ],
      [
       183,
       52
      ],
      [
       183,
       57
      ],
      [
       180,
       57
      ],
      [
       180,
       52
      ]
     ]
    ]
   }
  },
  {
   "type": "Feature",
   "properties": {
    "id": "33.25.07",
    "r0": 57,
    "c0": 176,
    "r1": 59,
    "c1": 178
   },
   "geometry": {
    "type": "Polygon",
    "coordinates": [
     [
      [
       176,
       57
      ],
      [
       179,
       57
      ],
      [
       179,
       60
      ],
      [
       176,
       60
      ],
      [
       176,
       57
      ]
     ]
    ]
   }
  },
  {
   "type": "Feature",
   "properties": {
    "id": "33.25.09",
    "r0": 60,
    "c0": 176,
    "r1": 63,
    "c1": 178
   },
   "geometry": {
    "type": "Polygon",
    "coordinates": [
     [
      [
       176,
       60
      ],
      [
       179,
       60
      ],
      [
       179,
       64
      ],
      [
       176,
       64
      ],
      [
       176,
       60
      ]
     ]
    ]
   }
  },
  {
   "type": "Feature",
   "properties": {
    "id": "33.25.15",
    "r0": 57,
    "c0": 179,
    "r1": 59,
    "c1": 182
   },
   "geometry": {
    "type": "Polygon",
    "coordinates": [
     [
      [
       179,
       57
      ],
      [
       183,
       57
      ],
      [
       183,
       60
      ],
      [
       179,
       60
      ],
      [
       179,
       57
      ]
     ]
    ]
   }
  },
  {
   "type": "Feature",
   "properties": {
    "id": "33.25.10",
    "r0": 60,
    "c0": 179,
    "r1": 63,
    "c1": 181
   },
   "geometry": {
    "type": "Polygon",
    "coordinates": [
     [
      [
       179,
       60
      ],
      [
       182,
       60
      ],
      [
       182,
       64
      ],
      [
       179,
       64
      ],
      [
       179,
       60
      ]
     ]
    ]
   }
  },
  {
   "type": "Feature",
   "properties": {
    "id": "33.25.12",
    "r0": 60,
    "c0": 182,
    "r1": 63,
    "c1": 182
   },
   "geometry": {
    "type": "Polygon",
    "coordinates": [
     [
      [
       182,
       60
      ],
      [
       183,
       60
      ],
      [
       183,
       64
      ],
      [
       182,
       64
      ],
      [
       182,
       60
      ]
     ]
    ]
   }
  },
  {
   "type": "Feature",
   "properties": {
    "id": "33.27",
    "r0": 49,
    "c0": 183,
    "r1": 63,
    "c1": 192
   },
   "geometry": {
    "type": "Polygon",
    "coordinates": [
     [
      [
       183,
       49
      ],
      [
       193,
       49
      ],
      [
       193,
       64
      ],
      [
       183,
       64
      ],
      [
       183,
       49
      ]
     ]
    ]
   }
  },
  {
   "type": "Feature",
   "properties": {
    "id": "33.27.05",
    "r0": 49,
    "c0": 183,
    "r1": 54,
    "c1": 185
   },
   "geometry": {
    "type": "Polygon",
    "coordinates": [
     [
      [
       183,
       49
      ],
      [
       186,
       49
      ],
      [
       186,
       55
      ],
      [
       183,
       55
      ],
      [
       183,
       49
      ]
     ]
    ]
   }
  },
  {
   "type": "Feature",
   "properties": {
    "id": "33.27.03",
    "r0": 49,
    "c0": 186,
    "r1": 54,
    "c1": 188
   },
   "geometry": {
    "type": "Polygon",
    "coordinates": [
     [
      [
       186,
       49
      ],
      [
       189,
       49
      ],
      [
       189,
       55
      ],
      [
       186,
       55
      ],
      [
       186,
       49
      ]
     ]
    ]
   }
  },
  {
   "type": "Feature",
   "properties": {
    "id": "33.27.07",
    "r0": 49,
    "c0": 189,
    "r1": 54,
    "c1": 192
   },
   "geometry": {
    "type": "Polygon",
    "coordinates": [
     [
      [
       189,
       49
      ],
      [
       193,
       49
      ],
      [
       193,
       55
      ],
      [
       189,
       55
      ],
      [
       189,
       49
      ]
     ]
    ]
   }
  },
  {
   "type": "Feature",
   "properties": {
    "id": "33.27.06",
    "r0": 55,
    "c0": 183,
    "r1": 60,
    "c1": 186
   },
   "geometry": {
    "type": "Polygon",
    "coordinates": [
     [
      [
       183,
       55
      ],
      [
       187,
       55
      ],
      [
       187,
       61
      ],
      [
       183,
       61
      ],
      [
       183,
       55
      ]
     ]
    ]
   }
  },
  {
   "type": "Feature",
   "properties": {
    "id": "33.27.01",
    "r0": 61,
    "c0": 183,
    "r1": 63,
    "c1": 186
   },
   "geometry": {
    "type": "Polygon",
    "coordinates": [
     [
      [
       183,
       61
      ],
      [
       187,
       61
      ],
      [
       187,
       64
      ],
      [
       183,
       64
      ],
      [
       183,
       61
      ]
     ]
    ]
   }
  },
  {
   "type": "Feature",
   "properties": {
    "id": "33.27.02",
    "r0": 55,
    "c0": 187,
    "r1": 57,
    "c1": 192
   },
   "geometry": {
    "type": "Polygon",
    "coordinates": [
     [
      [
       187,
       55
      ],
      [
       193,
       55
      ],
      [
       193,
       58
      ],
      [
       187,
       58
      ],
      [
       187,
       55
      ]
     ]
    ]
   }
  },
  {
   "type": "Feature",
   "properties": {
    "id": "33.27.04",
    "r0": 58,
    "c0": 187,
    "r1": 63,
    "c1": 190
   },
   "geometry": {
    "type": "Polygon",
    "coordinates": [
     [
      [
       187,
       58
      ],
      [
       191,
       58
      ],
      [
       191,
       64
      ],
      [
       187,
       64
      ],
      [
       187,
       58
      ]
     ]
    ]
   }
  },
  {
   "type": "Feature",
   "properties": {
    "id": "33.27.14",
    "r0": 58,
    "c0": 191,
    "r1": 61,
    "c1": 192
   },
   "geometry": {
    "type": "Polygon",
    "coordinates": [
     [
      [
       191,
       58
      ],
      [
       193,
       58
      ],
      [
       193,
       62
      ],
      [
       191,
       62
      ],
      [
       191,
       58
      ]
     ]
    ]
   }
  },
  {
   "type": "Feature",
   "properties": {
    "id": "33.27.11",
    "r0": 62,
    "c0": 191,
    "r1": 63,
    "c1": 192
   },
   "geometry": {
    "type": "Polygon",
    "coordinates": [
     [
      [
       191,
       62
      ],
      [
       193,
       62
      ],
      [
       193,
       64
      ],
      [
       191,
       64
      ],
      [
       191,
       62
      ]
     ]
    ]
   }
  },
  {
   "type": "Feature",
   "properties": {
    "id": "35",
    "r0": 0,
    "c0": 193,
    "r1": 63,
    "c1": 254
   },
   "geometry": {
    "type": "Polygon",
    "coordinates": [
     [
      [
       193,
       0
      ],
      [
       255,
       0
      ],
      [
       255,
       64
      ],
      [
       193,
       64
      ],
      [
       193,
       0
      ]
     ]
    ]
   }
  },
  {
   "type": "Feature",
   "properties": {
    "id": "35.25",
    "r0": 0,
    "c0": 193,
    "r1": 9,
    "c1": 209
   },
   "geometry": {
    "type": "Polygon",
    "coordinates": [
     [
      [
       193,
       0
      ],
      [
       210,
       0
      ],
      [
       210,
       10
      ],
      [
       193,
       10
      ],
      [
       193,
       0
      ]
     ]
    ]
   }
  },
  {
   "type": "Feature",
   "properties": {
    "id": "35.25.12",
    "r0": 0,
    "c0": 193,
    "r1": 3,
    "c1": 194
   },
   "geometry": {
    "type": "Polygon",
    "coordinates": [
     [
      [
       193,
       0
      ],
      [
       195,
       0
      ],
      [
       195,
       4
      ],
      [
       193,
       4
      ],
      [
       193,
       0
      ]
     ]
    ]
   }
  },
  {
   "type": "Feature",
   "properties": {
    "id": "35.25.05",
    "r0": 0,
    "c0": 195,
    "r1": 3,
    "c1": 197
   },
   "geometry": {
    "type": "Polygon",
    "coordinates": [
     [
      [
       195,
       0
      ],
      [
       198,
       0
      ],
      [
       198,
       4
      ],
      [
       195,
       4
      ],
      [
       195,
       0
      ]
     ]
    ]
   }
  },
  {
   "type": "Feature",
   "properties": {
    "id": "35.25.15",
    "r0": 4,
    "c0": 193,
    "r1": 5,
    "c1": 197
   },
   "geometry": {
    "type": "Polygon",
    "coordinates": [
     [
      [
       193,
       4
      ],
      [
       198,
       4
      ],
      [
       198,
       6
      ],
      [
       193,
       6
      ],
      [
       193,
       4
      ]
     ]
    ]
   }
  },
  {
   "type": "Feature",
   "properties": {
    "id": "35.25.09",
    "r0": 0,
    "c0": 198,
    "r1": 1,
    "c1": 201
   },
   "geometry": {
    "type": "Polygon",
    "coordinates": [
     [
      [
       198,
       0
      ],
      [
       202,
       0
      ],
      [
       202,
       2
      ],
      [
       198,
       2
      ],
      [
       198,
       0
      ]
     ]
    ]
   }
  },
  {
   "type": "Feature",
   "properties": {
    "id": "35.25.01",
    "r0": 2,
    "c0": 198,
    "r1": 5,
    "c1": 201
   },
   "geometry": {
    "type": "Polygon",
    "coordinates": [
     [
      [
       198,
       2
      ],
      [
       202,
       2
      ],
      [
       202,
       6
      ],
      [
       198,
       6
      ],
      [
       198,
       2
      ]
     ]
    ]
   }
  },
  {
   "type": "Feature",
   "properties": {
    "id": "35.25.02",
    "r0": 6,
    "c0": 193,
    "r1": 9,
    "c1": 196
   },
   "geometry": {
    "type": "Polygon",
    "coordinates": [
     [
      [
       193,
       6
      ],
      [
       197,
       6
      ],
      [
       197,
       10
      ],
      [
       193,
       10
      ],
      [
       193,
       6
      ]
     ]
    ]
   }
  },
  {
   "type": "Feature",
   "properties": {
    "id": "35.25.04",
    "r0": 6,
    "c0": 197,
    "r1": 9,
    "c1": 201
   },
   "geometry": {
    "type": "Polygon",
    "coordinates": [
     [
      [
       197,
       6
      ],
      [
       202,
       6
      ],
      [
       202,
       10
      ],
      [
       197,
       10
      ],
      [
       197,
       6
      ]
     ]
    ]
   }
  },
  {
   "type": "Feature",
   "properties": {
    "id": "35.25.10",
    "r0": 0,
    "c0": 202,
    "r1": 4,
    "c1": 203
   },
   "geometry": {
    "type": "Polygon",
    "coordinates": [
     [
      [
       202,
       0
      ],
      [
       204,
       0
      ],
      [
       204,
       5
      ],
      [
       202,
       5
      ],
      [
       202,
       0
      ]
     ]
    ]
   }
  },
  {
   "type": "Feature",
   "properties": {
    "id": "35.25.11",
    "r0": 0,
    "c0": 204,
    "r1": 4,
    "c1": 207
   },
   "geometry": {
    "type": "Polygon",
    "coordinates": [
     [
      [
       204,
       0
      ],
      [
       208,
       0
      ],
      [
       208,
       5
      ],
      [
       204,
       5
      ],
      [
       204,
       0
      ]
     ]
    ]
   }
  },
  {
   "type": "Feature",
   "properties": {
    "id": "35.25.08",
    "r0": 0,
    "c0": 208,
    "r1": 4,
    "c1": 209
   },
   "geometry": {
    "type": "Polygon",
    "coordinates": [
     [
      [
       208,
       0
      ],
      [
       210,
       0
      ],
      [
       210,
       5
      ],
      [
       208,
       5
      ],
      [
       208,
       0
      ]
     ]
    ]
   }
  },
  {
   "type": "Feature",
   "properties": {
    "id": "35.25.16",
    "r0": 5,
    "c0": 202,
    "r1": 9,
    "c1": 203
   },
   "geometry": {
    "type": "Polygon",
    "coordinates": [
     [
      [
       202,
       5
      ],
      [
       204,
       5
      ],
      [
       204,
       10
      ],
      [
       202,
       10
      ],
      [
       202,
       5
      ]
     ]
    ]
   }
  },
  {
   "type": "Feature",
   "properties": {
    "id": "35.25.13",
    "r0": 5,
    "c0": 204,
    "r1": 9,
    "c1": 206
   },
   "geometry": {
    "type": "Polygon",
    "coordinates": [
     [
      [
       204,
       5
      ],
      [
       207,
       5
      ],
      [
       207,
       10
      ],
      [
       204,
       10
      ],
      [
       204,
       5
      ]
     ]
    ]
   }
  },
  {
   "type": "Feature",
   "properties": {
    "id": "35.25.14",
    "r0": 5,
    "c0": 207,
    "r1": 8,
    "c1": 209
   },
   "geometry": {
    "type": "Polygon",
    "coordinates": [
     [
      [
       207,
       5
      ],
      [
       210,
       5
      ],
      [
       210,
       9
      ],
      [
       207,
       9
      ],
      [
       207,
       5
      ]
     ]
    ]
   }
  },
  {
   "type": "Feature",
   "properties": {
    "id": "35.25.07",
    "r0": 9,
    "c0": 207,
    "r1": 9,
    "c1": 208
   },
   "geometry": {
    "type": "Polygon",
    "coordinates": [
     [
      [
       207,
       9
      ],
      [
       209,
       9
      ],
      [
       209,
       10
      ],
      [
       207,
       10
      ],
      [
       207,
       9
      ]
     ]
    ]
   }
  },
  {
   "type": "Feature",
   "properties": {
    "id": "35.25.06",
    "r0": 9,
    "c0": 209,
    "r1": 9,
    "c1": 209
   },
   "geometry": {
    "type": "Polygon",
    "coordinates": [
     [
      [
       209,
       9
      ],
      [
       210,
       9
      ],
      [
       210,
       10
      ],
      [
       209,
       10
      ],
      [
       209,
       9
      ]
     ]
    ]
   }
  },
  {
   "type": "Feature",
   "properties": {
    "id": "35.06",
    "r0": 10,
    "c0": 193,
    "r1": 19,
    "c1": 209
   },
   "geometry": {
    "type": "Polygon",
    "coordinates": [
     [
      [
       193,
       10
      ],
      [
       210,
       10
      ],
      [
       210,
       20
      ],
      [
       193,
       20
      ],
      [
       193,
       10
      ]
     ]
    ]
   }
  },
  {
   "type": "Feature",
   "properties": {
    "id": "35.06.10",
    "r0": 10,
    "c0": 193,
    "r1": 12,
    "c1": 196
   },
   "geometry": {
    "type": "Polygon",
    "coordinates": [
     [
      [
       193,
       10
      ],
      [
       197,
       10
      ],
      [
       197,
       13
      ],
      [
       193,
       13
      ],
      [
       193,
       10
      ]
     ]
    ]
   }
  },
  {
   "type": "Feature",
   "properties": {
    "id": "35.06.08",
    "r0": 13,
    "c0": 193,
    "r1": 14,
    "c1": 194
   },
   "geometry": {
    "type": "Polygon",
    "coordinates": [
     [
      [
       193,
       13
      ],
      [
       195,
       13
      ],
      [
       195,
       15
      ],
      [
       193,
       15
      ],
      [
       193,
       13
      ]
     ]
    ]
   }
  },
  {
   "type": "Feature",
   "properties": {
    "id": "35.06.07",
    "r0": 13,
    "c0": 195,
    "r1": 14,
    "c1": 196
   },
   "geometry": {
    "type": "Polygon",
    "coordinates": [
     [
      [
       195,
       13
      ],
      [
       197,
       13
      ],
      [
       197,
       15
      ],
      [
       195,
       15
      ],
      [
       195,
       13
      ]
     ]
    ]
   }
  },
  {
   "type": "Feature",
   "properties": {
    "id": "35.06.04",
    "r0": 10,
    "c0": 197,
    "r1": 11,
    "c1": 200
   },
   "geometry": {
    "type": "Polygon",
    "coordinates": [
     [
      [
       197,
       10
      ],
      [
       201,
       10
      ],
      [
       201,
       12
      ],
      [
       197,
       12
      ],
      [
       197,
       10
      ]
     ]
    ]
   }
  },
  {
   "type": "Feature",
   "properties": {
    "id": "35.06.26",
    "r0": 12,
    "c0": 197,
    "r1": 14,
    "c1": 198
   },
   "geometry": {
    "type": "Polygon",
    "coordinates": [
     [
      [
       197,
       12
      ],
      [
       199,
       12
      ],
      [
       199,
       15
      ],
      [
       197,
       15
      ],
      [
       197,
       12
      ]
     ]
    ]
   }
  },
  {
   "type": "Feature",
   "properties": {
    "id": "35.06.13",
    "r0": 12,
    "c0": 199,
    "r1": 14,
    "c1": 200
   },
   "geometry": {
    "type": "Polygon",
    "coordinates": [
     [
      [
       199,
       12
      ],
      [
       201,
       12
      ],
      [
       201,
       15
      ],
      [
       199,
       15
      ],
      [
       199,
       12
      ]
     ]
    ]
   }
  },
  {
   "type": "Feature",
   "properties": {
    "id": "35.06.21",
    "r0": 15,
    "c0": 193,
    "r1": 16,
    "c1": 196
   },
   "geometry": {
    "type": "Polygon",
    "coordinates": [
     [
      [
       193,
       15
      ],
      [
       197,
       15
      ],
      [
       197,
       17
      ],
      [
       193,
       17
      ],
      [
       193,
       15
      ]
     ]
    ]
   }
  },
  {
   "type": "Feature",
   "properties": {
    "id": "35.06.19",
    "r0": 17,
    "c0": 193,
    "r1": 19,
    "c1": 196
   },
   "geometry": {
    "type": "Polygon",
    "coordinates": [
     [
      [
       193,
       17
      ],
      [
       197,
       17
      ],
      [
       197,
       20
      ],
      [
       193,
       20
      ],
      [
       193,
       17
      ]
     ]
    ]
   }
  },
  {
   "type": "Feature",
   "properties": {
    "id": "35.06.24",
    "r0": 15,
    "c0": 197,
    "r1": 15,
    "c1": 200
   },
   "geometry": {
    "type": "Polygon",
    "coordinates": [
     [
      [
       197,
       15
      ],
      [
       201,
       15
      ],
      [
       201,
       16
      ],
      [
       197,
       16
      ],
      [
       197,
       15
      ]
     ]
    ]
   }
  },
  {
   "type": "Feature",
   "properties": {
    "id": "35.06.03",
    "r0": 16,
    "c0": 197,
    "r1": 17,
    "c1": 200
   },
   "geometry": {
    "type": "Polygon",
    "coordinates": [
     [
      [
       197,
       16
      ],
      [
       201,
       16
      ],
      [
       201,
       18
      ],
      [
       197,
       18
      ],
      [
       197,
       16
      ]
     ]
    ]
   }
  },
  {
   "type": "Feature",
   "properties": {
    "id": "35.06.16",
    "r0": 18,
    "c0": 197,
    "r1": 19,
    "c1": 198
   },
   "geometry": {
    "type": "Polygon",
    "coordinates": [
     [
      [
       197,
       18
      ],
      [
       199,
       18
      ],
      [
       199,
       20
      ],
      [
       197,
       20
      ],
      [
       197,
       18
      ]
     ]
    ]
   }
  },
  {
   "type": "Feature",
   "properties": {
    "id": "35.06.22",
    "r0": 18,
    "c0": 199,
    "r1": 19,
    "c1": 200
   },
   "geometry": {
    "type": "Polygon",
    "coordinates": [
     [
      [
       199,
       18
      ],
      [
       201,
       18
      ],
      [
       201,
       20
      ],
      [
       199,
       20
      ],
      [
       199,
       18
      ]
     ]
    ]
   }
  },
  {
   "type": "Feature",
   "properties": {
    "id": "35.06.23",
    "r0": 10,
    "c0": 201,
    "r1": 10,
    "c1": 204
   },
   "geometry": {
    "type": "Polygon",
    "coordinates": [
     [
      [
       201,
       10
      ],
      [
       205,
       10
      ],
      [
       205,
       11
      ],
      [
       201,
       11
      ],
      [
       201,
       10
      ]
     ]
    ]
   }
  },
  {
   "type": "Feature",
   "properties": {
    "id": "35.06.15",
    "r0": 11,
    "c0": 201,
    "r1": 14,
    "c1": 203
   },
   "geometry": {
    "type": "Polygon",
    "coordinates": [
     [
      [
       201,
       11
      ],
      [
       204,
       11
      ],
      [
       204,
       15
      ],
      [
       201,
       15
      ],
      [
       201,
       11
      ]
     ]
    ]
   }
  },
  {
   "type": "Feature",
   "properties": {
    "id": "35.06.17",
    "r0": 11,
    "c0": 204,
    "r1": 14,
    "c1": 204
   },
   "geometry": {
    "type": "Polygon",
    "coordinates": [
     [
      [
       204,
       11
      ],
      [
       205,
       11
      ],
      [
       205,
       15
      ],
      [
       204,
       15
      ],
      [
       204,
       11
      ]
     ]
    ]
   }
  },
  {
   "type": "Feature",
   "properties": {
    "id": "35.06.11",
    "r0": 10,
    "c0": 205,
    "r1": 11,
    "c1": 207
   },
   "geometry": {
    "type": "Polygon",
    "coordinates": [
     [
      [
       205,
       10
      ],
      [
       208,
       10
      ],
      [
       208,
       12
      ],
      [
       205,
       12
      ],
      [
       205,
       10
      ]
     ]
    ]
   }
  },
  {
   "type": "Feature",
   "properties": {
    "id": "35.06.18",
    "r0": 12,
    "c0": 205,
    "r1": 14,
    "c1": 207
   },
   "geometry": {
    "type": "Polygon",
    "coordinates": [
     [
      [
       205,
       12
      ],
      [
       208,
       12
      ],
      [
       208,
       15
      ],
      [
       205,
       15
      ],
      [
       205,
       12
      ]
     ]
    ]
   }
  },
  {
   "type": "Feature",
   "properties": {
    "id": "35.06.05",
    "r0": 10,
    "c0": 208,
    "r1": 12,
    "c1": 209
   },
   "geometry": {
    "type": "Polygon",
    "coordinates": [
     [
      [
       208,
       10
      ],
      [
       210,
       10
      ],
      [
       210,
       13
      ],
      [
       208,
       13
      ],
      [
       208,
       10
      ]
     ]
    ]
   }
  },
  {
   "type": "Feature",
   "properties": {
    "id": "35.06.02",
    "r0": 13,
    "c0": 208,
    "r1": 14,
    "c1": 209
   },
   "geometry": {
    "type": "Polygon",
    "coordinates": [
     [
      [
       208,
       13
      ],
      [
       210,
       13
      ],
      [
       210,
       15
      ],
      [
       208,
       15
      ],
      [
       208,
       13
      ]
     ]
    ]
   }
  },
  {
   "type": "Feature",
   "properties": {
    "id": "35.06.20",
    "r0": 15,
    "c0": 201,
    "r1": 19,
    "c1": 202
   },
   "geometry": {
    "type": "Polygon",
    "coordinates": [
     [
      [
       201,
       15
      ],
      [
       203,
       15
      ],
      [
       203,
       20
      ],
      [
       201,
       20
      ],
      [
       201,
       15
      ]
     ]
    ]
   }
  },
  {
   "type": "Feature",
   "properties": {
    "id": "35.06.01",
    "r0": 15,
    "c0": 203,
    "r1": 16,
    "c1": 205
   },
   "geometry": {
    "type": "Polygon",
    "coordinates": [
     [
      [
       203,
       15
      ],
      [
       206,
       15
      ],
      [
       206,
       17
      ],
      [
       203,
       17
      ],
      [
       203,
       15
      ]
     ]
    ]
   }
  },
  {
   "type": "Feature",
   "properties": {
    "id": "35.06.09",
    "r0": 17,
    "c0": 203,
    "r1": 19,
    "c1": 205
   },
   "geometry": {
    "type": "Polygon",
    "coordinates": [
     [
      [
       203,
       17
      ],
      [
       206,
       17
      ],
      [
       206,
       20
      ],
      [
       203,
       20
      ],
      [
       203,
       17
      ]
     ]
    ]
   }
  },
  {
   "type": "Feature",
   "properties": {
    "id": "35.06.14",
    "r0": 15,
    "c0": 206,
    "r1": 16,
    "c1": 207
   },
   "geometry": {
    "type": "Polygon",
    "coordinates": [
     [
      [
       206,
       15
      ],
      [
       208,
       15
      ],
      [
       208,
       17
      ],
      [
       206,
       17
      ],
      [
       206,
       15
      ]
     ]
    ]
   }
  },
  {
   "type": "Feature",
   "properties": {
    "id": "35.06.25",
    "r0": 15,
    "c0": 208,
    "r1": 16,
    "c1": 209
   },
   "geometry": {
    "type": "Polygon",
    "coordinates": [
     [
      [
       208,
       15
      ],
      [
       210,
       15
      ],
      [
       210,
       17
      ],
      [
       208,
       17
      ],
      [
       208,
       15
      ]
     ]
    ]
   }
  },
  {
   "type": "Feature",
   "properties": {
    "id": "35.06.06",
    "r0": 17,
    "c0": 206,
    "r1": 19,
    "c1": 208
   },
   "geometry": {
    "type": "Polygon",
    "coordinates": [
     [
      [
       206,
       17
      ],
      [
       209,
       17
      ],
      [
       209,
       20
      ],
      [
       206,
       20
      ],
      [
       206,
       17
      ]
     ]
    ]
   }
  },
  {
   "type": "Feature",
   "properties": {
    "id": "35.06.12",
    "r0": 17,
    "c0": 209,
    "r1": 19,
    "c1": 209
   },
   "geometry": {
    "type": "Polygon",
    "coordinates": [
     [
      [
       209,
       17
      ],
      [
       210,
       17
      ],
      [
       210,
       20
      ],
      [
       209,
       20
      ],
      [
       209,
       17
      ]
     ]
    ]
   }
  },
  {
   "type": "Feature",
   "properties": {
    "id": "35.29",
    "r0": 20,
    "c0": 193,
    "r1": 32,
    "c1": 203
   },
   "geometry": {
    "type": "Polygon",
    "coordinates": [
     [
      [
       193,
       20
      ],
      [
       204,
       20
      ],
      [
       204,
       33
      ],
      [
       193,
       33
      ],
      [
       193,
       20
      ]
     ]
    ]
   }
  },
  {
   "type": "Feature",
   "properties": {
    "id": "35.29.05",
    "r0": 20,
    "c0": 193,
    "r1": 22,
    "c1": 197
   },
   "geometry": {
    "type": "Polygon",
    "coordinates": [
     [
      [
       193,
       20
      ],
      [
       198,
       20
      ],
      [
       198,
       23
      ],
      [
       193,
       23
      ],
      [
       193,
       20
      ]
     ]
    ]
   }
  },
  {
   "type": "Feature",
   "properties": {
    "id": "35.29.11",
    "r0": 23,
    "c0": 193,
    "r1": 25,
    "c1": 194
   },
   "geometry": {
    "type": "Polygon",
    "coordinates": [
     [
      [
       193,
       23
      ],
      [
       195,
       23
      ],
      [
       195,
       26
      ],
      [
       193,
       26
      ],
      [
       193,
       23
      ]
     ]
    ]
   }
  },
  {
   "type": "Feature",
   "properties": {
    "id": "35.29.08",
    "r0": 23,
    "c0": 195,
    "r1": 25,
    "c1": 197
   },
   "geometry": {
    "type": "Polygon",
    "coordinates": [
     [
      [
       195,
       23
      ],
      [
       198,
       23
      ],
      [
       198,
       26
      ],
      [
       195,
       26
      ],
      [
       195,
       23
      ]
     ]
    ]
   }
  },
  {
   "type": "Feature",
   "properties": {
    "id": "35.29.06",
    "r0": 20,
    "c0": 198,
    "r1": 22,
    "c1": 199
   },
   "geometry": {
    "type": "Polygon",
    "coordinates": [
     [
      [
       198,
       20
      ],
      [
       200,
       20
      ],
      [
       200,
       23
      ],
      [
       198,
       23
      ],
      [
       198,
       20
      ]
     ]
    ]
   }
  },
  {
   "type": "Feature",
   "properties": {
    "id": "35.29.22",
    "r0": 23,
    "c0": 198,
    "r1": 25,
    "c1": 199
   },
   "geometry": {
    "type": "Polygon",
    "coordinates": [
     [
      [
       198,
       23
      ],
      [
       200,
       23
      ],
      [
       200,
       26
      ],
      [
       198,
       26
      ],
      [
       198,
       23
      ]
     ]
    ]
   }
  },
  {
   "type": "Feature",
   "properties": {
    "id": "35.29.19",
    "r0": 20,
    "c0": 200,
    "r1": 23,
    "c1": 203
   },
   "geometry": {
    "type": "Polygon",
    "coordinates": [
     [
      [
       200,
       20
      ],
      [
       204,
       20
      ],
      [
       204,
       24
      ],
      [
       200,
       24
      ],
      [
       200,
       20
      ]
     ]
    ]
   }
  },
  {
   "type": "Feature",
   "properties": {
    "id": "35.29.26",
    "r0": 24,
    "c0": 200,
    "r1": 25,
    "c1": 203
   },
   "geometry": {
    "type": "Polygon",
    "coordinates": [
     [
      [
       200,
       24
      ],
      [
       204,
       24
      ],
      [
       204,
       26
      ],
      [
       200,
       26
      ],
      [
       200,
       24
      ]
     ]
    ]
   }
  },
  {
   "type": "Feature",
   "properties": {
    "id": "35.29.09",
    "r0": 26,
    "c0": 193,
    "r1": 29,
    "c1": 194
   },
   "geometry": {
    "type": "Polygon",
    "coordinates": [
     [
      [
       193,
       26
      ],
      [
       195,
       26
      ],
      [
       195,
       30
      ],
      [
       193,
       30
      ],
      [
       193,
       26
      ]
     ]
    ]
   }
  },
  {
   "type": "Feature",
   "properties": {
    "id": "35.29.07",
    "r0": 26,
    "c0": 195,
    "r1": 29,
    "c1": 198
   },
   "geometry": {
    "type": "Polygon",
    "coordinates": [
     [
      [
       195,
       26
      ],
      [
       199,
       26
      ],
      [
       199,
       30
      ],
      [
       195,
       30
      ],
      [
       195,
       26
      ]
     ]
    ]
   }
  },
  {
   "type": "Feature",
   "properties": {
    "id": "35.29.15",
    "r0": 30,
    "c0": 193,
    "r1": 32,
    "c1": 193
   },
   "geometry": {
    "type": "Polygon",
    "coordinates": [
     [
      [
       193,
       30
      ],
      [
       194,
       30
      ],
      [
       194,
       33
      ],
      [
       193,
       33
      ],
      [
       193,
       30
      ]
     ]
    ]
   }
  },
  {
   "type": "Feature",
   "properties": {
    "id": "35.29.18",
    "r0": 30,
    "c0": 194,
    "r1": 32,
    "c1": 195
   },
   "geometry": {
    "type": "Polygon",
    "coordinates": [
     [
      [
       194,
       30
      ],
      [
       196,
       30
      ],
      [
       196,
       33
      ],
      [
       194,
       33
      ],
      [
       194,
       30
      ]
     ]
    ]
   }
  },
  {
   "type": "Feature",
   "properties": {
    "id": "35.29.01",
    "r0": 30,
    "c0": 196,
    "r1": 32,
    "c1": 198
   },
   "geometry": {
    "type": "Polygon",
    "coordinates": [
     [
      [
       196,
       30
      ],
      [
       199,
       30
      ],
      [
       199,
       33
      ],
      [
       196,
       33
      ],
      [
       196,
       30
      ]
     ]
    ]
   }
  },
  {
   "type": "Feature",
   "properties": {
    "id": "35.29.16",
    "r0": 26,
    "c0": 199,
    "r1": 28,
    "c1": 199
   },
   "geometry": {
    "type": "Polygon",
    "coordinates": [
     [
      [
       199,
       26
      ],
      [
       200,
       26
      ],
      [
       200,
       29
      ],
      [
       199,
       29
      ],
      [
       199,
       26
      ]
     ]
    ]
   }
  },
  {
   "type": "Feature",
   "properties": {
    "id": "35.29.10",
    "r0": 26,
    "c0": 200,
    "r1": 28,
    "c1": 202
   },
   "geometry": {
    "type": "Polygon",
    "coordinates": [
     [
      [
       200,
       26
      ],
      [
       203,
       26
      ],
      [
       203,
       29
      ],
      [
       200,
       29
      ],
      [
       200,
       26
      ]
     ]
    ]
   }
  },
  {
   "type": "Feature",
   "properties": {
    "id": "35.29.04",
    "r0": 26,
    "c0": 203,
    "r1": 28,
    "c1": 203
   },
   "geometry": {
    "type": "Polygon",
    "coordinates": [
     [
      [
       203,
       26
      ],
      [
       204,
       26
      ],
      [
       204,
       29
      ],
      [
       203,
       29
      ],
      [
       203,
       26
      ]
     ]
    ]
   }
  },
  {
   "type": "Feature",
   "properties": {
    "id": "35.29.13",
    "r0": 29,
    "c0": 199,
    "r1": 29,
    "c1": 201
   },
   "geometry": {
    "type": "Polygon",
    "coordinates": [
     [
      [
       199,
       29
      ],
      [
       202,
       29
      ],
      [
       202,
       30
      ],
      [
       199,
       30
      ],
      [
       199,
       29
      ]
     ]
    ]
   }
  },
  {
   "type": "Feature",
   "properties": {
    "id": "35.29.20",
    "r0": 30,
    "c0": 199,
    "r1": 32,
    "c1": 201
   },
   "geometry": {
    "type": "Polygon",
    "coordinates": [
     [
      [
       199,
       30
      ],
      [
       202,
       30
      ],
      [
       202,
       33
      ],
      [
       199,
       33
      ],
      [
       199,
       30
      ]
     ]
    ]
   }
  },
  {
   "type": "Feature",
   "properties": {
    "id": "35.29.03",
    "r0": 29,
    "c0": 202,
    "r1": 29,
    "c1": 203
   },
   "geometry": {
    "type": "Polygon",
    "coordinates": [
     [
      [
       202,
       29
      ],
      [
       204,
       29
      ],
      [
       204,
       30
      ],
      [
       202,
       30
      ],
      [
       202,
       29
      ]
     ]
    ]
   }
  },
  {
   "type": "Feature",
   "properties": {
    "id": "35.29.02",
    "r0": 30,
    "c0": 202,
    "r1": 32,
    "c1": 203
   },
   "geometry": {
    "type": "Polygon",
    "coordinates": [
     [
      [
       202,
       30
      ],
      [
       204,
       30
      ],
      [
       204,
       33
      ],
      [
       202,
       33
      ],
      [
       202,
       30
      ]
     ]
    ]
   }
  },
  {
   "type": "Feature",
   "properties": {
    "id": "35.27",
    "r0": 20,
    "c0": 204,
    "r1": 32,
    "c1": 209
   },
   "geometry": {
    "type": "Polygon",
    "coordinates": [
     [
      [
       204,
       20
      ],
      [
       210,
       20
      ],
      [
       210,
       33
      ],
      [
       204,
       33
      ],
      [
       204,
       20
      ]
     ]
    ]
   }
  },
  {
   "type": "Feature",
   "properties": {
    "id": "35.27.03",
    "r0": 20,
    "c0": 204,
    "r1": 22,
    "c1": 207
   },
   "geometry": {
    "type": "Polygon",
    "coordinates": [
     [
      [
       204,
       20
      ],
      [
       208,
       20
      ],
      [
       208,
       23
      ],
      [
       204,
       23
      ],
      [
       204,
       20
      ]
     ]
    ]
   }
  },
  {
   "type": "Feature",
   "properties": {
    "id": "35.27.04",
    "r0": 20,
    "c0": 208,
    "r1": 22,
    "c1": 209
   },
   "geometry": {
    "type": "Polygon",
    "coordinates": [
     [
      [
       208,
       20
      ],
      [
       210,
       20
      ],
      [
       210,
       23
      ],
      [
       208,
       23
      ],
      [
       208,
       20
      ]
     ]
    ]
   }
  },
  {
   "type": "Feature",
   "properties": {
    "id": "35.27.05",
    "r0": 23,
    "c0": 204,
    "r1": 26,
    "c1": 206
   },
   "geometry": {
    "type": "Polygon",
    "coordinates": [
     [
      [
       204,
       23
      ],
      [
       207,
       23
      ],
      [
       207,
       27
      ],
      [
       204,
       27
      ],
      [
       204,
       23
      ]
     ]
    ]
   }
  },
  {
   "type": "Feature",
   "properties": {
    "id": "35.27.13",
    "r0": 23,
    "c0": 207,
    "r1": 23,
    "c1": 209
   },
   "geometry": {
    "type": "Polygon",
    "coordinates": [
     [
      [
       207,
       23
      ],
      [
       210,
       23
      ],
      [
       210,
       24
      ],
      [
       207,
       24
      ],
      [
       207,
       23
      ]
     ]
    ]
   }
  },
  {
   "type": "Feature",
   "properties": {
    "id": "35.27.07",
    "r0": 24,
    "c0": 207,
    "r1": 26,
    "c1": 209
   },
   "geometry": {
    "type": "Polygon",
    "coordinates": [
     [
      [
       207,
       24
      ],
      [
       210,
       24
      ],
      [
       210,
       27
      ],
      [
       207,
       27
      ],
      [
       207,
       24
      ]
     ]
    ]
   }
  },
  {
   "type": "Feature",
   "properties": {
    "id": "35.27.06",
    "r0": 27,
    "c0": 204,
    "r1": 30,
    "c1": 205
   },
   "geometry": {
    "type": "Polygon",
    "coordinates": [
     [
      [
       204,
       27
      ],
      [
       206,
       27
      ],
      [
       206,
       31
      ],
      [
       204,
       31
      ],
      [
       204,
       27
      ]
     ]
    ]
   }
  },
  {
   "type": "Feature",
   "properties": {
    "id": "35.27.01",
    "r0": 27,
    "c0": 206,
    "r1": 30,
    "c1": 206
   },
   "geometry": {
    "type": "Polygon",
    "coordinates": [
     [
      [
       206,
       27
      ],
      [
       207,
       27
      ],
      [
       207,
       31
      ],
      [
       206,
       31
      ],
      [
       206,
       27
      ]
     ]
    ]
   }
  },
  {
   "type": "Feature",
   "properties": {
    "id": "35.27.08",
    "r0": 31,
    "c0": 204,
    "r1": 32,
    "c1": 206
   },
   "geometry": {
    "type": "Polygon",
    "coordinates": [
     [
      [
       204,
       31
      ],
      [
       207,
       31
      ],
      [
       207,
       33
      ],
      [
       204,
       33
      ],
      [
       204,
       31
      ]
     ]
    ]
   }
  },
  {
   "type": "Feature",
   "properties": {
    "id": "35.27.10",
    "r0": 27,
    "c0": 207,
    "r1": 28,
    "c1": 209
   },
   "geometry": {
    "type": "Polygon",
    "coordinates": [
     [
      [
       207,
       27
      ],
      [
       210,
       27
      ],
      [
       210,
       29
      ],
      [
       207,
       29
      ],
      [
       207,
       27
      ]
     ]
    ]
   }
  },
  {
   "type": "Feature",
   "properties": {
    "id": "35.27.14",
    "r0": 29,
    "c0": 207,
    "r1": 30,
    "c1": 209
   },
   "geometry": {
    "type": "Polygon",
    "coordinates": [
     [
      [
       207,
       29
      ],
      [
       210,
       29
      ],
      [
       210,
       31
      ],
      [
       207,
       31
      ],
      [
       207,
       29
      ]
     ]
    ]
   }
  },
  {
   "type": "Feature",
   "properties": {
    "id": "35.27.02",
    "r0": 31,
    "c0": 207,
    "r1": 32,
    "c1": 209
   },
   "geometry": {
    "type": "Polygon",
    "coordinates": [
     [
      [
       207,
       31
      ],
      [
       210,
       31
      ],
      [
       210,
       33
      ],
      [
       207,
       33
      ],
      [
       207,
       31
      ]
     ]
    ]
   }
  },
  {
   "type": "Feature",
   "properties": {
    "id": "35.12",
    "r0": 0,
    "c0": 210,
    "r1": 10,
    "c1": 217
   },
   "geometry": {
    "type": "Polygon",
    "coordinates": [
     [
      [
       210,
       0
      ],
      [
       218,
       0
      ],
      [
       218,
       11
      ],
      [
       210,
       11
      ],
      [
       210,
       0
      ]
     ]
    ]
   }
  },
  {
   "type": "Feature",
   "properties": {
    "id": "35.12.12",
    "r0": 0,
    "c0": 210,
    "r1": 2,
    "c1": 211
   },
   "geometry": {
    "type": "Polygon",
    "coordinates": [
     [
      [
       210,
       0
      ],
      [
       212,
       0
      ],
      [
       212,
       3
      ],
      [
       210,
       3
      ],
      [
       210,
       0
      ]
     ]
    ]
   }
  },
  {
   "type": "Feature",
   "properties": {
    "id": "35.12.04",
    "r0": 0,
    "c0": 212,
    "r1": 2,
    "c1": 212
   },
   "geometry": {
    "type": "Polygon",
    "coordinates": [
     [
      [
       212,
       0
      ],
      [
       213,
       0
      ],
      [
       213,
       3
      ],
      [
       212,
       3
      ],
      [
       212,
       0
      ]
     ]
    ]
   }
  },
  {
   "type": "Feature",
   "properties": {
    "id": "35.12.06",
    "r0": 3,
    "c0": 210,
    "r1": 5,
    "c1": 211
   },
   "geometry": {
    "type": "Polygon",
    "coordinates": [
     [
      [
       210,
       3
      ],
      [
       212,
       3
      ],
      [
       212,
       6
      ],
      [
       210,
       6
      ],
      [
       210,
       3
      ]
     ]
    ]
   }
  },
  {
   "type": "Feature",
   "properties": {
    "id": "35.12.15",
    "r0": 3,
    "c0": 212,
    "r1": 5,
    "c1": 212
   },
   "geometry": {
    "type": "Polygon",
    "coordinates": [
     [
      [
       212,
       3
      ],
      [
       213,
       3
      ],
      [
       213,
       6
      ],
      [
       212,
       6
      ],
      [
       212,
       3
      ]
     ]
    ]
   }
  },
  {
   "type": "Feature",
   "properties": {
    "id": "35.12.08",
    "r0": 0,
    "c0": 213,
    "r1": 1,
    "c1": 217
   },
   "geometry": {
    "type": "Polygon",
    "coordinates": [
     [
      [
       213,
       0
      ],
      [
       218,
       0
      ],
      [
       218,
       2
      ],
      [
       213,
       2
      ],
      [
       213,
       0
      ]
     ]
    ]
   }
  },
  {
   "type": "Feature",
   "properties": {
    "id": "35.12.11",
    "r0": 2,
    "c0": 213,
    "r1": 5,
    "c1": 215
   },
   "geometry": {
    "type": "Polygon",
    "coordinates": [
     [
      [
       213,
       2
      ],
      [
       216,
       2
      ],
      [
       216,
       6
      ],
      [
       213,
       6
      ],
      [
       213,
       2
      ]
     ]
    ]
   }
  },
  {
   "type": "Feature",
   "properties": {
    "id": "35.12.13",
    "r0": 2,
    "c0": 216,
    "r1": 5,
    "c1": 217
   },
   "geometry": {
    "type": "Polygon",
    "coordinates": [
     [
      [
       216,
       2
      ],
      [
       218,
       2
      ],
      [
       218,
       6
      ],
      [
       216,
       6
      ],
      [
       216,
       2
      ]
     ]
    ]
   }
  },
  {
   "type": "Feature",
   "properties": {
    "id": "35.12.05",
    "r0": 6,
    "c0": 210,
    "r1": 7,
    "c1": 210
   },
   "geometry": {
    "type": "Polygon",
    "coordinates": [
     [
      [
       210,
       6
      ],
      [
       211,
       6
      ],
      [
       211,
       8
      ],
      [
       210,
       8
      ],
      [
       210,
       6
      ]
     ]
    ]
   }
  },
  {
   "type": "Feature",
   "properties": {
    "id": "35.12.16",
    "r0": 6,
    "c0": 211,
    "r1": 7,
    "c1": 212
   },
   "geometry": {
    "type": "Polygon",
    "coordinates": [
     [
      [
       211,
       6
      ],
      [
       213,
       6
      ],
      [
       213,
       8
      ],
      [
       211,
       8
      ],
      [
       211,
       6
      ]
     ]
    ]
   }
  },
  {
   "type": "Feature",
   "properties": {
    "id": "35.12.14",
    "r0": 6,
    "c0": 213,
    "r1": 7,
    "c1": 213
   },
   "geometry": {
    "type": "Polygon",
    "coordinates": [
     [
      [
       213,
       6
      ],
      [
       214,
       6
      ],
      [
       214,
       8
      ],
      [
       213,
       8
      ],
      [
       213,
       6
      ]
     ]
    ]
   }
  },
  {
   "type": "Feature",
   "properties": {
    "id": "35.12.02",
    "r0": 8,
    "c0": 210,
    "r1": 10,
    "c1": 212
   },
   "geometry": {
    "type": "Polygon",
    "coordinates": [
     [
      [
       210,
       8
      ],
      [
       213,
       8
      ],
      [
       213,
       11
      ],
      [
       210,
       11
      ],
      [
       210,
       8
      ]
     ]
    ]
   }
  },
  {
   "type": "Feature",
   "properties": {
    "id": "35.12.17",
    "r0": 8,
    "c0": 213,
    "r1": 10,
    "c1": 213
   },
   "geometry": {
    "type": "Polygon",
    "coordinates": [
     [
      [
       213,
       8
      ],
      [
       214,
       8
      ],
      [
       214,
       11
      ],
      [
       213,
       11
      ],
      [
       213,
       8
      ]
     ]
    ]
   }
  },
  {
   "type": "Feature",
   "properties": {
    "id": "35.12.03",
    "r0": 6,
    "c0": 214,
    "r1": 7,
    "c1": 217
   },
   "geometry": {
    "type": "Polygon",
    "coordinates": [
     [
      [
       214,
       6
      ],
      [
       218,
       6
      ],
      [
       218,
       8
      ],
      [
       214,
       8
      ],
      [
       214,
       6
      ]
     ]
    ]
   }
  },
  {
   "type": "Feature",
   "properties": {
    "id": "35.12.10",
    "r0": 8,
    "c0": 214,
    "r1": 10,
    "c1": 215
   },
   "geometry": {
    "type": "Polygon",
    "coordinates": [
     [
      [
       214,
       8
      ],
      [
       216,
       8
      ],
      [
       216,
       11
      ],
      [
       214,
       11
      ],
      [
       214,
       8
      ]
     ]
    ]
   }
  },
  {
   "type": "Feature",
   "properties": {
    "id": "35.12.01",
    "r0": 8,
    "c0": 216,
    "r1": 9,
    "c1": 217
   },
   "geometry": {
    "type": "Polygon",
    "coordinates": [
     [
      [
       216,
       8
      ],
      [
       218,
       8
      ],
      [
       218,
       10
      ],
      [
       216,
       10
      ],
      [
       216,
       8
      ]
     ]
    ]
   }
  },
  {
   "type": "Feature",
   "properties": {
    "id": "35.12.07",
    "r0": 10,
    "c0": 216,
    "r1": 10,
    "c1": 217
   },
   "geometry": {
    "type": "Polygon",
    "coordinates": [
     [
      [
       216,
       10
      ],
      [
       218,
       10
      ],
      [
       218,
       11
      ],
      [
       216,
       11
      ],
      [
       216,
       10
      ]
     ]
    ]
   }
  },
  {
   "type": "Feature",
   "properties": {
    "id": "35.78",
    "r0": 0,
    "c0": 218,
    "r1": 10,
    "c1": 225
   },
   "geometry": {
    "type": "Polygon",
    "coordinates": [
     [
      [
       218,
       0
      ],
      [
       226,
       0
      ],
      [
       226,
       11
      ],
      [
       218,
       11
      ],
      [
       218,
       0
      ]
     ]
    ]
   }
  },
  {
   "type": "Feature",
   "properties": {
    "id": "35.78.08",
    "r0": 0,
    "c0": 218,
    "r1": 2,
    "c1": 219
   },
   "geometry": {
    "type": "Polygon",
    "coordinates": [
     [
      [
       218,
       0
      ],
      [
       220,
       0
      ],
      [
       220,
       3
      ],
      [
       218,
       3
      ],
      [
       218,
       0
      ]
     ]
    ]
   }
  },
  {
   "type": "Feature",
   "properties": {
    "id": "35.78.13",
    "r0": 0,
    "c0": 220,
    "r1": 2,
    "c1": 221
   },
   "geometry": {
    "type": "Polygon",
    "coordinates": [
     [
      [
       220,
       0
      ],
      [
       222,
       0
      ],
      [
       222,
       3
      ],
      [
       220,
       3
      ],
      [
       220,
       0
      ]
     ]
    ]
   }
  },
  {
   "type": "Feature",
   "properties": {
    "id": "35.78.16",
    "r0": 3,
    "c0": 218,
    "r1": 3,
    "c1": 219
   },
   "geometry": {
    "type": "Polygon",
    "coordinates": [
     [
      [
       218,
       3
      ],
      [
       220,
       3
      ],
      [
       220,
       4
      ],
      [
       218,
       4
      ],
      [
       218,
       3
      ]
     ]
    ]
   }
  },
  {
   "type": "Feature",
   "properties": {
    "id": "35.78.28",
    "r0": 4,
    "c0": 218,
    "r1": 5,
    "c1": 219
   },
   "geometry": {
    "type": "Polygon",
    "coordinates": [
     [
      [
       218,
       4
      ],
      [
       220,
       4
      ],
      [
       220,
       6
      ],
      [
       218,
       6
      ],
      [
       218,
       4
      ]
     ]
    ]
   }
  },
  {
   "type": "Feature",
   "properties": {
    "id": "35.78.30",
    "r0": 3,
    "c0": 220,
    "r1": 3,
    "c1": 221
   },
   "geometry": {
    "type": "Polygon",
    "coordinates": [
     [
      [
       220,
       3
      ],
      [
       222,
       3
      ],
      [
       222,
       4
      ],
      [
       220,
       4
      ],
      [
       220,
       3
      ]
     ]
    ]
   }
  },
  {
   "type": "Feature",
   "properties": {
    "id": "35.78.20",
    "r0": 4,
    "c0": 220,
    "r1": 5,
    "c1": 221
   },
   "geometry": {
    "type": "Polygon",
    "coordinates": [
     [
      [
       220,
       4
      ],
      [
       222,
       4
      ],
      [
       222,
       6
      ],
      [
       220,
       6
      ],
      [
       220,
       4
      ]
     ]
    ]
   }
  },
  {
   "type": "Feature",
   "properties": {
    "id": "35.78.14",
    "r0": 0,
    "c0": 222,
    "r1": 1,
    "c1": 223
   },
   "geometry": {
    "type": "Polygon",
    "coordinates": [
     [
      [
       222,
       0
      ],
      [
       224,
       0
      ],
      [
       224,
       2
      ],
      [
       222,
       2
      ],
      [
       222,
       0
      ]
     ]
    ]
   }
  },
  {
   "type": "Feature",
   "properties": {
    "id": "35.78.18",
    "r0": 2,
    "c0": 222,
    "r1": 2,
    "c1": 223
   },
   "geometry": {
    "type": "Polygon",
    "coordinates": [
     [
      [
       222,
       2
      ],
      [
       224,
       2
      ],
      [
       224,
       3
      ],
      [
       222,
       3
      ],
      [
       222,
       2
      ]
     ]
    ]
   }
  },
  {
   "type": "Feature",
   "properties": {
    "id": "35.78.06",
    "r0": 0,
    "c0": 224,
    "r1": 0,
    "c1": 225
   },
   "geometry": {
    "type": "Polygon",
    "coordinates": [
     [
      [
       224,
       0
      ],
      [
       226,
       0
      ],
      [
       226,
       1
      ],
      [
       224,
       1
      ],
      [
       224,
       0
      ]
     ]
    ]
   }
  },
  {
   "type": "Feature",
   "properties": {
    "id": "35.78.02",
    "r0": 1,
    "c0": 224,
    "r1": 2,
    "c1": 225
   },
   "geometry": {
    "type": "Polygon",
    "coordinates": [
     [
      [
       224,
       1
      ],
      [
       226,
       1
      ],
      [
       226,
       3
      ],
      [
       224,
       3
      ],
      [
       224,
       1
      ]
     ]
    ]
   }
  },
  {
   "type": "Feature",
   "properties": {
    "id": "35.78.31",
    "r0": 3,
    "c0": 222,
    "r1": 4,
    "c1": 222
   },
   "geometry": {
    "type": "Polygon",
    "coordinates": [
     [
      [
       222,
       3
      ],
      [
       223,
       3
      ],
      [
       223,
       5
      ],
      [
       222,
       5
      ],
      [
       222,
       3
      ]
     ]
    ]
   }
  },
  {
   "type": "Feature",
   "properties": {
    "id": "35.78.12",
    "r0": 3,
    "c0": 223,
    "r1": 4,
    "c1": 223
   },
   "geometry": {
    "type": "Polygon",
    "coordinates": [
     [
      [
       223,
       3
      ],
      [
       224,
       3
      ],
      [
       224,
       5
      ],
      [
       223,
       5
      ],
      [
       223,
       3
      ]
     ]
    ]
   }
  },
  {
   "type": "Feature",
   "properties": {
    "id": "35.78.29",
    "r0": 5,
    "c0": 222,
    "r1": 5,
    "c1": 223
   },
   "geometry": {
    "type": "Polygon",
    "coordinates": [
     [
      [
       222,
       5
      ],
      [
       224,
       5
      ],
      [
       224,
       6
      ],
      [
       222,
       6
      ],
      [
       222,
       5
      ]
     ]
    ]
   }
  },
  {
   "type": "Feature",
   "properties": {
    "id": "35.78.17",
    "r0": 3,
    "c0": 224,
    "r1": 3,
    "c1": 225
   },
   "geometry": {
    "type": "Polygon",
    "coordinates": [
     [
      [
       224,
       3
      ],
      [
       226,
       3
      ],
      [
       226,
       4
      ],
      [
       224,
       4
      ],
      [
       224,
       3
      ]
     ]
    ]
   }
  },
  {
   "type": "Feature",
   "properties": {
    "id": "35.78.04",
    "r0": 4,
    "c0": 224,
    "r1": 5,
    "c1": 225
   },
   "geometry": {
    "type": "Polygon",
    "coordinates": [
     [
      [
       224,
       4
      ],
      [
       226,
       4
      ],
      [
       226,
       6
      ],
      [
       224,
       6
      ],
      [
       224,
       4
      ]
     ]
    ]
   }
  },
  {
   "type": "Feature",
   "properties": {
    "id": "35.78.05",
    "r0": 6,
    "c0": 218,
    "r1": 7,
    "c1": 218
   },
   "geometry": {
    "type": "Polygon",
    "coordinates": [
     [
      [
       218,
       6
      ],
      [
       219,
       6
      ],
      [
       219,
       8
      ],
      [
       218,
       8
      ],
      [
       218,
       6
      ]
     ]
    ]
   }
  },
  {
   "type": "Feature",
   "properties": {
    "id": "35.78.21",
    "r0": 6,
    "c0": 219,
    "r1": 7,
    "c1": 220
   },
   "geometry": {
    "type": "Polygon",
    "coordinates": [
     [
      [
       219,
       6
      ],
      [
       221,
       6
      ],
      [
       221,
       8
      ],
      [
       219,
       8
      ],
      [
       219,
       6
      ]
     ]
    ]
   }
  },
  {
   "type": "Feature",
   "properties": {
    "id": "35.78.22",
    "r0": 6,
    "c0": 221,
    "r1": 7,
    "c1": 221
   },
   "geometry": {
    "type": "Polygon",
    "coordinates": [
     [
      [
       221,
       6
      ],
      [
       222,
       6
      ],
      [
       222,
       8
      ],
      [
       221,
       8
      ],
      [
       221,
       6
      ]
     ]
    ]
   }
  },
  {
   "type": "Feature",
   "properties": {
    "id": "35.78.10",
    "r0": 8,
    "c0": 218,
    "r1": 10,
    "c1": 218
   },
   "geometry": {
    "type": "Polygon",
    "coordinates": [
     [
      [
       218,
       8
      ],
      [
       219,
       8
      ],
      [
       219,
       11
      ],
      [
       218,
       11
      ],
      [
       218,
       8
      ]
     ]
    ]
   }
  },
  {
   "type": "Feature",
   "properties": {
    "id": "35.78.26",
    "r0": 8,
    "c0": 219,
    "r1": 10,
    "c1": 220
   },
   "geometry": {
    "type": "Polygon",
    "coordinates": [
     [
      [
       219,
       8
      ],
      [
       221,
       8
      ],
      [
       221,
       11
      ],
      [
       219,
       11
      ],
      [
       219,
       8
      ]
     ]
    ]
   }
  },
  {
   "type": "Feature",
   "properties": {
    "id": "35.78.15",
    "r0": 8,
    "c0": 221,
    "r1": 10,
    "c1": 221
   },
   "geometry": {
    "type": "Polygon",
    "coordinates": [
     [
      [
       221,
       8
      ],
      [
       222,
       8
      ],
      [
       222,
       11
      ],
      [
       221,
       11
      ],
      [
       221,
       8
      ]
     ]
    ]
   }
  },
  {
   "type": "Feature",
   "properties": {
    "id": "35.78.07",
    "r0": 6,
    "c0": 222,
    "r1": 7,
    "c1": 223
   },
   "geometry": {
    "type": "Polygon",
    "coordinates": [
     [
      [
       222,
       6
      ],
      [
       224,
       6
      ],
      [
       224,
       8
      ],
      [
       222,
       8
      ],
      [
       222,
       6
      ]
     ]
    ]
   }
  },
  {
   "type": "Feature",
   "properties": {
    "id": "35.78.09",
    "r0": 8,
    "c0": 222,
    "r1": 8,
    "c1": 223
   },
   "geometry": {
    "type": "Polygon",
    "coordinates": [
     [
      [
       222,
       8
      ],
      [
       224,
       8
      ],
      [
       224,
       9
      ],
      [
       222,
       9
      ],
      [
       222,
       8
      ]
     ]
    ]
   }
  },
  {
   "type": "Feature",
   "properties": {
    "id": "35.78.25",
    "r0": 6,
    "c0": 224,
    "r1": 6,
    "c1": 225
   },
   "geometry": {
    "type": "Polygon",
    "coordinates": [
     [
      [
       224,
       6
      ],
      [
       226,
       6
      ],
      [
       226,
       7
      ],
      [
       224,
       7
      ],
      [
       224,
       6
      ]
     ]
    ]
   }
  },
  {
   "type": "Feature",
   "properties": {
    "id": "35.78.23",
    "r0": 7,
    "c0": 224,
    "r1": 8,
    "c1": 225
   },
   "geometry": {
    "type": "Polygon",
    "coordinates": [
     [
      [
       224,
       7
      ],
      [
       226,
       7
      ],
      [
       226,
       9
      ],
      [
       224,
       9
      ],
      [
       224,
       7
      ]
     ]
    ]
   }
  },
  {
   "type": "Feature",
   "properties": {
    "id": "35.78.03",
    "r0": 9,
    "c0": 222,
    "r1": 10,
    "c1": 222
   },
   "geometry": {
    "type": "Polygon",
    "coordinates": [
     [
      [
       222,
       9
      ],
      [
       223,
       9
      ],
      [
       223,
       11
      ],
      [
       222,
       11
      ],
      [
       222,
       9
      ]
     ]
    ]
   }
  },
  {
   "type": "Feature",
   "properties": {
    "id": "35.78.19",
    "r0": 9,
    "c0": 223,
    "r1": 10,
    "c1": 223
   },
   "geometry": {
    "type": "Polygon",
    "coordinates": [
     [
      [
       223,
       9
      ],
      [
       224,
       9
      ],
      [
       224,
       11
      ],
      [
       223,
       11
      ],
      [
       223,
       9
      ]
     ]
    ]
   }
  },
  {
   "type": "Feature",
   "properties": {
    "id": "35.78.11",
    "r0": 9,
    "c0": 224,
    "r1": 10,
    "c1": 224
   },
   "geometry": {
    "type": "Polygon",
    "coordinates": [
     [
      [
       224,
       9
      ],
      [
       225,
       9
      ],
      [
       225,
       11
      ],
      [
       224,
       11
      ],
      [
       224,
       9
      ]
     ]
    ]
   }
  },
  {
   "type": "Feature",
   "properties": {
    "id": "35.78.01",
    "r0": 9,
    "c0": 225,
    "r1": 10,
    "c1": 225
   },
   "geometry": {
    "type": "Polygon",
    "coordinates": [
     [
      [
       225,
       9
      ],
      [
       226,
       9
      ],
      [
       226,
       11
      ],
      [
       225,
       11
      ],
      [
       225,
       9
      ]
     ]
    ]
   }
  },
  {
   "type": "Feature",
   "properties": {
    "id": "35.09",
    "r0": 11,
    "c0": 210,
    "r1": 18,
    "c1": 225
   },
   "geometry": {
    "type": "Polygon",
    "coordinates": [
     [
      [
       210,
       11
      ],
      [
       226,
       11
      ],
      [
       226,
       19
      ],
      [
       210,
       19
      ],
      [
       210,
       11
      ]
     ]
    ]
   }
  },
  {
   "type": "Feature",
   "properties": {
    "id": "35.09.17",
    "r0": 11,
    "c0": 210,
    "r1": 11,
    "c1": 211
   },
   "geometry": {
    "type": "Polygon",
    "coordinates": [
     [
      [
       210,
       11
      ],
      [
       212,
       11
      ],
      [
       212,
       12
      ],
      [
       210,
       12
      ],
      [
       210,
       11
      ]
     ]
    ]
   }
  },
  {
   "type": "Feature",
   "properties": {
    "id": "35.09.27",
    "r0": 12,
    "c0": 210,
    "r1": 14,
    "c1": 211
   },
   "geometry": {
    "type": "Polygon",
    "coordinates": [
     [
      [
       210,
       12
      ],
      [
       212,
       12
      ],
      [
       212,
       15
      ],
      [
       210,
       15
      ],
      [
       210,
       12
      ]
     ]
    ]
   }
  },
  {
   "type": "Feature",
   "properties": {
    "id": "35.09.12",
    "r0": 11,
    "c0": 212,
    "r1": 12,
    "c1": 213
   },
   "geometry": {
    "type": "Polygon",
    "coordinates": [
     [
      [
       212,
       11
      ],
      [
       214,
       11
      ],
      [
       214,
       13
      ],
      [
       212,
       13
      ],
      [
       212,
       11
      ]
     ]
    ]
   }
  },
  {
   "type": "Feature",
   "properties": {
    "id": "35.09.11",
    "r0": 13,
    "c0": 212,
    "r1": 14,
    "c1": 213
   },
   "geometry": {
    "type": "Polygon",
    "coordinates": [
     [
      [
       212,
       13
      ],
      [
       214,
       13
      ],
      [
       214,
       15
      ],
      [
       212,
       15
      ],
      [
       212,
       13
      ]
     ]
    ]
   }
  },
  {
   "type": "Feature",
   "properties": {
    "id": "35.09.18",
    "r0": 15,
    "c0": 210,
    "r1": 16,
    "c1": 211
   },
   "geometry": {
    "type": "Polygon",
    "coordinates": [
     [
      [
       210,
       15
      ],
      [
       212,
       15
      ],
      [
       212,
       17
      ],
      [
       210,
       17
      ],
      [
       210,
       15
      ]
     ]
    ]
   }
  },
  {
   "type": "Feature",
   "properties": {
    "id": "35.09.21",
    "r0": 17,
    "c0": 210,
    "r1": 18,
    "c1": 211
   },
   "geometry": {
    "type": "Polygon",
    "coordinates": [
     [
      [
       210,
       17
      ],
      [
       212,
       17
      ],
      [
       212,
       19
      ],
      [
       210,
       19
      ],
      [
       210,
       17
      ]
     ]
    ]
   }
  },
  {
   "type": "Feature",
   "properties": {
    "id": "35.09.22",
    "r0": 15,
    "c0": 212,
    "r1": 18,
    "c1": 213
   },
   "geometry": {
    "type": "Polygon",
    "coordinates": [
     [
      [
       212,
       15
      ],
      [
       214,
       15
      ],
      [
       214,
       19
      ],
      [
       212,
       19
      ],
      [
       212,
       15
      ]
     ]
    ]
   }
  },
  {
   "type": "Feature",
   "properties": {
    "id": "35.09.29",
    "r0": 11,
    "c0": 214,
    "r1": 13,
    "c1": 214
   },
   "geometry": {
    "type": "Polygon",
    "coordinates": [
     [
      [
       214,
       11
      ],
      [
       215,
       11
      ],
      [
       215,
       14
      ],
      [
       214,
       14
      ],
      [
       214,
       11
      ]
     ]
    ]
   }
  },
  {
   "type": "Feature",
   "properties": {
    "id": "35.09.09",
    "r0": 11,
    "c0": 215,
    "r1": 13,
    "c1": 217
   },
   "geometry": {
    "type": "Polygon",
    "coordinates": [
     [
      [
       215,
       11
      ],
      [
       218,
       11
      ],
      [
       218,
       14
      ],
      [
       215,
       14
      ],
      [
       215,
       11
      ]
     ]
    ]
   }
  },
  {
   "type": "Feature",
   "properties": {
    "id": "35.09.08",
    "r0": 14,
    "c0": 214,
    "r1": 15,
    "c1": 217
   },
   "geometry": {
    "type": "Polygon",
    "coordinates": [
     [
      [
       214,
       14
      ],
      [
       218,
       14
      ],
      [
       218,
       16
      ],
      [
       214,
       16
      ],
      [
       214,
       14
      ]
     ]
    ]
   }
  },
  {
   "type": "Feature",
   "properties": {
    "id": "35.09.04",
    "r0": 16,
    "c0": 214,
    "r1": 18,
    "c1": 214
   },
   "geometry": {
    "type": "Polygon",
    "coordinates": [
     [
      [
       214,
       16
      ],
      [
       215,
       16
      ],
      [
       215,
       19
      ],
      [
       214,
       19
      ],
      [
       214,
       16
      ]
     ]
    ]
   }
  },
  {
   "type": "Feature",
   "properties": {
    "id": "35.09.10",
    "r0": 16,
    "c0": 215,
    "r1": 18,
    "c1": 217
   },
   "geometry": {
    "type": "Polygon",
    "coordinates": [
     [
      [
       215,
       16
      ],
      [
       218,
       16
      ],
      [
       218,
       19
      ],
      [
       215,
       19
      ],
      [
       215,
       16
      ]
     ]
    ]
   }
  },
  {
   "type": "Feature",
   "properties": {
    "id": "35.09.20",
    "r0": 11,
    "c0": 218,
    "r1": 14,
    "c1": 219
   },
   "geometry": {
    "type": "Polygon",
    "coordinates": [
     [
      [
       218,
       11
      ],
      [
       220,
       11
      ],
      [
       220,
       15
      ],
      [
       218,
       15
      ],
      [
       218,
       11
      ]
     ]
    ]
   }
  },
  {
   "type": "Feature",
   "properties": {
    "id": "35.09.24",
    "r0": 11,
    "c0": 220,
    "r1": 12,
    "c1": 221
   },
   "geometry": {
    "type": "Polygon",
    "coordinates": [
     [
      [
       220,
       11
      ],
      [
       222,
       11
      ],
      [
       222,
       13
      ],
      [
       220,
       13
      ],
      [
       220,
       11
      ]
     ]
    ]
   }
  },
  {
   "type": "Feature",
   "properties": {
    "id": "35.09.02",
    "r0": 13,
    "c0": 220,
    "r1": 14,
    "c1": 221
   },
   "geometry": {
    "type": "Polygon",
    "coordinates": [
     [
      [
       220,
       13
      ],
      [
       222,
       13
      ],
      [
       222,
       15
      ],
      [
       220,
       15
      ],
      [
       220,
       13
      ]
     ]
    ]
   }
  },
  {
   "type": "Feature",
   "properties": {
    "id": "35.09.16",
    "r0": 15,
    "c0": 218,
    "r1": 18,
    "c1": 219
   },
   "geometry": {
    "type": "Polygon",
    "coordinates": [
     [
      [
       218,
       15
      ],
      [
       220,
       15
      ],
      [
       220,
       19
      ],
      [
       218,
       19
      ],
      [
       218,
       15
      ]
     ]
    ]
   }
  },
  {
   "type": "Feature",
   "properties": {
    "id": "35.09.31",
    "r0": 15,
    "c0": 220,
    "r1": 16,
    "c1": 221
   },
   "geometry": {
    "type": "Polygon",
    "coordinates": [
     [
      [
       220,
       15
      ],
      [
       222,
       15
      ],
      [
       222,
       17
      ],
      [
       220,
       17
      ],
      [
       220,
       15
      ]
     ]
    ]
   }
  },
  {
   "type": "Feature",
   "properties": {
    "id": "35.09.13",
    "r0": 17,
    "c0": 220,
    "r1": 18,
    "c1": 220
   },
   "geometry": {
    "type": "Polygon",
    "coordinates": [
     [
      [
       220,
       17
      ],
      [
       221,
       17
      ],
      [
       221,
       19
      ],
      [
       220,
       19
      ],
      [
       220,
       17
      ]
     ]
    ]
   }
  },
  {
   "type": "Feature",
   "properties": {
    "id": "35.09.06",
    "r0": 17,
    "c0": 221,
    "r1": 18,
    "c1": 221
   },
   "geometry": {
    "type": "Polygon",
    "coordinates": [
     [
      [
       221,
       17
      ],
      [
       222,
       17
      ],
      [
       222,
       19
      ],
      [
       221,
       19
      ],
      [
       221,
       17
      ]
     ]
    ]
   }
  },
  {
   "type": "Feature",
   "properties": {
    "id": "35.09.15",
    "r0": 11,
    "c0": 222,
    "r1": 13,
    "c1": 222
   },
   "geometry": {
    "type": "Polygon",
    "coordinates": [
     [
      [
       222,
       11
      ],
      [
       223,
       11
      ],
      [
       223,
       14
      ],
      [
       222,
       14
      ],
      [
       222,
       11
      ]
     ]
    ]
   }
  },
  {
   "type": "Feature",
   "properties": {
    "id": "35.09.05",
    "r0": 11,
    "c0": 223,
    "r1": 13,
    "c1": 223
   },
   "geometry": {
    "type": "Polygon",
    "coordinates": [
     [
      [
       223,
       11
      ],
      [
       224,
       11
      ],
      [
       224,
       14
      ],
      [
       223,
       14
      ],
      [
       223,
       11
      ]
     ]
    ]
   }
  },
  {
   "type": "Feature",
   "properties": {
    "id": "35.09.30",
    "r0": 11,
    "c0": 224,
    "r1": 13,
    "c1": 225
   },
   "geometry": {
    "type": "Polygon",
    "coordinates": [
     [
      [
       224,
       11
      ],
      [
       226,
       11
      ],
      [
       226,
       14
      ],
      [
       224,
       14
      ],
      [
       224,
       11
      ]
     ]
    ]
   }
  },
  {
   "type": "Feature",
   "properties": {
    "id": "35.09.03",
    "r0": 14,
    "c0": 222,
    "r1": 15,
    "c1": 225
   },
   "geometry": {
    "type": "Polygon",
    "coordinates": [
     [
      [
       222,
       14
      ],
      [
       226,
       14
      ],
      [
       226,
       16
      ],
      [
       222,
       16
      ],
      [
       222,
       14
      ]
     ]
    ]
   }
  },
  {
   "type": "Feature",
   "properties": {
    "id": "35.09.14",
    "r0": 16,
    "c0": 222,
    "r1": 18,
    "c1": 222
   },
   "geometry": {
    "type": "Polygon",
    "coordinates": [
     [
      [
       222,
       16
      ],
      [
       223,
       16
      ],
      [
       223,
       19
      ],
      [
       222,
       19
      ],
      [
       222,
       16
      ]
     ]
    ]
   }
  },
  {
   "type": "Feature",
   "properties": {
    "id": "35.09.25",
    "r0": 16,
    "c0": 223,
    "r1": 16,
    "c1": 224
   },
   "geometry": {
    "type": "Polygon",
    "coordinates": [
     [
      [
       223,
       16
      ],
      [
       225,
       16
      ],
      [
       225,
       17
      ],
      [
       223,
       17
      ],
      [
       223,
       16
      ]
     ]
    ]
   }
  },
  {
   "type": "Feature",
   "properties": {
    "id": "35.09.19",
    "r0": 17,
    "c0": 223,
    "r1": 18,
    "c1": 223
   },
   "geometry": {
    "type": "Polygon",
    "coordinates": [
     [
      [
       223,
       17
      ],
      [
       224,
       17
      ],
      [
       224,
       19
      ],
      [
       223,
       19
      ],
      [
       223,
       17
      ]
     ]
    ]
   }
  },
  {
   "type": "Feature",
   "properties": {
    "id": "35.09.01",
    "r0": 17,
    "c0": 224,
    "r1": 18,
    "c1": 224
   },
   "geometry": {
    "type": "Polygon",
    "coordinates": [
     [
      [
       224,
       17
      ],
      [
       225,
       17
      ],
      [
       225,
       19
      ],
      [
       224,
       19
      ],
      [
       224,
       17
      ]
     ]
    ]
   }
  },
  {
   "type": "Feature",
   "properties": {
    "id": "35.09.23",
    "r0": 16,
    "c0": 225,
    "r1": 17,
    "c1": 225
   },
   "geometry": {
    "type": "Polygon",
    "coordinates": [
     [
      [
       225,
       16
      ],
      [
       226,
       16
      ],
      [
       226,
       18
      ],
      [
       225,
       18
      ],
      [
       225,
       16
      ]
     ]
    ]
   }
  },
  {
   "type": "Feature",
   "properties": {
    "id": "35.09.28",
    "r0": 18,
    "c0": 225,
    "r1": 18,
    "c1": 225
   },
   "geometry": {
    "type": "Polygon",
    "coordinates": [
     [
      [
       225,
       18
      ],
      [
       226,
       18
      ],
      [
       226,
       19
      ],
      [
       225,
       19
      ],
      [
       225,
       18
      ]
     ]
    ]
   }
  },
  {
   "type": "Feature",
   "properties": {
    "id": "35.28",
    "r0": 19,
    "c0": 210,
    "r1": 32,
    "c1": 215
   },
   "geometry": {
    "type": "Polygon",
    "coordinates": [
     [
      [
       210,
       19
      ],
      [
       216,
       19
      ],
      [
       216,
       33
      ],
      [
       210,
       33
      ],
      [
       210,
       19
      ]
     ]
    ]
   }
  },
  {
   "type": "Feature",
   "properties": {
    "id": "35.28.06",
    "r0": 19,
    "c0": 210,
    "r1": 21,
    "c1": 211
   },
   "geometry": {
    "type": "Polygon",
    "coordinates": [
     [
      [
       210,
       19
      ],
      [
       212,
       19
      ],
      [
       212,
       22
      ],
      [
       210,
       22
      ],
      [
       210,
       19
      ]
     ]
    ]
   }
  },
  {
   "type": "Feature",
   "properties": {
    "id": "35.28.01",
    "r0": 19,
    "c0": 212,
    "r1": 21,
    "c1": 215
   },
   "geometry": {
    "type": "Polygon",
    "coordinates": [
     [
      [
       212,
       19
      ],
      [
       216,
       19
      ],
      [
       216,
       22
      ],
      [
       212,
       22
      ],
      [
       212,
       19
      ]
     ]
    ]
   }
  },
  {
   "type": "Feature",
   "properties": {
    "id": "35.28.07",
    "r0": 22,
    "c0": 210,
    "r1": 24,
    "c1": 212
   },
   "geometry": {
    "type": "Polygon",
    "coordinates": [
     [
      [
       210,
       22
      ],
      [
       213,
       22
      ],
      [
       213,
       25
      ],
      [
       210,
       25
      ],
      [
       210,
       22
      ]
     ]
    ]
   }
  },
  {
   "type": "Feature",
   "properties": {
    "id": "35.28.03",
    "r0": 25,
    "c0": 210,
    "r1": 25,
    "c1": 212
   },
   "geometry": {
    "type": "Polygon",
    "coordinates": [
     [
      [
       210,
       25
      ],
      [
       213,
       25
      ],
      [
       213,
       26
      ],
      [
       210,
       26
      ],
      [
       210,
       25
      ]
     ]
    ]
   }
  },
  {
   "type": "Feature",
   "properties": {
    "id": "35.28.02",
    "r0": 22,
    "c0": 213,
    "r1": 25,
    "c1": 215
   },
   "geometry": {
    "type": "Polygon",
    "coordinates": [
     [
      [
       213,
       22
      ],
      [
       216,
       22
      ],
      [
       216,
       26
      ],
      [
       213,
       26
      ],
      [
       213,
       22
      ]
     ]
    ]
   }
  },
  {
   "type": "Feature",
   "properties": {
    "id": "35.28.05",
    "r0": 26,
    "c0": 210,
    "r1": 28,
    "c1": 213
   },
   "geometry": {
    "type": "Polygon",
    "coordinates": [
     [
      [
       210,
       26
      ],
      [
       214,
       26
      ],
      [
       214,
       29
      ],
      [
       210,
       29
      ],
      [
       210,
       26
      ]
     ]
    ]
   }
  },
  {
   "type": "Feature",
   "properties": {
    "id": "35.28.09",
    "r0": 26,
    "c0": 214,
    "r1": 27,
    "c1": 215
   },
   "geometry": {
    "type": "Polygon",
    "coordinates": [
     [
      [
       214,
       26
      ],
      [
       216,
       26
      ],
      [
       216,
       28
      ],
      [
       214,
       28
      ],
      [
       214,
       26
      ]
     ]
    ]
   }
  },
  {
   "type": "Feature",
   "properties": {
    "id": "35.28.10",
    "r0": 28,
    "c0": 214,
    "r1": 28,
    "c1": 215
   },
   "geometry": {
    "type": "Polygon",
    "coordinates": [
     [
      [
       214,
       28
      ],
      [
       216,
       28
      ],
      [
       216,
       29
      ],
      [
       214,
       29
      ],
      [
       214,
       28
      ]
     ]
    ]
   }
  },
  {
   "type": "Feature",
   "properties": {
    "id": "35.28.12",
    "r0": 29,
    "c0": 210,
    "r1": 32,
    "c1": 211
   },
   "geometry": {
    "type": "Polygon",
    "coordinates": [
     [
      [
       210,
       29
      ],
      [
       212,
       29
      ],
      [
       212,
       33
      ],
      [
       210,
       33
      ],
      [
       210,
       29
      ]
     ]
    ]
   }
  },
  {
   "type": "Feature",
   "properties": {
    "id": "35.28.04",
    "r0": 29,
    "c0": 212,
    "r1": 32,
    "c1": 213
   },
   "geometry": {
    "type": "Polygon",
    "coordinates": [
     [
      [
       212,
       29
      ],
      [
       214,
       29
      ],
      [
       214,
       33
      ],
      [
       212,
       33
      ],
      [
       212,
       29
      ]
     ]
    ]
   }
  },
  {
   "type": "Feature",
   "properties": {
    "id": "35.28.08",
    "r0": 29,
    "c0": 214,
    "r1": 31,
    "c1": 215
   },
   "geometry": {
    "type": "Polygon",
    "coordinates": [
     [
      [
       214,
       29
      ],
      [
       216,
       29
      ],
      [
       216,
       32
      ],
      [
       214,
       32
      ],
      [
       214,
       29
      ]
     ]
    ]
   }
  },
  {
   "type": "Feature",
   "properties": {
    "id": "35.28.11",
    "r0": 32,
    "c0": 214,
    "r1": 32,
    "c1": 215
   },
   "geometry": {
    "type": "Polygon",
    "coordinates": [
     [
      [
       214,
       32
      ],
      [
       216,
       32
      ],
      [
       216,
       33
      ],
      [
       214,
       33
      ],
      [
       214,
       32
      ]
     ]
    ]
   }
  },
  {
   "type": "Feature",
   "properties": {
    "id": "35.17",
    "r0": 19,
    "c0": 216,
    "r1": 32,
    "c1": 225
   },
   "geometry": {
    "type": "Polygon",
    "coordinates": [
     [
      [
       216,
       19
      ],
      [
       226,
       19
      ],
      [
       226,
       33
      ],
      [
       216,
       33
      ],
      [
       216,
       19
      ]
     ]
    ]
   }
  },
  {
   "type": "Feature",
   "properties": {
    "id": "35.17.19",
    "r0": 19,
    "c0": 216,
    "r1": 20,
    "c1": 217
   },
   "geometry": {
    "type": "Polygon",
    "coordinates": [
     [
      [
       216,
       19
      ],
      [
       218,
       19
      ],
      [
       218,
       21
      ],
      [
       216,
       21
      ],
      [
       216,
       19
      ]
     ]
    ]
   }
  },
  {
   "type": "Feature",
   "properties": {
    "id": "35.17.21",
    "r0": 21,
    "c0": 216,
    "r1": 22,
    "c1": 217
   },
   "geometry": {
    "type": "Polygon",
    "coordinates": [
     [
      [
       216,
       21
      ],
      [
       218,
       21
      ],
      [
       218,
       23
      ],
      [
       216,
       23
      ],
      [
       216,
       21
      ]
     ]
    ]
   }
  },
  {
   "type": "Feature",
   "properties": {
    "id": "35.17.03",
    "r0": 19,
    "c0": 218,
    "r1": 22,
    "c1": 219
   },
   "geometry": {
    "type": "Polygon",
    "coordinates": [
     [
      [
       218,
       19
      ],
      [
       220,
       19
      ],
      [
       220,
       23
      ],
      [
       218,
       23
      ],
      [
       218,
       19
      ]
     ]
    ]
   }
  },
  {
   "type": "Feature",
   "properties": {
    "id": "35.17.11",
    "r0": 23,
    "c0": 216,
    "r1": 25,
    "c1": 218
   },
   "geometry": {
    "type": "Polygon",
    "coordinates": [
     [
      [
       216,
       23
      ],
      [
       219,
       23
      ],
      [
       219,
       26
      ],
      [
       216,
       26
      ],
      [
       216,
       23
      ]
     ]
    ]
   }
  },
  {
   "type": "Feature",
   "properties": {
    "id": "35.17.17",
    "r0": 23,
    "c0": 219,
    "r1": 25,
    "c1": 219
   },
   "geometry": {
    "type": "Polygon",
    "coordinates": [
     [
      [
       219,
       23
      ],
      [
       220,
       23
      ],
      [
       220,
       26
      ],
      [
       219,
       26
      ],
      [
       219,
       23
      ]
     ]
    ]
   }
  },
  {
   "type": "Feature",
   "properties": {
    "id": "35.17.18",
    "r0": 19,
    "c0": 220,
    "r1": 22,
    "c1": 222
   },
   "geometry": {
    "type": "Polygon",
    "coordinates": [
     [
      [
       220,
       19
      ],
      [
       223,
       19
      ],
      [
       223,
       23
      ],
      [
       220,
       23
      ],
      [
       220,
       19
      ]
     ]
    ]
   }
  },
  {
   "type": "Feature",
   "properties": {
    "id": "35.17.08",
    "r0": 19,
    "c0": 223,
    "r1": 22,
    "c1": 225
   },
   "geometry": {
    "type": "Polygon",
    "coordinates": [
     [
      [
       223,
       19
      ],
      [
       226,
       19
      ],
      [
       226,
       23
      ],
      [
       223,
       23
      ],
      [
       223,
       19
      ]
     ]
    ]
   }
  },
  {
   "type": "Feature",
   "properties": {
    "id": "35.17.15",
    "r0": 23,
    "c0": 220,
    "r1": 25,
    "c1": 223
   },
   "geometry": {
    "type": "Polygon",
    "coordinates": [
     [
      [
       220,
       23
      ],
      [
       224,
       23
      ],
      [
       224,
       26
      ],
      [
       220,
       26
      ],
      [
       220,
       23
      ]
     ]
    ]
   }
  },
  {
   "type": "Feature",
   "properties": {
    "id": "35.17.04",
    "r0": 23,
    "c0": 224,
    "r1": 25,
    "c1": 225
   },
   "geometry": {
    "type": "Polygon",
    "coordinates": [
     [
      [
       224,
       23
      ],
      [
       226,
       23
      ],
      [
       226,
       26
      ],
      [
       224,
       26
      ],
      [
       224,
       23
      ]
     ]
    ]
   }
  },
  {
   "type": "Feature",
   "properties": {
    "id": "35.17.16",
    "r0": 26,
    "c0": 216,
    "r1": 29,
    "c1": 217
   },
   "geometry": {
    "type": "Polygon",
    "coordinates": [
     [
      [
       216,
       26
      ],
      [
       218,
       26
      ],
      [
       218,
       30
      ],
      [
       216,
       30
      ],
      [
       216,
       26
      ]
     ]
    ]
   }
  },
  {
   "type": "Feature",
   "properties": {
    "id": "35.17.14",
    "r0": 26,
    "c0": 218,
    "r1": 29,
    "c1": 219
   },
   "geometry": {
    "type": "Polygon",
    "coordinates": [
     [
      [
       218,
       26
      ],
      [
       220,
       26
      ],
      [
       220,
       30
      ],
      [
       218,
       30
      ],
      [
       218,
       26
      ]
     ]
    ]
   }
  },
  {
   "type": "Feature",
   "properties": {
    "id": "35.17.06",
    "r0": 30,
    "c0": 216,
    "r1": 32,
    "c1": 219
   },
   "geometry": {
    "type": "Polygon",
    "coordinates": [
     [
      [
       216,
       30
      ],
      [
       220,
       30
      ],
      [
       220,
       33
      ],
      [
       216,
       33
      ],
      [
       216,
       30
      ]
     ]
    ]
   }
  },
  {
   "type": "Feature",
   "properties": {
    "id": "35.17.02",
    "r0": 26,
    "c0": 220,
    "r1": 28,
    "c1": 223
   },
   "geometry": {
    "type": "Polygon",
    "coordinates": [
     [
      [
       220,
       26
      ],
      [
       224,
       26
      ],
      [
       224,
       29
      ],
      [
       220,
       29
      ],
      [
       220,
       26
      ]
     ]
    ]
   }
  },
  {
   "type": "Feature",
   "properties": {
    "id": "35.17.12",
    "r0": 26,
    "c0": 224,
    "r1": 28,
    "c1": 225
   },
   "geometry": {
    "type": "Polygon",
    "coordinates": [
     [
      [
       224,
       26
      ],
      [
       226,
       26
      ],
      [
       226,
       29
      ],
      [
       224,
       29
      ],
      [
       224,
       26
      ]
     ]
    ]
   }
  },
  {
   "type": "Feature",
   "properties": {
    "id": "35.17.05",
    "r0": 29,
    "c0": 220,
    "r1": 32,
    "c1": 220
   },
   "geometry": {
    "type": "Polygon",
    "coordinates": [
     [
      [
       220,
       29
      ],
      [
       221,
       29
      ],
      [
       221,
       33
      ],
      [
       220,
       33
      ],
      [
       220,
       29
      ]
     ]
    ]
   }
  },
  {
   "type": "Feature",
   "properties": {
    "id": "35.17.07",
    "r0": 29,
    "c0": 221,
    "r1": 32,
    "c1": 223
   },
   "geometry": {
    "type": "Polygon",
    "coordinates": [
     [
      [
       221,
       29
      ],
      [
       224,
       29
      ],
      [
       224,
       33
      ],
      [
       221,
       33
      ],
      [
       221,
       29
      ]
     ]
    ]
   }
  },
  {
   "type": "Feature",
   "properties": {
    "id": "35.17.20",
    "r0": 29,
    "c0": 224,
    "r1": 30,
    "c1": 225
   },
   "geometry": {
    "type": "Polygon",
    "coordinates": [
     [
      [
       224,
       29
      ],
      [
       226,
       29
      ],
      [
       226,
       31
      ],
      [
       224,
       31
      ],
      [
       224,
       29
      ]
     ]
    ]
   }
  },
  {
   "type": "Feature",
   "properties": {
    "id": "35.17.01",
    "r0": 31,
    "c0": 224,
    "r1": 32,
    "c1": 225
   },
   "geometry": {
    "type": "Polygon",
    "coordinates": [
     [
      [
       224,
       31
      ],
      [
       226,
       31
      ],
      [
       226,
       33
      ],
      [
       224,
       33
      ],
      [
       224,
       31
      ]
     ]
    ]
   }
  },
  {
   "type": "Feature",
   "properties": {
    "id": "35.26",
    "r0": 0,
    "c0": 226,
    "r1": 13,
    "c1": 235
   },
   "geometry": {
    "type": "Polygon",
    "coordinates": [
     [
      [
       226,
       0
      ],
      [
       236,
       0
      ],
      [
       236,
       14
      ],
      [
       226,
       14
      ],
      [
       226,
       0
      ]
     ]
    ]
   }
  },
  {
   "type": "Feature",
   "properties": {
    "id": "35.26.14",
    "r0": 0,
    "c0": 226,
    "r1": 3,
    "c1": 228
   },
   "geometry": {
    "type": "Polygon",
    "coordinates": [
     [
      [
       226,
       0
      ],
      [
       229,
       0
      ],
      [
       229,
       4
      ],
      [
       226,
       4
      ],
      [
       226,
       0
      ]
     ]
    ]
   }
  },
  {
   "type": "Feature",
   "properties": {
    "id": "35.26.16",
    "r0": 0,
    "c0": 229,
    "r1": 3,
    "c1": 229
   },
   "geometry": {
    "type": "Polygon",
    "coordinates": [
     [
      [
       229,
       0
      ],
      [
       230,
       0
      ],
      [
       230,
       4
      ],
      [
       229,
       4
      ],
      [
       229,
       0
      ]
     ]
    ]
   }
  },
  {
   "type": "Feature",
   "properties": {
    "id": "35.26.15",
    "r0": 4,
    "c0": 226,
    "r1": 6,
    "c1": 229
   },
   "geometry": {
    "type": "Polygon",
    "coordinates": [
     [
      [
       226,
       4
      ],
      [
       230,
       4
      ],
      [
       230,
       7
      ],
      [
       226,
       7
      ],
      [
       226,
       4
      ]
     ]
    ]
   }
  },
  {
   "type": "Feature",
   "properties": {
    "id": "35.26.03",
    "r0": 0,
    "c0": 230,
    "r1": 2,
    "c1": 232
   },
   "geometry": {
    "type": "Polygon",
    "coordinates": [
     [
      [
       230,
       0
      ],
      [
       233,
       0
      ],
      [
       233,
       3
      ],
      [
       230,
       3
      ],
      [
       230,
       0
      ]
     ]
    ]
   }
  },
  {
   "type": "Feature",
   "properties": {
    "id": "35.26.10",
    "r0": 0,
    "c0": 233,
    "r1": 2,
    "c1": 233
   },
   "geometry": {
    "type": "Polygon",
    "coordinates": [
     [
      [
       233,
       0
      ],
      [
       234,
       0
      ],
      [
       234,
       3
      ],
      [
       233,
       3
      ],
      [
       233,
       0
      ]
     ]
    ]
   }
  },
  {
   "type": "Feature",
   "properties": {
    "id": "35.26.12",
    "r0": 0,
    "c0": 234,
    "r1": 2,
    "c1": 235
   },
   "geometry": {
    "type": "Polygon",
    "coordinates": [
     [
      [
       234,
       0
      ],
      [
       236,
       0
      ],
      [
       236,
       3
      ],
      [
       234,
       3
      ],
      [
       234,
       0
      ]
     ]
    ]
   }
  },
  {
   "type": "Feature",
   "properties": {
    "id": "35.26.13",
    "r0": 3,
    "c0": 230,
    "r1": 6,
    "c1": 232
   },
   "geometry": {
    "type": "Polygon",
    "coordinates": [
     [
      [
       230,
       3
      ],
      [
       233,
       3
      ],
      [
       233,
       7
      ],
      [
       230,
       7
      ],
      [
       230,
       3
      ]
     ]
    ]
   }
  },
  {
   "type": "Feature",
   "properties": {
    "id": "35.26.05",
    "r0": 3,
    "c0": 233,
    "r1": 6,
    "c1": 235
   },
   "geometry": {
    "type": "Polygon",
    "coordinates": [
     [
      [
       233,
       3
      ],
      [
       236,
       3
      ],
      [
       236,
       7
      ],
      [
       233,
       7
      ],
      [
       233,
       3
      ]
     ]
    ]
   }
  },
  {
   "type": "Feature",
   "properties": {
    "id": "35.26.01",
    "r0": 7,
    "c0": 226,
    "r1": 10,
    "c1": 226
   },
   "geometry": {
    "type": "Polygon",
    "coordinates": [
     [
      [
       226,
       7
      ],
      [
       227,
       7
      ],
      [
       227,
       11
      ],
      [
       226,
       11
      ],
      [
       226,
       7
      ]
     ]
    ]
   }
  },
  {
   "type": "Feature",
   "properties": {
    "id": "35.26.17",
    "r0": 7,
    "c0": 227,
    "r1": 10,
    "c1": 229
   },
   "geometry": {
    "type": "Polygon",
    "coordinates": [
     [
      [
       227,
       7
      ],
      [
       230,
       7
      ],
      [
       230,
       11
      ],
      [
       227,
       11
      ],
      [
       227,
       7
      ]
     ]
    ]
   }
  },
  {
   "type": "Feature",
   "properties": {
    "id": "35.26.18",
    "r0": 11,
    "c0": 226,
    "r1": 13,
    "c1": 229
   },
   "geometry": {
    "type": "Polygon",
    "coordinates": [
     [
      [
       226,
       11
      ],
      [
       230,
       11
      ],
      [
       230,
       14
      ],
      [
       226,
       14
      ],
      [
       226,
       11
      ]
     ]
    ]
   }
  },
  {
   "type": "Feature",
   "properties": {
    "id": "35.26.06",
    "r0": 7,
    "c0": 230,
    "r1": 10,
    "c1": 232
   },
   "geometry": {
    "type": "Polygon",
    "coordinates": [
     [
      [
       230,
       7
      ],
      [
       233,
       7
      ],
      [
       233,
       11
      ],
      [
       230,
       11
      ],
      [
       230,
       7
      ]
     ]
    ]
   }
  },
  {
   "type": "Feature",
   "properties": {
    "id": "35.26.04",
    "r0": 7,
    "c0": 233,
    "r1": 10,
    "c1": 235
   },
   "geometry": {
    "type": "Polygon",
    "coordinates": [
     [
      [
       233,
       7
      ],
      [
       236,
       7
      ],
      [
       236,
       11
      ],
      [
       233,
       11
      ],
      [
       233,
       7
      ]
     ]
    ]
   }
  },
  {
   "type": "Feature",
   "properties": {
    "id": "35.26.11",
    "r0": 11,
    "c0": 230,
    "r1": 13,
    "c1": 232
   },
   "geometry": {
    "type": "Polygon",
    "coordinates": [
     [
      [
       230,
       11
      ],
      [
       233,
       11
      ],
      [
       233,
       14
      ],
      [
       230,
       14
      ],
      [
       230,
       11
      ]
     ]
    ]
   }
  },
  {
   "type": "Feature",
   "properties": {
    "id": "35.26.02",
    "r0": 11,
    "c0": 233,
    "r1": 13,
    "c1": 235
   },
   "geometry": {
    "type": "Polygon",
    "coordinates": [
     [
      [
       233,
       11
      ],
      [
       236,
       11
      ],
      [
       236,
       14
      ],
      [
       233,
       14
      ],
      [
       233,
       11
      ]
     ]
    ]
   }
  },
  {
   "type": "Feature",
   "properties": {
    "id": "35.10",
    "r0": 0,
    "c0": 236,
    "r1": 13,
    "c1": 245
   },
   "geometry": {
    "type": "Polygon",
    "coordinates": [
     [
      [
       236,
       0
      ],
      [
       246,
       0
      ],
      [
       246,
       14
      ],
      [
       236,
       14
      ],
      [
       236,
       0
      ]
     ]
    ]
   }
  },
  {
   "type": "Feature",
   "properties": {
    "id": "35.10.18",
    "r0": 0,
    "c0": 236,
    "r1": 2,
    "c1": 238
   },
   "geometry": {
    "type": "Polygon",
    "coordinates": [
     [
      [
       236,
       0
      ],
      [
       239,
       0
      ],
      [
       239,
       3
      ],
      [
       236,
       3
      ],
      [
       236,
       0
      ]
     ]
    ]
   }
  },
  {
   "type": "Feature",
   "properties": {
    "id": "35.10.12",
    "r0": 0,
    "c0": 239,
    "r1": 2,
    "c1": 240
   },
   "geometry": {
    "type": "Polygon",
    "coordinates": [
     [
      [
       239,
       0
      ],
      [
       241,
       0
      ],
      [
       241,
       3
      ],
      [
       239,
       3
      ],
      [
       239,
       0
      ]
     ]
    ]
   }
  },
  {
   "type": "Feature",
   "properties": {
    "id": "35.10.13",
    "r0": 3,
    "c0": 236,
    "r1": 6,
    "c1": 237
   },
   "geometry": {
    "type": "Polygon",
    "coordinates": [
     [
      [
       236,
       3
      ],
      [
       238,
       3
      ],
      [
       238,
       7
      ],
      [
       236,
       7
      ],
      [
       236,
       3
      ]
     ]
    ]
   }
  },
  {
   "type": "Feature",
   "properties": {
    "id": "35.10.25",
    "r0": 3,
    "c0": 238,
    "r1": 6,
    "c1": 240
   },
   "geometry": {
    "type": "Polygon",
    "coordinates": [
     [
      [
       238,
       3
      ],
      [
       241,
       3
      ],
      [
       241,
       7
      ],
      [
       238,
       7
      ],
      [
       238,
       3
      ]
     ]
    ]
   }
  },
  {
   "type": "Feature",
   "properties": {
    "id": "35.10.15",
    "r0": 0,
    "c0": 241,
    "r1": 3,
    "c1": 242
   },
   "geometry": {
    "type": "Polygon",
    "coordinates": [
     [
      [
       241,
       0
      ],
      [
       243,
       0
      ],
      [
       243,
       4
      ],
      [
       241,
       4
      ],
      [
       241,
       0
      ]
     ]
    ]
   }
  },
  {
   "type": "Feature",
   "properties": {
    "id": "35.10.19",
    "r0": 0,
    "c0": 243,
    "r1": 2,
    "c1": 245
   },
   "geometry": {
    "type": "Polygon",
    "coordinates": [
     [
      [
       243,
       0
      ],
      [
       246,
       0
      ],
      [
       246,
       3
      ],
      [
       243,
       3
      ],
      [
       243,
       0
      ]
     ]
    ]
   }
  },
  {
   "type": "Feature",
   "properties": {
    "id": "35.10.02",
    "r0": 3,
    "c0": 243,
    "r1": 3,
    "c1": 245
   },
   "geometry": {
    "type": "Polygon",
    "coordinates": [
     [
      [
       243,
       3
      ],
      [
       246,
       3
      ],
      [
       246,
       4
      ],
      [
       243,
       4
      ],
      [
       243,
       3
      ]
     ]
    ]
   }
  },
  {
   "type": "Feature",
   "properties": {
    "id": "35.10.08",
    "r0": 4,
    "c0": 241,
    "r1": 4,
    "c1": 242
   },
   "geometry": {
    "type": "Polygon",
    "coordinates": [
     [
      [
       241,
       4
      ],
      [
       243,
       4
      ],
      [
       243,
       5
      ],
      [
       241,
       5
      ],
      [
       241,
       4
      ]
     ]
    ]
   }
  },
  {
   "type": "Feature",
   "properties": {
    "id": "35.10.24",
    "r0": 5,
    "c0": 241,
    "r1": 6,
    "c1": 242
   },
   "geometry": {
    "type": "Polygon",
    "coordinates": [
     [
      [
       241,
       5
      ],
      [
       243,
       5
      ],
      [
       243,
       7
      ],
      [
       241,
       7
      ],
      [
       241,
       5
      ]
     ]
    ]
   }
  },
  {
   "type": "Feature",
   "properties": {
    "id": "35.10.11",
    "r0": 4,
    "c0": 243,
    "r1": 6,
    "c1": 245
   },
   "geometry": {
    "type": "Polygon",
    "coordinates": [
     [
      [
       243,
       4
      ],
      [
       246,
       4
      ],
      [
       246,
       7
      ],
      [
       243,
       7
      ],
      [
       243,
       4
      ]
     ]
    ]
   }
  },
  {
   "type": "Feature",
   "properties": {
    "id": "35.10.14",
    "r0": 7,
    "c0": 236,
    "r1": 10,
    "c1": 238
   },
   "geometry": {
    "type": "Polygon",
    "coordinates": [
     [
      [
       236,
       7
      ],
      [
       239,
       7
      ],
      [
       239,
       11
      ],
      [
       236,
       11
      ],
      [
       236,
       7
      ]
     ]
    ]
   }
  },
  {
   "type": "Feature",
   "properties": {
    "id": "35.10.22",
    "r0": 7,
    "c0": 239,
    "r1": 8,
    "c1": 240
   },
   "geometry": {
    "type": "Polygon",
    "coordinates": [
     [
      [
       239,
       7
      ],
      [
       241,
       7
      ],
      [
       241,
       9
      ],
      [
       239,
       9
      ],
      [
       239,
       7
      ]
     ]
    ]
   }
  },
  {
   "type": "Feature",
   "properties": {
    "id": "35.10.06",
    "r0": 9,
    "c0": 239,
    "r1": 10,
    "c1": 240
   },
   "geometry": {
    "type": "Polygon",
    "coordinates": [
     [
      [
       239,
       9
      ],
      [
       241,
       9
      ],
      [
       241,
       11
      ],
      [
       239,
       11
      ],
      [
       239,
       9
      ]
     ]
    ]
   }
  },
  {
   "type": "Feature",
   "properties": {
    "id": "35.10.05",
    "r0": 11,
    "c0": 236,
    "r1": 13,
    "c1": 236
   },
   "geometry": {
    "type": "Polygon",
    "coordinates": [
     [
      [
       236,
       11
      ],
      [
       237,
       11
      ],
      [
       237,
       14
      ],
      [
       236,
       14
      ],
      [
       236,
       11
      ]
     ]
    ]
   }
  },
  {
   "type": "Feature",
   "properties": {
    "id": "35.10.17",
    "r0": 11,
    "c0": 237,
    "r1": 13,
    "c1": 238
   },
   "geometry": {
    "type": "Polygon",
    "coordinates": [
     [
      [
       237,
       11
      ],
      [
       239,
       11
      ],
      [
       239,
       14
      ],
      [
       237,
       14
      ],
      [
       237,
       11
      ]
     ]
    ]
   }
  },
  {
   "type": "Feature",
   "properties": {
    "id": "35.10.03",
    "r0": 11,
    "c0": 239,
    "r1": 13,
    "c1": 240
   },
   "geometry": {
    "type": "Polygon",
    "coordinates": [
     [
      [
       239,
       11
      ],
      [
       241,
       11
      ],
      [
       241,
       14
      ],
      [
       239,
       14
      ],
      [
       239,
       11
      ]
     ]
    ]
   }
  },
  {
   "type": "Feature",
   "properties": {
    "id": "35.10.21",
    "r0": 7,
    "c0": 241,
    "r1": 9,
    "c1": 242
   },
   "geometry": {
    "type": "Polygon",
    "coordinates": [
     [
      [
       241,
       7
      ],
      [
       243,
       7
      ],
      [
       243,
       10
      ],
      [
       241,
       10
      ],
      [
       241,
       7
      ]
     ]
    ]
   }
  },
  {
   "type": "Feature",
   "properties": {
    "id": "35.10.10",
    "r0": 10,
    "c0": 241,
    "r1": 10,
    "c1": 242
   },
   "geometry": {
    "type": "Polygon",
    "coordinates": [
     [
      [
       241,
       10
      ],
      [
       243,
       10
      ],
      [
       243,
       11
      ],
      [
       241,
       11
      ],
      [
       241,
       10
      ]
     ]
    ]
   }
  },
  {
   "type": "Feature",
   "properties": {
    "id": "35.10.23",
    "r0": 7,
    "c0": 243,
    "r1": 7,
    "c1": 245
   },
   "geometry": {
    "type": "Polygon",
    "coordinates": [
     [
      [
       243,
       7
      ],
      [
       246,
       7
      ],
      [
       246,
       8
      ],
      [
       243,
       8
      ],
      [
       243,
       7
      ]
     ]
    ]
   }
  },
  {
   "type": "Feature",
   "properties": {
    "id": "35.10.07",
    "r0": 8,
    "c0": 243,
    "r1": 10,
    "c1": 243
   },
   "geometry": {
    "type": "Polygon",
    "coordinates": [
     [
      [
       243,
       8
      ],
      [
       244,
       8
      ],
      [
       244,
       11
      ],
      [
       243,
       11
      ],
      [
       243,
       8
      ]
     ]
    ]
   }
  },
  {
   "type": "Feature",
   "properties": {
    "id": "35.10.20",
    "r0": 8,
    "c0": 244,
    "r1": 10,
    "c1": 245
   },
   "geometry": {
    "type": "Polygon",
    "coordinates": [
     [
      [
       244,
       8
      ],
      [
       246,
       8
      ],
      [
       246,
       11
      ],
      [
       244,
       11
      ],
      [
       244,
       8
      ]
     ]
    ]
   }
  },
  {
   "type": "Feature",
   "properties": {
    "id": "35.10.09",
    "r0": 11,
    "c0": 241,
    "r1": 13,
    "c1": 242
   },
   "geometry": {
    "type": "Polygon",
    "coordinates": [
     [
      [
       241,
       11
      ],
      [
       243,
       11
      ],
      [
       243,
       14
      ],
      [
       241,
       14
      ],
      [
       241,
       11
      ]
     ]
    ]
   }
  },
  {
   "type": "Feature",
   "properties": {
    "id": "35.10.04",
    "r0": 11,
    "c0": 243,
    "r1": 13,
    "c1": 243
   },
   "geometry": {
    "type": "Polygon",
    "coordinates": [
     [
      [
       243,
       11
      ],
      [
       244,
       11
      ],
      [
       244,
       14
      ],
      [
       243,
       14
      ],
      [
       243,
       11
      ]
     ]
    ]
   }
  },
  {
   "type": "Feature",
   "properties": {
    "id": "35.10.16",
    "r0": 11,
    "c0": 244,
    "r1": 12,
    "c1": 245
   },
   "geometry": {
    "type": "Polygon",
    "coordinates": [
     [
      [
       244,
       11
      ],
      [
       246,
       11
      ],
      [
       246,
       13
      ],
      [
       244,
       13
      ],
      [
       244,
       11
      ]
     ]
    ]
   }
  },
  {
   "type": "Feature",
   "properties": {
    "id": "35.10.01",
    "r0": 13,
    "c0": 244,
    "r1": 13,
    "c1": 245
   },
   "geometry": {
    "type": "Polygon",
    "coordinates": [
     [
      [
       244,
       13
      ],
      [
       246,
       13
      ],
      [
       246,
       14
      ],
      [
       244,
       14
      ],
      [
       244,
       13
      ]
     ]
    ]
   }
  },
  {
   "type": "Feature",
   "properties": {
    "id": "35.11",
    "r0": 0,
    "c0": 246,
    "r1": 13,
    "c1": 254
   },
   "geometry": {
    "type": "Polygon",
    "coordinates": [
     [
      [
       246,
       0
      ],
      [
       255,
       0
      ],
      [
       255,
       14
      ],
      [
       246,
       14
      ],
      [
       246,
       0
      ]
     ]
    ]
   }
  },
  {
   "type": "Feature",
   "properties": {
    "id": "35.11.05",
    "r0": 0,
    "c0": 246,
    "r1": 3,
    "c1": 246
   },
   "geometry": {
    "type": "Polygon",
    "coordinates": [
     [
      [
       246,
       0
      ],
      [
       247,
       0
      ],
      [
       247,
       4
      ],
      [
       246,
       4
      ],
      [
       246,
       0
      ]
     ]
    ]
   }
  },
  {
   "type": "Feature",
   "properties": {
    "id": "35.11.12",
    "r0": 0,
    "c0": 247,
    "r1": 3,
    "c1": 250
   },
   "geometry": {
    "type": "Polygon",
    "coordinates": [
     [
      [
       247,
       0
      ],
      [
       251,
       0
      ],
      [
       251,
       4
      ],
      [
       247,
       4
      ],
      [
       247,
       0
      ]
     ]
    ]
   }
  },
  {
   "type": "Feature",
   "properties": {
    "id": "35.11.17",
    "r0": 4,
    "c0": 246,
    "r1": 6,
    "c1": 247
   },
   "geometry": {
    "type": "Polygon",
    "coordinates": [
     [
      [
       246,
       4
      ],
      [
       248,
       4
      ],
      [
       248,
       7
      ],
      [
       246,
       7
      ],
      [
       246,
       4
      ]
     ]
    ]
   }
  },
  {
   "type": "Feature",
   "properties": {
    "id": "35.11.11",
    "r0": 4,
    "c0": 248,
    "r1": 6,
    "c1": 250
   },
   "geometry": {
    "type": "Polygon",
    "coordinates": [
     [
      [
       248,
       4
      ],
      [
       251,
       4
      ],
      [
       251,
       7
      ],
      [
       248,
       7
      ],
      [
       248,
       4
      ]
     ]
    ]
   }
  },
  {
   "type": "Feature",
   "properties": {
    "id": "35.11.15",
    "r0": 0,
    "c0": 251,
    "r1": 3,
    "c1": 253
   },
   "geometry": {
    "type": "Polygon",
    "coordinates": [
     [
      [
       251,
       0
      ],
      [
       254,
       0
      ],
      [
       254,
       4
      ],
      [
       251,
       4
      ],
      [
       251,
       0
      ]
     ]
    ]
   }
  },
  {
   "type": "Feature",
   "properties": {
    "id": "35.11.16",
    "r0": 0,
    "c0": 254,
    "r1": 3,
    "c1": 254
   },
   "geometry": {
    "type": "Polygon",
    "coordinates": [
     [
      [
       254,
       0
      ],
      [
       255,
       0
      ],
      [
       255,
       4
      ],
      [
       254,
       4
      ],
      [
       254,
       0
      ]
     ]
    ]
   }
  },
  {
   "type": "Feature",
   "properties": {
    "id": "35.11.20",
    "r0": 4,
    "c0": 251,
    "r1": 6,
    "c1": 252
   },
   "geometry": {
    "type": "Polygon",
    "coordinates": [
     [
      [
       251,
       4
      ],
      [
       253,
       4
      ],
      [
       253,
       7
      ],
      [
       251,
       7
      ],
      [
       251,
       4
      ]
     ]
    ]
   }
  },
  {
   "type": "Feature",
   "properties": {
    "id": "35.11.08",
    "r0": 4,
    "c0": 253,
    "r1": 6,
    "c1": 254
   },
   "geometry": {
    "type": "Polygon",
    "coordinates": [
     [
      [
       253,
       4
      ],
      [
       255,
       4
      ],
      [
       255,
       7
      ],
      [
       253,
       7
      ],
      [
       253,
       4
      ]
     ]
    ]
   }
  },
  {
   "type": "Feature",
   "properties": {
    "id": "35.11.09",
    "r0": 7,
    "c0": 246,
    "r1": 10,
    "c1": 246
   },
   "geometry": {
    "type": "Polygon",
    "coordinates": [
     [
      [
       246,
       7
      ],
      [
       247,
       7
      ],
      [
       247,
       11
      ],
      [
       246,
       11
      ],
      [
       246,
       7
      ]
     ]
    ]
   }
  },
  {
   "type": "Feature",
   "properties": {
    "id": "35.11.14",
    "r0": 7,
    "c0": 247,
    "r1": 8,
    "c1": 249
   },
   "geometry": {
    "type": "Polygon",
    "coordinates": [
     [
      [
       247,
       7
      ],
      [
       250,
       7
      ],
      [
       250,
       9
      ],
      [
       247,
       9
      ],
      [
       247,
       7
      ]
     ]
    ]
   }
  },
  {
   "type": "Feature",
   "properties": {
    "id": "35.11.22",
    "r0": 9,
    "c0": 247,
    "r1": 10,
    "c1": 249
   },
   "geometry": {
    "type": "Polygon",
    "coordinates": [
     [
      [
       247,
       9
      ],
      [
       250,
       9
      ],
      [
       250,
       11
      ],
      [
       247,
       11
      ],
      [
       247,
       9
      ]
     ]
    ]
   }
  },
  {
   "type": "Feature",
   "properties": {
    "id": "35.11.03",
    "r0": 11,
    "c0": 246,
    "r1": 13,
    "c1": 247
   },
   "geometry": {
    "type": "Polygon",
    "coordinates": [
     [
      [
       246,
       11
      ],
      [
       248,
       11
      ],
      [
       248,
       14
      ],
      [
       246,
       14
      ],
      [
       246,
       11
      ]
     ]
    ]
   }
  },
  {
   "type": "Feature",
   "properties": {
    "id": "35.11.10",
    "r0": 11,
    "c0": 248,
    "r1": 13,
    "c1": 249
   },
   "geometry": {
    "type": "Polygon",
    "coordinates": [
     [
      [
       248,
       11
      ],
      [
       250,
       11
      ],
      [
       250,
       14
      ],
      [
       248,
       14
      ],
      [
       248,
       11
      ]
     ]
    ]
   }
  },
  {
   "type": "Feature",
   "properties": {
    "id": "35.11.07",
    "r0": 7,
    "c0": 250,
    "r1": 9,
    "c1": 251
   },
   "geometry": {
    "type": "Polygon",
    "coordinates": [
     [
      [
       250,
       7
      ],
      [
       252,
       7
      ],
      [
       252,
       10
      ],
      [
       250,
       10
      ],
      [
       250,
       7
      ]
     ]
    ]
   }
  },
  {
   "type": "Feature",
   "properties": {
    "id": "35.11.06",
    "r0": 7,
    "c0": 252,
    "r1": 9,
    "c1": 253
   },
   "geometry": {
    "type": "Polygon",
    "coordinates": [
     [
      [
       252,
       7
      ],
      [
       254,
       7
      ],
      [
       254,
       10
      ],
      [
       252,
       10
      ],
      [
       252,
       7
      ]
     ]
    ]
   }
  },
  {
   "type": "Feature",
   "properties": {
    "id": "35.11.01",
    "r0": 7,
    "c0": 254,
    "r1": 9,
    "c1": 254
   },
   "geometry": {
    "type": "Polygon",
    "coordinates": [
     [
      [
       254,
       7
      ],
      [
       255,
       7
      ],
      [
       255,
       10
      ],
      [
       254,
       10
      ],
      [
       254,
       7
      ]
     ]
    ]
   }
  },
  {
   "type": "Feature",
   "properties": {
    "id": "35.11.21",
    "r0": 10,
    "c0": 250,
    "r1": 11,
    "c1": 251
   },
   "geometry": {
    "type": "Polygon",
    "coordinates": [
     [
      [
       250,
       10
      ],
      [
       252,
       10
      ],
      [
       252,
       12
      ],
      [
       250,
       12
      ],
      [
       250,
       10
      ]
     ]
    ]
   }
  },
  {
   "type": "Feature",
   "properties": {
    "id": "35.11.23",
    "r0": 12,
    "c0": 250,
    "r1": 13,
    "c1": 251
   },
   "geometry": {
    "type": "Polygon",
    "coordinates": [
     [
      [
       250,
       12
      ],
      [
       252,
       12
      ],
      [
       252,
       14
      ],
      [
       250,
       14
      ],
      [
       250,
       12
      ]
     ]
    ]
   }
  },
  {
   "type": "Feature",
   "properties": {
    "id": "35.11.19",
    "r0": 10,
    "c0": 252,
    "r1": 11,
    "c1": 254
   },
   "geometry": {
    "type": "Polygon",
    "coordinates": [
     [
      [
       252,
       10
      ],
      [
       255,
       10
      ],
      [
       255,
       12
      ],
      [
       252,
       12
      ],
      [
       252,
       10
      ]
     ]
    ]
   }
  },
  {
   "type": "Feature",
   "properties": {
    "id": "35.11.02",
    "r0": 12,
    "c0": 252,
    "r1": 13,
    "c1": 253
   },
   "geometry": {
    "type": "Polygon",
    "coordinates": [
     [
      [
       252,
       12
      ],
      [
       254,
       12
      ],
      [
       254,
       14
      ],
      [
       252,
       14
      ],
      [
       252,
       12
      ]
     ]
    ]
   }
  },
  {
   "type": "Feature",
   "properties": {
    "id": "35.11.13",
    "r0": 12,
    "c0": 254,
    "r1": 13,
    "c1": 254
   },
   "geometry": {
    "type": "Polygon",
    "coordinates": [
     [
      [
       254,
       12
      ],
      [
       255,
       12
      ],
      [
       255,
       14
      ],
      [
       254,
       14
      ],
      [
       254,
       12
      ]
     ]
    ]
   }
  },
  {
   "type": "Feature",
   "properties": {
    "id": "35.14",
    "r0": 14,
    "c0": 226,
    "r1": 32,
    "c1": 235
   },
   "geometry": {
    "type": "Polygon",
    "coordinates": [
     [
      [
       226,
       14
      ],
      [
       236,
       14
      ],
      [
       236,
       33
      ],
      [
       226,
       33
      ],
      [
       226,
       14
      ]
     ]
    ]
   }
  },
  {
   "type": "Feature",
   "properties": {
    "id": "35.14.22",
    "r0": 14,
    "c0": 226,
    "r1": 17,
    "c1": 227
   },
   "geometry": {
    "type": "Polygon",
    "coordinates": [
     [
      [
       226,
       14
      ],
      [
       228,
       14
      ],
      [
       228,
       18
      ],
      [
       226,
       18
      ],
      [
       226,
       14
      ]
     ]
    ]
   }
  },
  {
   "type": "Feature",
   "properties": {
    "id": "35.14.06",
    "r0": 14,
    "c0": 228,
    "r1": 17,
    "c1": 229
   },
   "geometry": {
    "type": "Polygon",
    "coordinates": [
     [
      [
       228,
       14
      ],
      [
       230,
       14
      ],
      [
       230,
       18
      ],
      [
       228,
       18
      ],
      [
       228,
       14
      ]
     ]
    ]
   }
  },
  {
   "type": "Feature",
   "properties": {
    "id": "35.14.05",
    "r0": 18,
    "c0": 226,
    "r1": 20,
    "c1": 227
   },
   "geometry": {
    "type": "Polygon",
    "coordinates": [
     [
      [
       226,
       18
      ],
      [
       228,
       18
      ],
      [
       228,
       21
      ],
      [
       226,
       21
      ],
      [
       226,
       18
      ]
     ]
    ]
   }
  },
  {
   "type": "Feature",
   "properties": {
    "id": "35.14.02",
    "r0": 18,
    "c0": 228,
    "r1": 20,
    "c1": 229
   },
   "geometry": {
    "type": "Polygon",
    "coordinates": [
     [
      [
       228,
       18
      ],
      [
       230,
       18
      ],
      [
       230,
       21
      ],
      [
       228,
       21
      ],
      [
       228,
       18
      ]
     ]
    ]
   }
  },
  {
   "type": "Feature",
   "properties": {
    "id": "35.14.23",
    "r0": 21,
    "c0": 226,
    "r1": 22,
    "c1": 229
   },
   "geometry": {
    "type": "Polygon",
    "coordinates": [
     [
      [
       226,
       21
      ],
      [
       230,
       21
      ],
      [
       230,
       23
      ],
      [
       226,
       23
      ],
      [
       226,
       21
      ]
     ]
    ]
   }
  },
  {
   "type": "Feature",
   "properties": {
    "id": "35.14.16",
    "r0": 14,
    "c0": 230,
    "r1": 18,
    "c1": 232
   },
   "geometry": {
    "type": "Polygon",
    "coordinates": [
     [
      [
       230,
       14
      ],
      [
       233,
       14
      ],
      [
       233,
       19
      ],
      [
       230,
       19
      ],
      [
       230,
       14
      ]
     ]
    ]
   }
  },
  {
   "type": "Feature",
   "properties": {
    "id": "35.14.18",
    "r0": 14,
    "c0": 233,
    "r1": 18,
    "c1": 235
   },
   "geometry": {
    "type": "Polygon",
    "coordinates": [
     [
      [
       233,
       14
      ],
      [
       236,
       14
      ],
      [
       236,
       19
      ],
      [
       233,
       19
      ],
      [
       233,
       14
      ]
     ]
    ]
   }
  },
  {
   "type": "Feature",
   "properties": {
    "id": "35.14.08",
    "r0": 19,
    "c0": 230,
    "r1": 21,
    "c1": 231
   },
   "geometry": {
    "type": "Polygon",
    "coordinates": [
     [
      [
       230,
       19
      ],
      [
       232,
       19
      ],
      [
       232,
       22
      ],
      [
       230,
       22
      ],
      [
       230,
       19
      ]
     ]
    ]
   }
  },
  {
   "type": "Feature",
   "properties": {
    "id": "35.14.24",
    "r0": 22,
    "c0": 230,
    "r1": 22,
    "c1": 231
   },
   "geometry": {
    "type": "Polygon",
    "coordinates": [
     [
      [
       230,
       22
      ],
      [
       232,
       22
      ],
      [
       232,
       23
      ],
      [
       230,
       23
      ],
      [
       230,
       22
      ]
     ]
    ]
   }
  },
  {
   "type": "Feature",
   "properties": {
    "id": "35.14.19",
    "r0": 19,
    "c0": 232,
    "r1": 22,
    "c1": 233
   },
   "geometry": {
    "type": "Polygon",
    "coordinates": [
     [
      [
       232,
       19
      ],
      [
       234,
       19
      ],
      [
       234,
       23
      ],
      [
       232,
       23
      ],
      [
       232,
       19
      ]
     ]
    ]
   }
  },
  {
   "type": "Feature",
   "properties": {
    "id": "35.14.04",
    "r0": 19,
    "c0": 234,
    "r1": 22,
    "c1": 235
   },
   "geometry": {
    "type": "Polygon",
    "coordinates": [
     [
      [
       234,
       19
      ],
      [
       236,
       19
      ],
      [
       236,
       23
      ],
      [
       234,
       23
      ],
      [
       234,
       19
      ]
     ]
    ]
   }
  },
  {
   "type": "Feature",
   "properties": {
    "id": "35.14.11",
    "r0": 23,
    "c0": 226,
    "r1": 27,
    "c1": 227
   },
   "geometry": {
    "type": "Polygon",
    "coordinates": [
     [
      [
       226,
       23
      ],
      [
       228,
       23
      ],
      [
       228,
       28
      ],
      [
       226,
       28
      ],
      [
       226,
       23
      ]
     ]
    ]
   }
  },
  {
   "type": "Feature",
   "properties": {
    "id": "35.14.13",
    "r0": 23,
    "c0": 228,
    "r1": 27,
    "c1": 230
   },
   "geometry": {
    "type": "Polygon",
    "coordinates": [
     [
      [
       228,
       23
      ],
      [
       231,
       23
      ],
      [
       231,
       28
      ],
      [
       228,
       28
      ],
      [
       228,
       23
      ]
     ]
    ]
   }
  },
  {
   "type": "Feature",
   "properties": {
    "id": "35.14.14",
    "r0": 28,
    "c0": 226,
    "r1": 30,
    "c1": 228
   },
   "geometry": {
    "type": "Polygon",
    "coordinates": [
     [
      [
       226,
       28
      ],
      [
       229,
       28
      ],
      [
       229,
       31
      ],
      [
       226,
       31
      ],
      [
       226,
       28
      ]
     ]
    ]
   }
  },
  {
   "type": "Feature",
   "properties": {
    "id": "35.14.10",
    "r0": 31,
    "c0": 226,
    "r1": 32,
    "c1": 228
   },
   "geometry": {
    "type": "Polygon",
    "coordinates": [
     [
      [
       226,
       31
      ],
      [
       229,
       31
      ],
      [
       229,
       33
      ],
      [
       226,
       33
      ],
      [
       226,
       31
      ]
     ]
    ]
   }
  },
  {
   "type": "Feature",
   "properties": {
    "id": "35.14.12",
    "r0": 28,
    "c0": 229,
    "r1": 32,
    "c1": 230
   },
   "geometry": {
    "type": "Polygon",
    "coordinates": [
     [
      [
       229,
       28
      ],
      [
       231,
       28
      ],
      [
       231,
       33
      ],
      [
       229,
       33
      ],
      [
       229,
       28
      ]
     ]
    ]
   }
  },
  {
   "type": "Feature",
   "properties": {
    "id": "35.14.09",
    "r0": 23,
    "c0": 231,
    "r1": 27,
    "c1": 232
   },
   "geometry": {
    "type": "Polygon",
    "coordinates": [
     [
      [
       231,
       23
      ],
      [
       233,
       23
      ],
      [
       233,
       28
      ],
      [
       231,
       28
      ],
      [
       231,
       23
      ]
     ]
    ]
   }
  },
  {
   "type": "Feature",
   "properties": {
    "id": "35.14.01",
    "r0": 23,
    "c0": 233,
    "r1": 25,
    "c1": 235
   },
   "geometry": {
    "type": "Polygon",
    "coordinates": [
     [
      [
       233,
       23
      ],
      [
       236,
       23
      ],
      [
       236,
       26
      ],
      [
       233,
       26
      ],
      [
       233,
       23
      ]
     ]
    ]
   }
  },
  {
   "type": "Feature",
   "properties": {
    "id": "35.14.07",
    "r0": 26,
    "c0": 233,
    "r1": 27,
    "c1": 235
   },
   "geometry": {
    "type": "Polygon",
    "coordinates": [
     [
      [
       233,
       26
      ],
      [
       236,
       26
      ],
      [
       236,
       28
      ],
      [
       233,
       28
      ],
      [
       233,
       26
      ]
     ]
    ]
   }
  },
  {
   "type": "Feature",
   "properties": {
    "id": "35.14.20",
    "r0": 28,
    "c0": 231,
    "r1": 32,
    "c1": 232
   },
   "geometry": {
    "type": "Polygon",
    "coordinates": [
     [
      [
       231,
       28
      ],
      [
       233,
       28
      ],
      [
       233,
       33
      ],
      [
       231,
       33
      ],
      [
       231,
       28
      ]
     ]
    ]
   }
  },
  {
   "type": "Feature",
   "properties": {
    "id": "35.14.21",
    "r0": 28,
    "c0": 233,
    "r1": 30,
    "c1": 233
   },
   "geometry": {
    "type": "Polygon",
    "coordinates": [
     [
      [
       233,
       28
      ],
      [
       234,
       28
      ],
      [
       234,
       31
      ],
      [
       233,
       31
      ],
      [
       233,
       28
      ]
     ]
    ]
   }
  },
  {
   "type": "Feature",
   "properties": {
    "id": "35.14.15",
    "r0": 28,
    "c0": 234,
    "r1": 30,
    "c1": 235
   },
   "geometry": {
    "type": "Polygon",
    "coordinates": [
     [
      [
       234,
       28
      ],
      [
       236,
       28
      ],
      [
       236,
       31
      ],
      [
       234,
       31
      ],
      [
       234,
       28
      ]
     ]
    ]
   }
  },
  {
   "type": "Feature",
   "properties": {
    "id": "35.14.03",
    "r0": 31,
    "c0": 233,
    "r1": 32,
    "c1": 235
   },
   "geometry": {
    "type": "Polygon",
    "coordinates": [
     [
      [
       233,
       31
      ],
      [
       236,
       31
      ],
      [
       236,
       33
      ],
      [
       233,
       33
      ],
      [
       233,
       31
      ]
     ]
    ]
   }
  },
  {
   "type": "Feature",
   "properties": {
    "id": "35.22",
    "r0": 14,
    "c0": 236,
    "r1": 32,
    "c1": 246
   },
   "geometry": {
    "type": "Polygon",
    "coordinates": [
     [
      [
       236,
       14
      ],
      [
       247,
       14
      ],
      [
       247,
       33
      ],
      [
       236,
       33
      ],
      [
       236,
       14
      ]
     ]
    ]
   }
  },
  {
   "type": "Feature",
   "properties": {
    "id": "35.22.07",
    "r0": 14,
    "c0": 236,
    "r1": 18,
    "c1": 238
   },
   "geometry": {
    "type": "Polygon",
    "coordinates": [
     [
      [
       236,
       14
      ],
      [
       239,
       14
      ],
      [
       239,
       19
      ],
      [
       236,
       19
      ],
      [
       236,
       14
      ]
     ]
    ]
   }
  },
  {
   "type": "Feature",
   "properties": {
    "id": "35.22.08",
    "r0": 14,
    "c0": 239,
    "r1": 18,
    "c1": 241
   },
   "geometry": {
    "type": "Polygon",
    "coordinates": [
     [
      [
       239,
       14
      ],
      [
       242,
       14
      ],
      [
       242,
       19
      ],
      [
       239,
       19
      ],
      [
       239,
       14
      ]
     ]
    ]
   }
  },
  {
   "type": "Feature",
   "properties": {
    "id": "35.22.02",
    "r0": 19,
    "c0": 236,
    "r1": 23,
    "c1": 237
   },
   "geometry": {
    "type": "Polygon",
    "coordinates": [
     [
      [
       236,
       19
      ],
      [
       238,
       19
      ],
      [
       238,
       24
      ],
      [
       236,
       24
      ],
      [
       236,
       19
      ]
     ]
    ]
   }
  },
  {
   "type": "Feature",
   "properties": {
    "id": "35.22.14",
    "r0": 19,
    "c0": 238,
    "r1": 21,
    "c1": 241
   },
   "geometry": {
    "type": "Polygon",
    "coordinates": [
     [
      [
       238,
       19
      ],
      [
       242,
       19
      ],
      [
       242,
       22
      ],
      [
       238,
       22
      ],
      [
       238,
       19
      ]
     ]
    ]
   }
  },
  {
   "type": "Feature",
   "properties": {
    "id": "35.22.21",
    "r0": 22,
    "c0": 238,
    "r1": 23,
    "c1": 241
   },
   "geometry": {
    "type": "Polygon",
    "coordinates": [
     [
      [
       238,
       22
      ],
      [
       242,
       22
      ],
      [
       242,
       24
      ],
      [
       238,
       24
      ],
      [
       238,
       22
      ]
     ]
    ]
   }
  },
  {
   "type": "Feature",
   "properties": {
    "id": "35.22.11",
    "r0": 14,
    "c0": 242,
    "r1": 17,
    "c1": 244
   },
   "geometry": {
    "type": "Polygon",
    "coordinates": [
     [
      [
       242,
       14
      ],
      [
       245,
       14
      ],
      [
       245,
       18
      ],
      [
       242,
       18
      ],
      [
       242,
       14
      ]
     ]
    ]
   }
  },
  {
   "type": "Feature",
   "properties": {
    "id": "35.22.13",
    "r0": 14,
    "c0": 245,
    "r1": 17,
    "c1": 246
   },
   "geometry": {
    "type": "Polygon",
    "coordinates": [
     [
      [
       245,
       14
      ],
      [
       247,
       14
      ],
      [
       247,
       18
      ],
      [
       245,
       18
      ],
      [
       245,
       14
      ]
     ]
    ]
   }
  },
  {
   "type": "Feature",
   "properties": {
    "id": "35.22.09",
    "r0": 18,
    "c0": 242,
    "r1": 20,
    "c1": 244
   },
   "geometry": {
    "type": "Polygon",
    "coordinates": [
     [
      [
       242,
       18
      ],
      [
       245,
       18
      ],
      [
       245,
       21
      ],
      [
       242,
       21
      ],
      [
       242,
       18
      ]
     ]
    ]
   }
  },
  {
   "type": "Feature",
   "properties": {
    "id": "35.22.17",
    "r0": 18,
    "c0": 245,
    "r1": 20,
    "c1": 246
   },
   "geometry": {
    "type": "Polygon",
    "coordinates": [
     [
      [
       245,
       18
      ],
      [
       247,
       18
      ],
      [
       247,
       21
      ],
      [
       245,
       21
      ],
      [
       245,
       18
      ]
     ]
    ]
   }
  },
  {
   "type": "Feature",
   "properties": {
    "id": "35.22.01",
    "r0": 21,
    "c0": 242,
    "r1": 23,
    "c1": 243
   },
   "geometry": {
    "type": "Polygon",
    "coordinates": [
     [
      [
       242,
       21
      ],
      [
       244,
       21
      ],
      [
       244,
       24
      ],
      [
       242,
       24
      ],
      [
       242,
       21
      ]
     ]
    ]
   }
  },
  {
   "type": "Feature",
   "properties": {
    "id": "35.22.04",
    "r0": 21,
    "c0": 244,
    "r1": 23,
    "c1": 246
   },
   "geometry": {
    "type": "Polygon",
    "coordinates": [
     [
      [
       244,
       21
      ],
      [
       247,
       21
      ],
      [
       247,
       24
      ],
      [
       244,
       24
      ],
      [
       244,
       21
      ]
     ]
    ]
   }
  },
  {
   "type": "Feature",
   "properties": {
    "id": "35.22.10",
    "r0": 24,
    "c0": 236,
    "r1": 28,
    "c1": 238
   },
   "geometry": {
    "type": "Polygon",
    "coordinates": [
     [
      [
       236,
       24
      ],
      [
       239,
       24
      ],
      [
       239,
       29
      ],
      [
       236,
       29
      ],
      [
       236,
       24
      ]
     ]
    ]
   }
  },
  {
   "type": "Feature",
   "properties": {
    "id": "35.22.12",
    "r0": 24,
    "c0": 239,
    "r1": 28,
    "c1": 241
   },
   "geometry": {
    "type": "Polygon",
    "coordinates": [
     [
      [
       239,
       24
      ],
      [
       242,
       24
      ],
      [
       242,
       29
      ],
      [
       239,
       29
      ],
      [
       239,
       24
      ]
     ]
    ]
   }
  },
  {
   "type": "Feature",
   "properties": {
    "id": "35.22.19",
    "r0": 29,
    "c0": 236,
    "r1": 32,
    "c1": 236
   },
   "geometry": {
    "type": "Polygon",
    "coordinates": [
     [
      [
       236,
       29
      ],
      [
       237,
       29
      ],
      [
       237,
       33
      ],
      [
       236,
       33
      ],
      [
       236,
       29
      ]
     ]
    ]
   }
  },
  {
   "type": "Feature",
   "properties": {
    "id": "35.22.15",
    "r0": 29,
    "c0": 237,
    "r1": 32,
    "c1": 239
   },
   "geometry": {
    "type": "Polygon",
    "coordinates": [
     [
      [
       237,
       29
      ],
      [
       240,
       29
      ],
      [
       240,
       33
      ],
      [
       237,
       33
      ],
      [
       237,
       29
      ]
     ]
    ]
   }
  },
  {
   "type": "Feature",
   "properties": {
    "id": "35.22.23",
    "r0": 29,
    "c0": 240,
    "r1": 30,
    "c1": 241
   },
   "geometry": {
    "type": "Polygon",
    "coordinates": [
     [
      [
       240,
       29
      ],
      [
       242,
       29
      ],
      [
       242,
       31
      ],
      [
       240,
       31
      ],
      [
       240,
       29
      ]
     ]
    ]
   }
  },
  {
   "type": "Feature",
   "properties": {
    "id": "35.22.27",
    "r0": 31,
    "c0": 240,
    "r1": 32,
    "c1": 241
   },
   "geometry": {
    "type": "Polygon",
    "coordinates": [
     [
      [
       240,
       31
      ],
      [
       242,
       31
      ],
      [
       242,
       33
      ],
      [
       240,
       33
      ],
      [
       240,
       31
      ]
     ]
    ]
   }
  },
  {
   "type": "Feature",
   "properties": {
    "id": "35.22.20",
    "r0": 24,
    "c0": 242,
    "r1": 27,
    "c1": 242
   },
   "geometry": {
    "type": "Polygon",
    "coordinates": [
     [
      [
       242,
       24
      ],
      [
       243,
       24
      ],
      [
       243,
       28
      ],
      [
       242,
       28
      ],
      [
       242,
       24
      ]
     ]
    ]
   }
  },
  {
   "type": "Feature",
   "properties": {
    "id": "35.22.28",
    "r0": 24,
    "c0": 243,
    "r1": 27,
    "c1": 244
   },
   "geometry": {
    "type": "Polygon",
    "coordinates": [
     [
      [
       243,
       24
      ],
      [
       245,
       24
      ],
      [
       245,
       28
      ],
      [
       243,
       28
      ],
      [
       243,
       24
      ]
     ]
    ]
   }
  },
  {
   "type": "Feature",
   "properties": {
    "id": "35.22.25",
    "r0": 24,
    "c0": 245,
    "r1": 26,
    "c1": 246
   },
   "geometry": {
    "type": "Polygon",
    "coordinates": [
     [
      [
       245,
       24
      ],
      [
       247,
       24
      ],
      [
       247,
       27
      ],
      [
       245,
       27
      ],
      [
       245,
       24
      ]
     ]
    ]
   }
  },
  {
   "type": "Feature",
   "properties": {
    "id": "35.22.03",
    "r0": 27,
    "c0": 245,
    "r1": 27,
    "c1": 246
   },
   "geometry": {
    "type": "Polygon",
    "coordinates": [
     [
      [
       245,
       27
      ],
      [
       247,
       27
      ],
      [
       247,
       28
      ],
      [
       245,
       28
      ],
      [
       245,
       27
      ]
     ]
    ]
   }
  },
  {
   "type": "Feature",
   "properties": {
    "id": "35.22.16",
    "r0": 28,
    "c0": 242,
    "r1": 30,
    "c1": 242
   },
   "geometry": {
    "type": "Polygon",
    "coordinates": [
     [
      [
       242,
       28
      ],
      [
       243,
       28
      ],
      [
       243,
       31
      ],
      [
       242,
       31
      ],
      [
       242,
       28
      ]
     ]
    ]
   }
  },
  {
   "type": "Feature",
   "properties": {
    "id": "35.22.05",
    "r0": 28,
    "c0": 243,
    "r1": 30,
    "c1": 243
   },
   "geometry": {
    "type": "Polygon",
    "coordinates": [
     [
      [
       243,
       28
      ],
      [
       244,
       28
      ],
      [
       244,
       31
      ],
      [
       243,
       31
      ],
      [
       243,
       28
      ]
     ]
    ]
   }
  },
  {
   "type": "Feature",
   "properties": {
    "id": "35.22.06",
    "r0": 31,
    "c0": 242,
    "r1": 32,
    "c1": 243
   },
   "geometry": {
    "type": "Polygon",
    "coordinates": [
     [
      [
       242,
       31
      ],
      [
       244,
       31
      ],
      [
       244,
       33
      ],
      [
       242,
       33
      ],
      [
       242,
       31
      ]
     ]
    ]
   }
  },
  {
   "type": "Feature",
   "properties": {
    "id": "35.22.18",
    "r0": 28,
    "c0": 244,
    "r1": 30,
    "c1": 245
   },
   "geometry": {
    "type": "Polygon",
    "coordinates": [
     [
      [
       244,
       28
      ],
      [
       246,
       28
      ],
      [
       246,
       31
      ],
      [
       244,
       31
      ],
      [
       244,
       28
      ]
     ]
    ]
   }
  },
  {
   "type": "Feature",
   "properties": {
    "id": "35.22.24",
    "r0": 28,
    "c0": 246,
    "r1": 30,
    "c1": 246
   },
   "geometry": {
    "type": "Polygon",
    "coordinates": [
     [
      [
       246,
       28
      ],
      [
       247,
       28
      ],
      [
       247,
       31
      ],
      [
       246,
       31
      ],
      [
       246,
       28
      ]
     ]
    ]
   }
  },
  {
   "type": "Feature",
   "properties": {
    "id": "35.22.22",
    "r0": 31,
    "c0": 244,
    "r1": 32,
    "c1": 245
   },
   "geometry": {
    "type": "Polygon",
    "coordinates": [
     [
      [
       244,
       31
      ],
      [
       246,
       31
      ],
      [
       246,
       33
      ],
      [
       244,
       33
      ],
      [
       244,
       31
      ]
     ]
    ]
   }
  },
  {
   "type": "Feature",
   "properties": {
    "id": "35.22.26",
    "r0": 31,
    "c0": 246,
    "r1": 32,
    "c1": 246
   },
   "geometry": {
    "type": "Polygon",
    "coordinates": [
     [
      [
       246,
       31
      ],
      [
       247,
       31
      ],
      [
       247,
       33
      ],
      [
       246,
       33
      ],
      [
       246,
       31
      ]
     ]
    ]
   }
  },
  {
   "type": "Feature",
   "properties": {
    "id": "35.13",
    "r0": 14,
    "c0": 247,
    "r1": 32,
    "c1": 254
   },
   "geometry": {
    "type": "Polygon",
    "coordinates": [
     [
      [
       247,
       14
      ],
      [
       255,
       14
      ],
      [
       255,
       33
      ],
      [
       247,
       33
      ],
      [
       247,
       14
      ]
     ]
    ]
   }
  },
  {
   "type": "Feature",
   "properties": {
    "id": "35.13.13",
    "r0": 14,
    "c0": 247,
    "r1": 17,
    "c1": 249
   },
   "geometry": {
    "type": "Polygon",
    "coordinates": [
     [
      [
       247,
       14
      ],
      [
       250,
       14
      ],
      [
       250,
       18
      ],
      [
       247,
       18
      ],
      [
       247,
       14
      ]
     ]
    ]
   }
  },
  {
   "type": "Feature",
   "properties": {
    "id": "35.13.10",
    "r0": 14,
    "c0": 250,
    "r1": 17,
    "c1": 252
   },
   "geometry": {
    "type": "Polygon",
    "coordinates": [
     [
      [
       250,
       14
      ],
      [
       253,
       14
      ],
      [
       253,
       18
      ],
      [
       250,
       18
      ],
      [
       250,
       14
      ]
     ]
    ]
   }
  },
  {
   "type": "Feature",
   "properties": {
    "id": "35.13.06",
    "r0": 14,
    "c0": 253,
    "r1": 17,
    "c1": 254
   },
   "geometry": {
    "type": "Polygon",
    "coordinates": [
     [
      [
       253,
       14
      ],
      [
       255,
       14
      ],
      [
       255,
       18
      ],
      [
       253,
       18
      ],
      [
       253,
       14
      ]
     ]
    ]
   }
  },
  {
   "type": "Feature",
   "properties": {
    "id": "35.13.14",
    "r0": 18,
    "c0": 247,
    "r1": 20,
    "c1": 250
   },
   "geometry": {
    "type": "Polygon",
    "coordinates": [
     [
      [
       247,
       18
      ],
      [
       251,
       18
      ],
      [
       251,
       21
      ],
      [
       247,
       21
      ],
      [
       247,
       18
      ]
     ]
    ]
   }
  },
  {
   "type": "Feature",
   "properties": {
    "id": "35.13.12",
    "r0": 21,
    "c0": 247,
    "r1": 22,
    "c1": 250
   },
   "geometry": {
    "type": "Polygon",
    "coordinates": [
     [
      [
       247,
       21
      ],
      [
       251,
       21
      ],
      [
       251,
       23
      ],
      [
       247,
       23
      ],
      [
       247,
       21
      ]
     ]
    ]
   }
  },
  {
   "type": "Feature",
   "properties": {
    "id": "35.13.21",
    "r0": 18,
    "c0": 251,
    "r1": 19,
    "c1": 252
   },
   "geometry": {
    "type": "Polygon",
    "coordinates": [
     [
      [
       251,
       18
      ],
      [
       253,
       18
      ],
      [
       253,
       20
      ],
      [
       251,
       20
      ],
      [
       251,
       18
      ]
     ]
    ]
   }
  },
  {
   "type": "Feature",
   "properties": {
    "id": "35.13.07",
    "r0": 18,
    "c0": 253,
    "r1": 19,
    "c1": 254
   },
   "geometry": {
    "type": "Polygon",
    "coordinates": [
     [
      [
       253,
       18
      ],
      [
       255,
       18
      ],
      [
       255,
       20
      ],
      [
       253,
       20
      ],
      [
       253,
       18
      ]
     ]
    ]
   }
  },
  {
   "type": "Feature",
   "properties": {
    "id": "35.13.20",
    "r0": 20,
    "c0": 251,
    "r1": 22,
    "c1": 252
   },
   "geometry": {
    "type": "Polygon",
    "coordinates": [
     [
      [
       251,
       20
      ],
      [
       253,
       20
      ],
      [
       253,
       23
      ],
      [
       251,
       23
      ],
      [
       251,
       20
      ]
     ]
    ]
   }
  },
  {
   "type": "Feature",
   "properties": {
    "id": "35.13.04",
    "r0": 20,
    "c0": 253,
    "r1": 22,
    "c1": 254
   },
   "geometry": {
    "type": "Polygon",
    "coordinates": [
     [
      [
       253,
       20
      ],
      [
       255,
       20
      ],
      [
       255,
       23
      ],
      [
       253,
       23
      ],
      [
       253,
       20
      ]
     ]
    ]
   }
  },
  {
   "type": "Feature",
   "properties": {
    "id": "35.13.18",
    "r0": 23,
    "c0": 247,
    "r1": 26,
    "c1": 248
   },
   "geometry": {
    "type": "Polygon",
    "coordinates": [
     [
      [
       247,
       23
      ],
      [
       249,
       23
      ],
      [
       249,
       27
      ],
      [
       247,
       27
      ],
      [
       247,
       23
      ]
     ]
    ]
   }
  },
  {
   "type": "Feature",
   "properties": {
    "id": "35.13.09",
    "r0": 23,
    "c0": 249,
    "r1": 26,
    "c1": 251
   },
   "geometry": {
    "type": "Polygon",
    "coordinates": [
     [
      [
       249,
       23
      ],
      [
       252,
       23
      ],
      [
       252,
       27
      ],
      [
       249,
       27
      ],
      [
       249,
       23
      ]
     ]
    ]
   }
  },
  {
   "type": "Feature",
   "properties": {
    "id": "35.13.23",
    "r0": 23,
    "c0": 252,
    "r1": 24,
    "c1": 254
   },
   "geometry": {
    "type": "Polygon",
    "coordinates": [
     [
      [
       252,
       23
      ],
      [
       255,
       23
      ],
      [
       255,
       25
      ],
      [
       252,
       25
      ],
      [
       252,
       23
      ]
     ]
    ]
   }
  },
  {
   "type": "Feature",
   "properties": {
    "id": "35.13.08",
    "r0": 25,
    "c0": 252,
    "r1": 26,
    "c1": 253
   },
   "geometry": {
    "type": "Polygon",
    "coordinates": [
     [
      [
       252,
       25
      ],
      [
       254,
       25
      ],
      [
       254,
       27
      ],
      [
       252,
       27
      ],
      [
       252,
       25
      ]
     ]
    ]
   }
  },
  {
   "type": "Feature",
   "properties": {
    "id": "35.13.24",
    "r0": 25,
    "c0": 254,
    "r1": 26,
    "c1": 254
   },
   "geometry": {
    "type": "Polygon",
    "coordinates": [
     [
      [
       254,
       25
      ],
      [
       255,
       25
      ],
      [
       255,
       27
      ],
      [
       254,
       27
      ],
      [
       254,
       25
      ]
     ]
    ]
   }
  },
  {
   "type": "Feature",
   "properties": {
    "id": "35.13.17",
    "r0": 27,
    "c0": 247,
    "r1": 29,
    "c1": 250
   },
   "geometry": {
    "type": "Polygon",
    "coordinates": [
     [
      [
       247,
       27
      ],
      [
       251,
       27
      ],
      [
       251,
       30
      ],
      [
       247,
       30
      ],
      [
       247,
       27
      ]
     ]
    ]
   }
  },
  {
   "type": "Feature",
   "properties": {
    "id": "35.13.02",
    "r0": 30,
    "c0": 247,
    "r1": 30,
    "c1": 248
   },
   "geometry": {
    "type": "Polygon",
    "coordinates": [
     [
      [
       247,
       30
      ],
      [
       249,
       30
      ],
      [
       249,
       31
      ],
      [
       247,
       31
      ],
      [
       247,
       30
      ]
     ]
    ]
   }
  },
  {
   "type": "Feature",
   "properties": {
    "id": "35.13.05",
    "r0": 31,
    "c0": 247,
    "r1": 32,
    "c1": 247
   },
   "geometry": {
    "type": "Polygon",
    "coordinates": [
     [
      [
       247,
       31
      ],
      [
       248,
       31
      ],
      [
       248,
       33
      ],
      [
       247,
       33
      ],
      [
       247,
       31
      ]
     ]
    ]
   }
  },
  {
   "type": "Feature",
   "properties": {
    "id": "35.13.11",
    "r0": 31,
    "c0": 248,
    "r1": 32,
    "c1": 248
   },
   "geometry": {
    "type": "Polygon",
    "coordinates": [
     [
      [
       248,
       31
      ],
      [
       249,
       31
      ],
      [
       249,
       33
      ],
      [
       248,
       33
      ],
      [
       248,
       31
      ]
     ]
    ]
   }
  },
  {
   "type": "Feature",
   "properties": {
    "id": "35.13.19",
    "r0": 30,
    "c0": 249,
    "r1": 32,
    "c1": 250
   },
   "geometry": {
    "type": "Polygon",
    "coordinates": [
     [
      [
       249,
       30
      ],
      [
       251,
       30
      ],
      [
       251,
       33
      ],
      [
       249,
       33
      ],
      [
       249,
       30
      ]
     ]
    ]
   }
  },
  {
   "type": "Feature",
   "properties": {
    "id": "35.13.15",
    "r0": 27,
    "c0": 251,
    "r1": 29,
    "c1": 252
   },
   "geometry": {
    "type": "Polygon",
    "coordinates": [
     [
      [
       251,
       27
      ],
      [
       253,
       27
      ],
      [
       253,
       30
      ],
      [
       251,
       30
      ],
      [
       251,
       27
      ]
     ]
    ]
   }
  },
  {
   "type": "Feature",
   "properties": {
    "id": "35.13.16",
    "r0": 27,
    "c0": 253,
    "r1": 29,
    "c1": 254
   },
   "geometry": {
    "type": "Polygon",
    "coordinates": [
     [
      [
       253,
       27
      ],
      [
       255,
       27
      ],
      [
       255,
       30
      ],
      [
       253,
       30
      ],
      [
       253,
       27
      ]
     ]
    ]
   }
  },
  {
   "type": "Feature",
   "properties": {
    "id": "35.13.03",
    "r0": 30,
    "c0": 251,
    "r1": 32,
    "c1": 252
   },
   "geometry": {
    "type": "Polygon",
    "coordinates": [
     [
      [
       251,
       30
      ],
      [
       253,
       30
      ],
      [
       253,
       33
      ],
      [
       251,
       33
      ],
      [
       251,
       30
      ]
     ]
    ]
   }
  },
  {
   "type": "Feature",
   "properties": {
    "id": "35.13.01",
    "r0": 30,
    "c0": 253,
    "r1": 30,
    "c1": 254
   },
   "geometry": {
    "type": "Polygon",
    "coordinates": [
     [
      [
       253,
       30
      ],
      [
       255,
       30
      ],
      [
       255,
       31
      ],
      [
       253,
       31
      ],
      [
       253,
       30
      ]
     ]
    ]
   }
  },
  {
   "type": "Feature",
   "properties": {
    "id": "35.13.22",
    "r0": 31,
    "c0": 253,
    "r1": 32,
    "c1": 254
   },
   "geometry": {
    "type": "Polygon",
    "coordinates": [
     [
      [
       253,
       31
      ],
      [
       255,
       31
      ],
      [
       255,
       33
      ],
      [
       253,
       33
      ],
      [
       253,
       31
      ]
     ]
    ]
   }
  },
  {
   "type": "Feature",
   "properties": {
    "id": "35.20",
    "r0": 33,
    "c0": 193,
    "r1": 41,
    "c1": 204
   },
   "geometry": {
    "type": "Polygon",
    "coordinates": [
     [
      [
       193,
       33
      ],
      [
       205,
       33
      ],
      [
       205,
       42
      ],
      [
       193,
       42
      ],
      [
       193,
       33
      ]
     ]
    ]
   }
  },
  {
   "type": "Feature",
   "properties": {
    "id": "35.20.01",
    "r0": 33,
    "c0": 193,
    "r1": 36,
    "c1": 194
   },
   "geometry": {
    "type": "Polygon",
    "coordinates": [
     [
      [
       193,
       33
      ],
      [
       195,
       33
      ],
      [
       195,
       37
      ],
      [
       193,
       37
      ],
      [
       193,
       33
      ]
     ]
    ]
   }
  },
  {
   "type": "Feature",
   "properties": {
    "id": "35.20.16",
    "r0": 33,
    "c0": 195,
    "r1": 36,
    "c1": 196
   },
   "geometry": {
    "type": "Polygon",
    "coordinates": [
     [
      [
       195,
       33
      ],
      [
       197,
       33
      ],
      [
       197,
       37
      ],
      [
       195,
       37
      ],
      [
       195,
       33
      ]
     ]
    ]
   }
  },
  {
   "type": "Feature",
   "properties": {
    "id": "35.20.05",
    "r0": 33,
    "c0": 197,
    "r1": 36,
    "c1": 198
   },
   "geometry": {
    "type": "Polygon",
    "coordinates": [
     [
      [
       197,
       33
      ],
      [
       199,
       33
      ],
      [
       199,
       37
      ],
      [
       197,
       37
      ],
      [
       197,
       33
      ]
     ]
    ]
   }
  },
  {
   "type": "Feature",
   "properties": {
    "id": "35.20.13",
    "r0": 37,
    "c0": 193,
    "r1": 38,
    "c1": 195
   },
   "geometry": {
    "type": "Polygon",
    "coordinates": [
     [
      [
       193,
       37
      ],
      [
       196,
       37
      ],
      [
       196,
       39
      ],
      [
       193,
       39
      ],
      [
       193,
       37
      ]
     ]
    ]
   }
  },
  {
   "type": "Feature",
   "properties": {
    "id": "35.20.09",
    "r0": 39,
    "c0": 193,
    "r1": 41,
    "c1": 195
   },
   "geometry": {
    "type": "Polygon",
    "coordinates": [
     [
      [
       193,
       39
      ],
      [
       196,
       39
      ],
      [
       196,
       42
      ],
      [
       193,
       42
      ],
      [
       193,
       39
      ]
     ]
    ]
   }
  },
  {
   "type": "Feature",
   "properties": {
    "id": "35.20.12",
    "r0": 37,
    "c0": 196,
    "r1": 39,
    "c1": 198
   },
   "geometry": {
    "type": "Polygon",
    "coordinates": [
     [
      [
       196,
       37
      ],
      [
       199,
       37
      ],
      [
       199,
       40
      ],
      [
       196,
       40
      ],
      [
       196,
       37
      ]
     ]
    ]
   }
  },
  {
   "type": "Feature",
   "properties": {
    "id": "35.20.08",
    "r0": 40,
    "c0": 196,
    "r1": 41,
    "c1": 198
   },
   "geometry": {
    "type": "Polygon",
    "coordinates": [
     [
      [
       196,
       40
      ],
      [
       199,
       40
      ],
      [
       199,
       42
      ],
      [
       196,
       42
      ],
      [
       196,
       40
      ]
     ]
    ]
   }
  },
  {
   "type": "Feature",
   "properties": {
    "id": "35.20.06",
    "r0": 33,
    "c0": 199,
    "r1": 34,
    "c1": 201
   },
   "geometry": {
    "type": "Polygon",
    "coordinates": [
     [
      [
       199,
       33
      ],
      [
       202,
       33
      ],
      [
       202,
       35
      ],
      [
       199,
       35
      ],
      [
       199,
       33
      ]
     ]
    ]
   }
  },
  {
   "type": "Feature",
   "properties": {
    "id": "35.20.15",
    "r0": 35,
    "c0": 199,
    "r1": 37,
    "c1": 201
   },
   "geometry": {
    "type": "Polygon",
    "coordinates": [
     [
      [
       199,
       35
      ],
      [
       202,
       35
      ],
      [
       202,
       38
      ],
      [
       199,
       38
      ],
      [
       199,
       35
      ]
     ]
    ]
   }
  },
  {
   "type": "Feature",
   "properties": {
    "id": "35.20.10",
    "r0": 33,
    "c0": 202,
    "r1": 35,
    "c1": 204
   },
   "geometry": {
    "type": "Polygon",
    "coordinates": [
     [
      [
       202,
       33
      ],
      [
       205,
       33
      ],
      [
       205,
       36
      ],
      [
       202,
       36
      ],
      [
       202,
       33
      ]
     ]
    ]
   }
  },
  {
   "type": "Feature",
   "properties": {
    "id": "35.20.07",
    "r0": 36,
    "c0": 202,
    "r1": 37,
    "c1": 204
   },
   "geometry": {
    "type": "Polygon",
    "coordinates": [
     [
      [
       202,
       36
      ],
      [
       205,
       36
      ],
      [
       205,
       38
      ],
      [
       202,
       38
      ],
      [
       202,
       36
      ]
     ]
    ]
   }
  },
  {
   "type": "Feature",
   "properties": {
    "id": "35.20.14",
    "r0": 38,
    "c0": 199,
    "r1": 39,
    "c1": 201
   },
   "geometry": {
    "type": "Polygon",
    "coordinates": [
     [
      [
       199,
       38
      ],
      [
       202,
       38
      ],
      [
       202,
       40
      ],
      [
       199,
       40
      ],
      [
       199,
       38
      ]
     ]
    ]
   }
  },
  {
   "type": "Feature",
   "properties": {
    "id": "35.20.02",
    "r0": 40,
    "c0": 199,
    "r1": 41,
    "c1": 199
   },
   "geometry": {
    "type": "Polygon",
    "coordinates": [
     [
      [
       199,
       40
      ],
      [
       200,
       40
      ],
      [
       200,
       42
      ],
      [
       199,
       42
      ],
      [
       199,
       40
      ]
     ]
    ]
   }
  },
  {
   "type": "Feature",
   "properties": {
    "id": "35.20.18",
    "r0": 40,
    "c0": 200,
    "r1": 41,
    "c1": 201
   },
   "geometry": {
    "type": "Polygon",
    "coordinates": [
     [
      [
       200,
       40
      ],
      [
       202,
       40
      ],
      [
       202,
       42
      ],
      [
       200,
       42
      ],
      [
       200,
       40
      ]
     ]
    ]
   }
  },
  {
   "type": "Feature",
   "properties": {
    "id": "35.20.17",
    "r0": 38,
    "c0": 202,
    "r1": 40,
    "c1": 202
   },
   "geometry": {
    "type": "Polygon",
    "coordinates": [
     [
      [
       202,
       38
      ],
      [
       203,
       38
      ],
      [
       203,
       41
      ],
      [
       202,
       41
      ],
      [
       202,
       38
      ]
     ]
    ]
   }
  },
  {
   "type": "Feature",
   "properties": {
    "id": "35.20.03",
    "r0": 38,
    "c0": 203,
    "r1": 40,
    "c1": 204
   },
   "geometry": {
    "type": "Polygon",
    "coordinates": [
     [
      [
       203,
       38
      ],
      [
       205,
       38
      ],
      [
       205,
       41
      ],
      [
       203,
       41
      ],
      [
       203,
       38
      ]
     ]
    ]
   }
  },
  {
   "type": "Feature",
   "properties": {
    "id": "35.20.04",
    "r0": 41,
    "c0": 202,
    "r1": 41,
    "c1": 203
   },
   "geometry": {
    "type": "Polygon",
    "coordinates": [
     [
      [
       202,
       41
      ],
      [
       204,
       41
      ],
      [
       204,
       42
      ],
      [
       202,
       42
      ],
      [
       202,
       41
      ]
     ]
    ]
   }
  },
  {
   "type": "Feature",
   "properties": {
    "id": "35.20.11",
    "r0": 41,
    "c0": 204,
    "r1": 41,
    "c1": 204
   },
   "geometry": {
    "type": "Polygon",
    "coordinates": [
     [
      [
       204,
       41
      ],
      [
       205,
       41
      ],
      [
       205,
       42
      ],
      [
       204,
       42
      ],
      [
       204,
       41
      ]
     ]
    ]
   }
  },
  {
   "type": "Feature",
   "properties": {
    "id": "35.08",
    "r0": 42,
    "c0": 193,
    "r1": 50,
    "c1": 203
   },
   "geometry": {
    "type": "Polygon",
    "coordinates": [
     [
      [
       193,
       42
      ],
      [
       204,
       42
      ],
      [
       204,
       51
      ],
      [
       193,
       51
      ],
      [
       193,
       42
      ]
     ]
    ]
   }
  },
  {
   "type": "Feature",
   "properties": {
    "id": "35.08.20",
    "r0": 42,
    "c0": 193,
    "r1": 42,
    "c1": 195
   },
   "geometry": {
    "type": "Polygon",
    "coordinates": [
     [
      [
       193,
       42
      ],
      [
       196,
       42
      ],
      [
       196,
       43
      ],
      [
       193,
       43
      ],
      [
       193,
       42
      ]
     ]
    ]
   }
  },
  {
   "type": "Feature",
   "properties": {
    "id": "35.08.12",
    "r0": 43,
    "c0": 193,
    "r1": 45,
    "c1": 195
   },
   "geometry": {
    "type": "Polygon",
    "coordinates": [
     [
      [
       193,
       43
      ],
      [
       196,
       43
      ],
      [
       196,
       46
      ],
      [
       193,
       46
      ],
      [
       193,
       43
      ]
     ]
    ]
   }
  },
  {
   "type": "Feature",
   "properties": {
    "id": "35.08.14",
    "r0": 42,
    "c0": 196,
    "r1": 43,
    "c1": 198
   },
   "geometry": {
    "type": "Polygon",
    "coordinates": [
     [
      [
       196,
       42
      ],
      [
       199,
       42
      ],
      [
       199,
       44
      ],
      [
       196,
       44
      ],
      [
       196,
       42
      ]
     ]
    ]
   }
  },
  {
   "type": "Feature",
   "properties": {
    "id": "35.08.04",
    "r0": 44,
    "c0": 196,
    "r1": 45,
    "c1": 198
   },
   "geometry": {
    "type": "Polygon",
    "coordinates": [
     [
      [
       196,
       44
      ],
      [
       199,
       44
      ],
      [
       199,
       46
      ],
      [
       196,
       46
      ],
      [
       196,
       44
      ]
     ]
    ]
   }
  },
  {
   "type": "Feature",
   "properties": {
    "id": "35.08.16",
    "r0": 46,
    "c0": 193,
    "r1": 47,
    "c1": 196
   },
   "geometry": {
    "type": "Polygon",
    "coordinates": [
     [
      [
       193,
       46
      ],
      [
       197,
       46
      ],
      [
       197,
       48
      ],
      [
       193,
       48
      ],
      [
       193,
       46
      ]
     ]
    ]
   }
  },
  {
   "type": "Feature",
   "properties": {
    "id": "35.08.10",
    "r0": 48,
    "c0": 193,
    "r1": 50,
    "c1": 196
   },
   "geometry": {
    "type": "Polygon",
    "coordinates": [
     [
      [
       193,
       48
      ],
      [
       197,
       48
      ],
      [
       197,
       51
      ],
      [
       193,
       51
      ],
      [
       193,
       48
      ]
     ]
    ]
   }
  },
  {
   "type": "Feature",
   "properties": {
    "id": "35.08.17",
    "r0": 46,
    "c0": 197,
    "r1": 47,
    "c1": 198
   },
   "geometry": {
    "type": "Polygon",
    "coordinates": [
     [
      [
       197,
       46
      ],
      [
       199,
       46
      ],
      [
       199,
       48
      ],
      [
       197,
       48
      ],
      [
       197,
       46
      ]
     ]
    ]
   }
  },
  {
   "type": "Feature",
   "properties": {
    "id": "35.08.18",
    "r0": 48,
    "c0": 197,
    "r1": 50,
    "c1": 198
   },
   "geometry": {
    "type": "Polygon",
    "coordinates": [
     [
      [
       197,
       48
      ],
      [
       199,
       48
      ],
      [
       199,
       51
      ],
      [
       197,
       51
      ],
      [
       197,
       48
      ]
     ]
    ]
   }
  },
  {
   "type": "Feature",
   "properties": {
    "id": "35.08.05",
    "r0": 42,
    "c0": 199,
    "r1": 43,
    "c1": 201
   },
   "geometry": {
    "type": "Polygon",
    "coordinates": [
     [
      [
       199,
       42
      ],
      [
       202,
       42
      ],
      [
       202,
       44
      ],
      [
       199,
       44
      ],
      [
       199,
       42
      ]
     ]
    ]
   }
  },
  {
   "type": "Feature",
   "properties": {
    "id": "35.08.15",
    "r0": 44,
    "c0": 199,
    "r1": 45,
    "c1": 201
   },
   "geometry": {
    "type": "Polygon",
    "coordinates": [
     [
      [
       199,
       44
      ],
      [
       202,
       44
      ],
      [
       202,
       46
      ],
      [
       199,
       46
      ],
      [
       199,
       44
      ]
     ]
    ]
   }
  },
  {
   "type": "Feature",
   "properties": {
    "id": "35.08.01",
    "r0": 42,
    "c0": 202,
    "r1": 42,
    "c1": 203
   },
   "geometry": {
    "type": "Polygon",
    "coordinates": [
     [
      [
       202,
       42
      ],
      [
       204,
       42
      ],
      [
       204,
       43
      ],
      [
       202,
       43
      ],
      [
       202,
       42
      ]
     ]
    ]
   }
  },
  {
   "type": "Feature",
   "properties": {
    "id": "35.08.03",
    "r0": 43,
    "c0": 202,
    "r1": 45,
    "c1": 202
   },
   "geometry": {
    "type": "Polygon",
    "coordinates": [
     [
      [
       202,
       43
      ],
      [
       203,
       43
      ],
      [
       203,
       46
      ],
      [
       202,
       46
      ],
      [
       202,
       43
      ]
     ]
    ]
   }
  },
  {
   "type": "Feature",
   "properties": {
    "id": "35.08.13",
    "r0": 43,
    "c0": 203,
    "r1": 45,
    "c1": 203
   },
   "geometry": {
    "type": "Polygon",
    "coordinates": [
     [
      [
       203,
       43
      ],
      [
       204,
       43
      ],
      [
       204,
       46
      ],
      [
       203,
       46
      ],
      [
       203,
       43
      ]
     ]
    ]
   }
  },
  {
   "type": "Feature",
   "properties": {
    "id": "35.08.07",
    "r0": 46,
    "c0": 199,
    "r1": 48,
    "c1": 200
   },
   "geometry": {
    "type": "Polygon",
    "coordinates": [
     [
      [
       199,
       46
      ],
      [
       201,
       46
      ],
      [
       201,
       49
      ],
      [
       199,
       49
      ],
      [
       199,
       46
      ]
     ]
    ]
   }
  },
  {
   "type": "Feature",
   "properties": {
    "id": "35.08.08",
    "r0": 49,
    "c0": 199,
    "r1": 50,
    "c1": 200
   },
   "geometry": {
    "type": "Polygon",
    "coordinates": [
     [
      [
       199,
       49
      ],
      [
       201,
       49
      ],
      [
       201,
       51
      ],
      [
       199,
       51
      ],
      [
       199,
       49
      ]
     ]
    ]
   }
  },
  {
   "type": "Feature",
   "properties": {
    "id": "35.08.06",
    "r0": 46,
    "c0": 201,
    "r1": 48,
    "c1": 202
   },
   "geometry": {
    "type": "Polygon",
    "coordinates": [
     [
      [
       201,
       46
      ],
      [
       203,
       46
      ],
      [
       203,
       49
      ],
      [
       201,
       49
      ],
      [
       201,
       46
      ]
     ]
    ]
   }
  },
  {
   "type": "Feature",
   "properties": {
    "id": "35.08.19",
    "r0": 46,
    "c0": 203,
    "r1": 48,
    "c1": 203
   },
   "geometry": {
    "type": "Polygon",
    "coordinates": [
     [
      [
       203,
       46
      ],
      [
       204,
       46
      ],
      [
       204,
       49
      ],
      [
       203,
       49
      ],
      [
       203,
       46
      ]
     ]
    ]
   }
  },
  {
   "type": "Feature",
   "properties": {
    "id": "35.08.21",
    "r0": 49,
    "c0": 201,
    "r1": 50,
    "c1": 201
   },
   "geometry": {
    "type": "Polygon",
    "coordinates": [
     [
      [
       201,
       49
      ],
      [
       202,
       49
      ],
      [
       202,
       51
      ],
      [
       201,
       51
      ],
      [
       201,
       49
      ]
     ]
    ]
   }
  },
  {
   "type": "Feature",
   "properties": {
    "id": "35.08.11",
    "r0": 49,
    "c0": 202,
    "r1": 50,
    "c1": 202
   },
   "geometry": {
    "type": "Polygon",
    "coordinates": [
     [
      [
       202,
       49
      ],
      [
       203,
       49
      ],
      [
       203,
       51
      ],
      [
       202,
       51
      ],
      [
       202,
       49
      ]
     ]
    ]
   }
  },
  {
   "type": "Feature",
   "properties": {
    "id": "35.08.09",
    "r0": 49,
    "c0": 203,
    "r1": 50,
    "c1": 203
   },
   "geometry": {
    "type": "Polygon",
    "coordinates": [
     [
      [
       203,
       49
      ],
      [
       204,
       49
      ],
      [
       204,
       51
      ],
      [
       203,
       51
      ],
      [
       203,
       49
      ]
     ]
    ]
   }
  },
  {
   "type": "Feature",
   "properties": {
    "id": "35.07",
    "r0": 42,
    "c0": 204,
    "r1": 50,
    "c1": 204
   },
   "geometry": {
    "type": "Polygon",
    "coordinates": [
     [
      [
       204,
       42
      ],
      [
       205,
       42
      ],
      [
       205,
       51
      ],
      [
       204,
       51
      ],
      [
       204,
       42
      ]
     ]
    ]
   }
  },
  {
   "type": "Feature",
   "properties": {
    "id": "35.07.23",
    "r0": 42,
    "c0": 204,
    "r1": 45,
    "c1": 204
   },
   "geometry": {
    "type": "Polygon",
    "coordinates": [
     [
      [
       204,
       42
      ],
      [
       205,
       42
      ],
      [
       205,
       46
      ],
      [
       204,
       46
      ],
      [
       204,
       42
      ]
     ]
    ]
   }
  },
  {
   "type": "Feature",
   "properties": {
    "id": "35.07.25",
    "r0": 46,
    "c0": 204,
    "r1": 47,
    "c1": 204
   },
   "geometry": {
    "type": "Polygon",
    "coordinates": [
     [
      [
       204,
       46
      ],
      [
       205,
       46
      ],
      [
       205,
       48
      ],
      [
       204,
       48
      ],
      [
       204,
       46
      ]
     ]
    ]
   }
  },
  {
   "type": "Feature",
   "properties": {
    "id": "35.07.21",
    "r0": 48,
    "c0": 204,
    "r1": 50,
    "c1": 204
   },
   "geometry": {
    "type": "Polygon",
    "coordinates": [
     [
      [
       204,
       48
      ],
      [
       205,
       48
      ],
      [
       205,
       51
      ],
      [
       204,
       51
      ],
      [
       204,
       48
      ]
     ]
    ]
   }
  },
  {
   "type": "Feature",
   "properties": {
    "id": "35.05",
    "r0": 33,
    "c0": 205,
    "r1": 50,
    "c1": 211
   },
   "geometry": {
    "type": "Polygon",
    "coordinates": [
     [
      [
       205,
       33
      ],
      [
       212,
       33
      ],
      [
       212,
       51
      ],
      [
       205,
       51
      ],
      [
       205,
       33
      ]
     ]
    ]
   }
  },
  {
   "type": "Feature",
   "properties": {
    "id": "35.05.21",
    "r0": 33,
    "c0": 205,
    "r1": 34,
    "c1": 206
   },
   "geometry": {
    "type": "Polygon",
    "coordinates": [
     [
      [
       205,
       33
      ],
      [
       207,
       33
      ],
      [
       207,
       35
      ],
      [
       205,
       35
      ],
      [
       205,
       33
      ]
     ]
    ]
   }
  },
  {
   "type": "Feature",
   "properties": {
    "id": "35.05.17",
    "r0": 35,
    "c0": 205,
    "r1": 36,
    "c1": 206
   },
   "geometry": {
    "type": "Polygon",
    "coordinates": [
     [
      [
       205,
       35
      ],
      [
       207,
       35
      ],
      [
       207,
       37
      ],
      [
       205,
       37
      ],
      [
       205,
       35
      ]
     ]
    ]
   }
  },
  {
   "type": "Feature",
   "properties": {
    "id": "35.05.06",
    "r0": 33,
    "c0": 207,
    "r1": 36,
    "c1": 209
   },
   "geometry": {
    "type": "Polygon",
    "coordinates": [
     [
      [
       207,
       33
      ],
      [
       210,
       33
      ],
      [
       210,
       37
      ],
      [
       207,
       37
      ],
      [
       207,
       33
      ]
     ]
    ]
   }
  },
  {
   "type": "Feature",
   "properties": {
    "id": "35.05.12",
    "r0": 33,
    "c0": 210,
    "r1": 36,
    "c1": 211
   },
   "geometry": {
    "type": "Polygon",
    "coordinates": [
     [
      [
       210,
       33
      ],
      [
       212,
       33
      ],
      [
       212,
       37
      ],
      [
       210,
       37
      ],
      [
       210,
       33
      ]
     ]
    ]
   }
  },
  {
   "type": "Feature",
   "properties": {
    "id": "35.05.03",
    "r0": 37,
    "c0": 205,
    "r1": 38,
    "c1": 208
   },
   "geometry": {
    "type": "Polygon",
    "coordinates": [
     [
      [
       205,
       37
      ],
      [
       209,
       37
      ],
      [
       209,
       39
      ],
      [
       205,
       39
      ],
      [
       205,
       37
      ]
     ]
    ]
   }
  },
  {
   "type": "Feature",
   "properties": {
    "id": "35.05.14",
    "r0": 39,
    "c0": 205,
    "r1": 41,
    "c1": 208
   },
   "geometry": {
    "type": "Polygon",
    "coordinates": [
     [
      [
       205,
       39
      ],
      [
       209,
       39
      ],
      [
       209,
       42
      ],
      [
       205,
       42
      ],
      [
       205,
       39
      ]
     ]
    ]
   }
  },
  {
   "type": "Feature",
   "properties": {
    "id": "35.05.05",
    "r0": 37,
    "c0": 209,
    "r1": 39,
    "c1": 209
   },
   "geometry": {
    "type": "Polygon",
    "coordinates": [
     [
      [
       209,
       37
      ],
      [
       210,
       37
      ],
      [
       210,
       40
      ],
      [
       209,
       40
      ],
      [
       209,
       37
      ]
     ]
    ]
   }
  },
  {
   "type": "Feature",
   "properties": {
    "id": "35.05.02",
    "r0": 37,
    "c0": 210,
    "r1": 39,
    "c1": 211
   },
   "geometry": {
    "type": "Polygon",
    "coordinates": [
     [
      [
       210,
       37
      ],
      [
       212,
       37
      ],
      [
       212,
       40
      ],
      [
       210,
       40
      ],
      [
       210,
       37
      ]
     ]
    ]
   }
  },
  {
   "type": "Feature",
   "properties": {
    "id": "35.05.13",
    "r0": 40,
    "c0": 209,
    "r1": 41,
    "c1": 211
   },
   "geometry": {
    "type": "Polygon",
    "coordinates": [
     [
      [
       209,
       40
      ],
      [
       212,
       40
      ],
      [
       212,
       42
      ],
      [
       209,
       42
      ],
      [
       209,
       40
      ]
     ]
    ]
   }
  },
  {
   "type": "Feature",
   "properties": {
    "id": "35.05.10",
    "r0": 42,
    "c0": 205,
    "r1": 44,
    "c1": 207
   },
   "geometry": {
    "type": "Polygon",
    "coordinates": [
     [
      [
       205,
       42
      ],
      [
       208,
       42
      ],
      [
       208,
       45
      ],
      [
       205,
       45
      ],
      [
       205,
       42
      ]
     ]
    ]
   }
  },
  {
   "type": "Feature",
   "properties": {
    "id": "35.05.09",
    "r0": 45,
    "c0": 205,
    "r1": 46,
    "c1": 207
   },
   "geometry": {
    "type": "Polygon",
    "coordinates": [
     [
      [
       205,
       45
      ],
      [
       208,
       45
      ],
      [
       208,
       47
      ],
      [
       205,
       47
      ],
      [
       205,
       45
      ]
     ]
    ]
   }
  },
  {
   "type": "Feature",
   "properties": {
    "id": "35.05.11",
    "r0": 42,
    "c0": 208,
    "r1": 44,
    "c1": 208
   },
   "geometry": {
    "type": "Polygon",
    "coordinates": [
     [
      [
       208,
       42
      ],
      [
       209,
       42
      ],
      [
       209,
       45
      ],
      [
       208,
       45
      ],
      [
       208,
       42
      ]
     ]
    ]
   }
  },
  {
   "type": "Feature",
   "properties": {
    "id": "35.05.04",
    "r0": 42,
    "c0": 209,
    "r1": 44,
    "c1": 211
   },
   "geometry": {
    "type": "Polygon",
    "coordinates": [
     [
      [
       209,
       42
      ],
      [
       212,
       42
      ],
      [
       212,
       45
      ],
      [
       209,
       45
      ],
      [
       209,
       42
      ]
     ]
    ]
   }
  },
  {
   "type": "Feature",
   "properties": {
    "id": "35.05.07",
    "r0": 45,
    "c0": 208,
    "r1": 46,
    "c1": 211
   },
   "geometry": {
    "type": "Polygon",
    "coordinates": [
     [
      [
       208,
       45
      ],
      [
       212,
       45
      ],
      [
       212,
       47
      ],
      [
       208,
       47
      ],
      [
       208,
       45
      ]
     ]
    ]
   }
  },
  {
   "type": "Feature",
   "properties": {
    "id": "35.05.16",
    "r0": 47,
    "c0": 205,
    "r1": 47,
    "c1": 207
   },
   "geometry": {
    "type": "Polygon",
    "coordinates": [
     [
      [
       205,
       47
      ],
      [
       208,
       47
      ],
      [
       208,
       48
      ],
      [
       205,
       48
      ],
      [
       205,
       47
      ]
     ]
    ]
   }
  },
  {
   "type": "Feature",
   "properties": {
    "id": "35.05.19",
    "r0": 48,
    "c0": 205,
    "r1": 48,
    "c1": 207
   },
   "geometry": {
    "type": "Polygon",
    "coordinates": [
     [
      [
       205,
       48
      ],
      [
       208,
       48
      ],
      [
       208,
       49
      ],
      [
       205,
       49
      ],
      [
       205,
       48
      ]
     ]
    ]
   }
  },
  {
   "type": "Feature",
   "properties": {
    "id": "35.05.15",
    "r0": 49,
    "c0": 205,
    "r1": 50,
    "c1": 207
   },
   "geometry": {
    "type": "Polygon",
    "coordinates": [
     [
      [
       205,
       49
      ],
      [
       208,
       49
      ],
      [
       208,
       51
      ],
      [
       205,
       51
      ],
      [
       205,
       49
      ]
     ]
    ]
   }
  },
  {
   "type": "Feature",
   "properties": {
    "id": "35.05.18",
    "r0": 47,
    "c0": 208,
    "r1": 48,
    "c1": 210
   },
   "geometry": {
    "type": "Polygon",
    "coordinates": [
     [
      [
       208,
       47
      ],
      [
       211,
       47
      ],
      [
       211,
       49
      ],
      [
       208,
       49
      ],
      [
       208,
       47
      ]
     ]
    ]
   }
  },
  {
   "type": "Feature",
   "properties": {
    "id": "35.05.01",
    "r0": 49,
    "c0": 208,
    "r1": 50,
    "c1": 210
   },
   "geometry": {
    "type": "Polygon",
    "coordinates": [
     [
      [
       208,
       49
      ],
      [
       211,
       49
      ],
      [
       211,
       51
      ],
      [
       208,
       51
      ],
      [
       208,
       49
      ]
     ]
    ]
   }
  },
  {
   "type": "Feature",
   "properties": {
    "id": "35.05.08",
    "r0": 47,
    "c0": 211,
    "r1": 48,
    "c1": 211
   },
   "geometry": {
    "type": "Polygon",
    "coordinates": [
     [
      [
       211,
       47
      ],
      [
       212,
       47
      ],
      [
       212,
       49
      ],
      [
       211,
       49
      ],
      [
       211,
       47
      ]
     ]
    ]
   }
  },
  {
   "type": "Feature",
   "properties": {
    "id": "35.05.22",
    "r0": 49,
    "c0": 211,
    "r1": 50,
    "c1": 211
   },
   "geometry": {
    "type": "Polygon",
    "coordinates": [
     [
      [
       211,
       49
      ],
      [
       212,
       49
      ],
      [
       212,
       51
      ],
      [
       211,
       51
      ],
      [
       211,
       49
      ]
     ]
    ]
   }
  },
  {
   "type": "Feature",
   "properties": {
    "id": "35.15",
    "r0": 33,
    "c0": 212,
    "r1": 50,
    "c1": 222
   },
   "geometry": {
    "type": "Polygon",
    "coordinates": [
     [
      [
       212,
       33
      ],
      [
       223,
       33
      ],
      [
       223,
       51
      ],
      [
       212,
       51
      ],
      [
       212,
       33
      ]
     ]
    ]
   }
  },
  {
   "type": "Feature",
   "properties": {
    "id": "35.15.14",
    "r0": 33,
    "c0": 212,
    "r1": 36,
    "c1": 213
   },
   "geometry": {
    "type": "Polygon",
    "coordinates": [
     [
      [
       212,
       33
      ],
      [
       214,
       33
      ],
      [
       214,
       37
      ],
      [
       212,
       37
      ],
      [
       212,
       33
      ]
     ]
    ]
   }
  },
  {
   "type": "Feature",
   "properties": {
    "id": "35.15.12",
    "r0": 33,
    "c0": 214,
    "r1": 36,
    "c1": 217
   },
   "geometry": {
    "type": "Polygon",
    "coordinates": [
     [
      [
       214,
       33
      ],
      [
       218,
       33
      ],
      [
       218,
       37
      ],
      [
       214,
       37
      ],
      [
       214,
       33
      ]
     ]
    ]
   }
  },
  {
   "type": "Feature",
   "properties": {
    "id": "35.15.07",
    "r0": 37,
    "c0": 212,
    "r1": 41,
    "c1": 215
   },
   "geometry": {
    "type": "Polygon",
    "coordinates": [
     [
      [
       212,
       37
      ],
      [
       216,
       37
      ],
      [
       216,
       42
      ],
      [
       212,
       42
      ],
      [
       212,
       37
      ]
     ]
    ]
   }
  },
  {
   "type": "Feature",
   "properties": {
    "id": "35.15.03",
    "r0": 37,
    "c0": 216,
    "r1": 41,
    "c1": 217
   },
   "geometry": {
    "type": "Polygon",
    "coordinates": [
     [
      [
       216,
       37
      ],
      [
       218,
       37
      ],
      [
       218,
       42
      ],
      [
       216,
       42
      ],
      [
       216,
       37
      ]
     ]
    ]
   }
  },
  {
   "type": "Feature",
   "properties": {
    "id": "35.15.01",
    "r0": 33,
    "c0": 218,
    "r1": 36,
    "c1": 220
   },
   "geometry": {
    "type": "Polygon",
    "coordinates": [
     [
      [
       218,
       33
      ],
      [
       221,
       33
      ],
      [
       221,
       37
      ],
      [
       218,
       37
      ],
      [
       218,
       33
      ]
     ]
    ]
   }
  },
  {
   "type": "Feature",
   "properties": {
    "id": "35.15.05",
    "r0": 33,
    "c0": 221,
    "r1": 36,
    "c1": 222
   },
   "geometry": {
    "type": "Polygon",
    "coordinates": [
     [
      [
       221,
       33
      ],
      [
       223,
       33
      ],
      [
       223,
       37
      ],
      [
       221,
       37
      ],
      [
       221,
       33
      ]
     ]
    ]
   }
  },
  {
   "type": "Feature",
   "properties": {
    "id": "35.15.16",
    "r0": 37,
    "c0": 218,
    "r1": 41,
    "c1": 219
   },
   "geometry": {
    "type": "Polygon",
    "coordinates": [
     [
      [
       218,
       37
      ],
      [
       220,
       37
      ],
      [
       220,
       42
      ],
      [
       218,
       42
      ],
      [
       218,
       37
      ]
     ]
    ]
   }
  },
  {
   "type": "Feature",
   "properties": {
    "id": "35.15.06",
    "r0": 37,
    "c0": 220,
    "r1": 41,
    "c1": 222
   },
   "geometry": {
    "type": "Polygon",
    "coordinates": [
     [
      [
       220,
       37
      ],
      [
       223,
       37
      ],
      [
       223,
       42
      ],
      [
       220,
       42
      ],
      [
       220,
       37
      ]
     ]
    ]
   }
  },
  {
   "type": "Feature",
   "properties": {
    "id": "35.15.08",
    "r0": 42,
    "c0": 212,
    "r1": 46,
    "c1": 213
   },
   "geometry": {
    "type": "Polygon",
    "coordinates": [
     [
      [
       212,
       42
      ],
      [
       214,
       42
      ],
      [
       214,
       47
      ],
      [
       212,
       47
      ],
      [
       212,
       42
      ]
     ]
    ]
   }
  },
  {
   "type": "Feature",
   "properties": {
    "id": "35.15.15",
    "r0": 42,
    "c0": 214,
    "r1": 44,
    "c1": 216
   },
   "geometry": {
    "type": "Polygon",
    "coordinates": [
     [
      [
       214,
       42
      ],
      [
       217,
       42
      ],
      [
       217,
       45
      ],
      [
       214,
       45
      ],
      [
       214,
       42
      ]
     ]
    ]
   }
  },
  {
   "type": "Feature",
   "properties": {
    "id": "35.15.17",
    "r0": 45,
    "c0": 214,
    "r1": 46,
    "c1": 216
   },
   "geometry": {
    "type": "Polygon",
    "coordinates": [
     [
      [
       214,
       45
      ],
      [
       217,
       45
      ],
      [
       217,
       47
      ],
      [
       214,
       47
      ],
      [
       214,
       45
      ]
     ]
    ]
   }
  },
  {
   "type": "Feature",
   "properties": {
    "id": "35.15.11",
    "r0": 47,
    "c0": 212,
    "r1": 50,
    "c1": 214
   },
   "geometry": {
    "type": "Polygon",
    "coordinates": [
     [
      [
       212,
       47
      ],
      [
       215,
       47
      ],
      [
       215,
       51
      ],
      [
       212,
       51
      ],
      [
       212,
       47
      ]
     ]
    ]
   }
  },
  {
   "type": "Feature",
   "properties": {
    "id": "35.15.13",
    "r0": 47,
    "c0": 215,
    "r1": 50,
    "c1": 216
   },
   "geometry": {
    "type": "Polygon",
    "coordinates": [
     [
      [
       215,
       47
      ],
      [
       217,
       47
      ],
      [
       217,
       51
      ],
      [
       215,
       51
      ],
      [
       215,
       47
      ]
     ]
    ]
   }
  },
  {
   "type": "Feature",
   "properties": {
    "id": "35.15.10",
    "r0": 42,
    "c0": 217,
    "r1": 46,
    "c1": 218
   },
   "geometry": {
    "type": "Polygon",
    "coordinates": [
     [
      [
       217,
       42
      ],
      [
       219,
       42
      ],
      [
       219,
       47
      ],
      [
       217,
       47
      ],
      [
       217,
       42
      ]
     ]
    ]
   }
  },
  {
   "type": "Feature",
   "properties": {
    "id": "35.15.02",
    "r0": 42,
    "c0": 219,
    "r1": 45,
    "c1": 222
   },
   "geometry": {
    "type": "Polygon",
    "coordinates": [
     [
      [
       219,
       42
      ],
      [
       223,
       42
      ],
      [
       223,
       46
      ],
      [
       219,
       46
      ],
      [
       219,
       42
      ]
     ]
    ]
   }
  },
  {
   "type": "Feature",
   "properties": {
    "id": "35.15.18",
    "r0": 46,
    "c0": 219,
    "r1": 46,
    "c1": 222
   },
   "geometry": {
    "type": "Polygon",
    "coordinates": [
     [
      [
       219,
       46
      ],
      [
       223,
       46
      ],
      [
       223,
       47
      ],
      [
       219,
       47
      ],
      [
       219,
       46
      ]
     ]
    ]
   }
  },
  {
   "type": "Feature",
   "properties": {
    "id": "35.15.04",
    "r0": 47,
    "c0": 217,
    "r1": 50,
    "c1": 219
   },
   "geometry": {
    "type": "Polygon",
    "coordinates": [
     [
      [
       217,
       47
      ],
      [
       220,
       47
      ],
      [
       220,
       51
      ],
      [
       217,
       51
      ],
      [
       217,
       47
      ]
     ]
    ]
   }
  },
  {
   "type": "Feature",
   "properties": {
    "id": "35.15.09",
    "r0": 47,
    "c0": 220,
    "r1": 50,
    "c1": 222
   },
   "geometry": {
    "type": "Polygon",
    "coordinates": [
     [
      [
       220,
       47
      ],
      [
       223,
       47
      ],
      [
       223,
       51
      ],
      [
       220,
       51
      ],
      [
       220,
       47
      ]
     ]
    ]
   }
  },
  {
   "type": "Feature",
   "properties": {
    "id": "35.24",
    "r0": 51,
    "c0": 193,
    "r1": 63,
    "c1": 211
   },
   "geometry": {
    "type": "Polygon",
    "coordinates": [
     [
      [
       193,
       51
      ],
      [
       212,
       51
      ],
      [
       212,
       64
      ],
      [
       193,
       64
      ],
      [
       193,
       51
      ]
     ]
    ]
   }
  },
  {
   "type": "Feature",
   "properties": {
    "id": "35.24.11",
    "r0": 51,
    "c0": 193,
    "r1": 52,
    "c1": 197
   },
   "geometry": {
    "type": "Polygon",
    "coordinates": [
     [
      [
       193,
       51
      ],
      [
       198,
       51
      ],
      [
       198,
       53
      ],
      [
       193,
       53
      ],
      [
       193,
       51
      ]
     ]
    ]
   }
  },
  {
   "type": "Feature",
   "properties": {
    "id": "35.24.05",
    "r0": 53,
    "c0": 193,
    "r1": 57,
    "c1": 195
   },
   "geometry": {
    "type": "Polygon",
    "coordinates": [
     [
      [
       193,
       53
      ],
      [
       196,
       53
      ],
      [
       196,
       58
      ],
      [
       193,
       58
      ],
      [
       193,
       53
      ]
     ]
    ]
   }
  },
  {
   "type": "Feature",
   "properties": {
    "id": "35.24.25",
    "r0": 53,
    "c0": 196,
    "r1": 57,
    "c1": 197
   },
   "geometry": {
    "type": "Polygon",
    "coordinates": [
     [
      [
       196,
       53
      ],
      [
       198,
       53
      ],
      [
       198,
       58
      ],
      [
       196,
       58
      ],
      [
       196,
       53
      ]
     ]
    ]
   }
  },
  {
   "type": "Feature",
   "properties": {
    "id": "35.24.13",
    "r0": 51,
    "c0": 198,
    "r1": 52,
    "c1": 201
   },
   "geometry": {
    "type": "Polygon",
    "coordinates": [
     [
      [
       198,
       51
      ],
      [
       202,
       51
      ],
      [
       202,
       53
      ],
      [
       198,
       53
      ],
      [
       198,
       51
      ]
     ]
    ]
   }
  },
  {
   "type": "Feature",
   "properties": {
    "id": "35.24.21",
    "r0": 53,
    "c0": 198,
    "r1": 55,
    "c1": 201
   },
   "geometry": {
    "type": "Polygon",
    "coordinates": [
     [
      [
       198,
       53
      ],
      [
       202,
       53
      ],
      [
       202,
       56
      ],
      [
       198,
       56
      ],
      [
       198,
       53
      ]
     ]
    ]
   }
  },
  {
   "type": "Feature",
   "properties": {
    "id": "35.24.23",
    "r0": 56,
    "c0": 198,
    "r1": 57,
    "c1": 201
   },
   "geometry": {
    "type": "Polygon",
    "coordinates": [
     [
      [
       198,
       56
      ],
      [
       202,
       56
      ],
      [
       202,
       58
      ],
      [
       198,
       58
      ],
      [
       198,
       56
      ]
     ]
    ]
   }
  },
  {
   "type": "Feature",
   "properties": {
    "id": "35.24.12",
    "r0": 58,
    "c0": 193,
    "r1": 61,
    "c1": 196
   },
   "geometry": {
    "type": "Polygon",
    "coordinates": [
     [
      [
       193,
       58
      ],
      [
       197,
       58
      ],
      [
       197,
       62
      ],
      [
       193,
       62
      ],
      [
       193,
       58
      ]
     ]
    ]
   }
  },
  {
   "type": "Feature",
   "properties": {
    "id": "35.24.17",
    "r0": 62,
    "c0": 193,
    "r1": 63,
    "c1": 196
   },
   "geometry": {
    "type": "Polygon",
    "coordinates": [
     [
      [
       193,
       62
      ],
      [
       197,
       62
      ],
      [
       197,
       64
      ],
      [
       193,
       64
      ],
      [
       193,
       62
      ]
     ]
    ]
   }
  },
  {
   "type": "Feature",
   "properties": {
    "id": "35.24.01",
    "r0": 58,
    "c0": 197,
    "r1": 61,
    "c1": 197
   },
   "geometry": {
    "type": "Polygon",
    "coordinates": [
     [
      [
       197,
       58
      ],
      [
       198,
       58
      ],
      [
       198,
       62
      ],
      [
       197,
       62
      ],
      [
       197,
       58
      ]
     ]
    ]
   }
  },
  {
   "type": "Feature",
   "properties": {
    "id": "35.24.26",
    "r0": 58,
    "c0": 198,
    "r1": 61,
    "c1": 201
   },
   "geometry": {
    "type": "Polygon",
    "coordinates": [
     [
      [
       198,
       58
      ],
      [
       202,
       58
      ],
      [
       202,
       62
      ],
      [
       198,
       62
      ],
      [
       198,
       58
      ]
     ]
    ]
   }
  },
  {
   "type": "Feature",
   "properties": {
    "id": "35.24.06",
    "r0": 62,
    "c0": 197,
    "r1": 63,
    "c1": 201
   },
   "geometry": {
    "type": "Polygon",
    "coordinates": [
     [
      [
       197,
       62
      ],
      [
       202,
       62
      ],
      [
       202,
       64
      ],
      [
       197,
       64
      ],
      [
       197,
       62
      ]
     ]
    ]
   }
  },
  {
   "type": "Feature",
   "properties": {
    "id": "35.24.24",
    "r0": 51,
    "c0": 202,
    "r1": 53,
    "c1": 204
   },
   "geometry": {
    "type": "Polygon",
    "coordinates": [
     [
      [
       202,
       51
      ],
      [
       205,
       51
      ],
      [
       205,
       54
      ],
      [
       202,
       54
      ],
      [
       202,
       51
      ]
     ]
    ]
   }
  },
  {
   "type": "Feature",
   "properties": {
    "id": "35.24.02",
    "r0": 51,
    "c0": 205,
    "r1": 53,
    "c1": 206
   },
   "geometry": {
    "type": "Polygon",
    "coordinates": [
     [
      [
       205,
       51
      ],
      [
       207,
       51
      ],
      [
       207,
       54
      ],
      [
       205,
       54
      ],
      [
       205,
       51
      ]
     ]
    ]
   }
  },
  {
   "type": "Feature",
   "properties": {
    "id": "35.24.18",
    "r0": 54,
    "c0": 202,
    "r1": 57,
    "c1": 205
   },
   "geometry": {
    "type": "Polygon",
    "coordinates": [
     [
      [
       202,
       54
      ],
      [
       206,
       54
      ],
      [
       206,
       58
      ],
      [
       202,
       58
      ],
      [
       202,
       54
      ]
     ]
    ]
   }
  },
  {
   "type": "Feature",
   "properties": {
    "id": "35.24.22",
    "r0": 54,
    "c0": 206,
    "r1": 57,
    "c1": 206
   },
   "geometry": {
    "type": "Polygon",
    "coordinates": [
     [
      [
       206,
       54
      ],
      [
       207,
       54
      ],
      [
       207,
       58
      ],
      [
       206,
       58
      ],
      [
       206,
       54
      ]
     ]
    ]
   }
  },
  {
   "type": "Feature",
   "properties": {
    "id": "35.24.27",
    "r0": 51,
    "c0": 207,
    "r1": 54,
    "c1": 208
   },
   "geometry": {
    "type": "Polygon",
    "coordinates": [
     [
      [
       207,
       51
      ],
      [
       209,
       51
      ],
      [
       209,
       55
      ],
      [
       207,
       55
      ],
      [
       207,
       51
      ]
     ]
    ]
   }
  },
  {
   "type": "Feature",
   "properties": {
    "id": "35.24.09",
    "r0": 51,
    "c0": 209,
    "r1": 54,
    "c1": 211
   },
   "geometry": {
    "type": "Polygon",
    "coordinates": [
     [
      [
       209,
       51
      ],
      [
       212,
       51
      ],
      [
       212,
       55
      ],
      [
       209,
       55
      ],
      [
       209,
       51
      ]
     ]
    ]
   }
  },
  {
   "type": "Feature",
   "properties": {
    "id": "35.24.20",
    "r0": 55,
    "c0": 207,
    "r1": 57,
    "c1": 211
   },
   "geometry": {
    "type": "Polygon",
    "coordinates": [
     [
      [
       207,
       55
      ],
      [
       212,
       55
      ],
      [
       212,
       58
      ],
      [
       207,
       58
      ],
      [
       207,
       55
      ]
     ]
    ]
   }
  },
  {
   "type": "Feature",
   "properties": {
    "id": "35.24.10",
    "r0": 58,
    "c0": 202,
    "r1": 59,
    "c1": 205
   },
   "geometry": {
    "type": "Polygon",
    "coordinates": [
     [
      [
       202,
       58
      ],
      [
       206,
       58
      ],
      [
       206,
       60
      ],
      [
       202,
       60
      ],
      [
       202,
       58
      ]
     ]
    ]
   }
  },
  {
   "type": "Feature",
   "properties": {
    "id": "35.24.08",
    "r0": 60,
    "c0": 202,
    "r1": 63,
    "c1": 205
   },
   "geometry": {
    "type": "Polygon",
    "coordinates": [
     [
      [
       202,
       60
      ],
      [
       206,
       60
      ],
      [
       206,
       64
      ],
      [
       202,
       64
      ],
      [
       202,
       60
      ]
     ]
    ]
   }
  },
  {
   "type": "Feature",
   "properties": {
    "id": "35.24.04",
    "r0": 58,
    "c0": 206,
    "r1": 63,
    "c1": 207
   },
   "geometry": {
    "type": "Polygon",
    "coordinates": [
     [
      [
       206,
       58
      ],
      [
       208,
       58
      ],
      [
       208,
       64
      ],
      [
       206,
       64
      ],
      [
       206,
       58
      ]
     ]
    ]
   }
  },
  {
   "type": "Feature",
   "properties": {
    "id": "35.24.19",
    "r0": 58,
    "c0": 208,
    "r1": 60,
    "c1": 211
   },
   "geometry": {
    "type": "Polygon",
    "coordinates": [
     [
      [
       208,
       58
      ],
      [
       212,
       58
      ],
      [
       212,
       61
      ],
      [
       208,
       61
      ],
      [
       208,
       58
      ]
     ]
    ]
   }
  },
  {
   "type": "Feature",
   "properties": {
    "id": "35.24.03",
    "r0": 61,
    "c0": 208,
    "r1": 63,
    "c1": 210
   },
   "geometry": {
    "type": "Polygon",
    "coordinates": [
     [
      [
       208,
       61
      ],
      [
       211,
       61
      ],
      [
       211,
       64
      ],
      [
       208,
       64
      ],
      [
       208,
       61
      ]
     ]
    ]
   }
  },
  {
   "type": "Feature",
   "properties": {
    "id": "35.24.16",
    "r0": 61,
    "c0": 211,
    "r1": 63,
    "c1": 211
   },
   "geometry": {
    "type": "Polygon",
    "coordinates": [
     [
      [
       211,
       61
      ],
      [
       212,
       61
      ],
      [
       212,
       64
      ],
      [
       211,
       64
      ],
      [
       211,
       61
      ]
     ]
    ]
   }
  },
  {
   "type": "Feature",
   "properties": {
    "id": "35.04",
    "r0": 51,
    "c0": 212,
    "r1": 63,
    "c1": 222
   },
   "geometry": {
    "type": "Polygon",
    "coordinates": [
     [
      [
       212,
       51
      ],
      [
       223,
       51
      ],
      [
       223,
       64
      ],
      [
       212,
       64
      ],
      [
       212,
       51
      ]
     ]
    ]
   }
  },
  {
   "type": "Feature",
   "properties": {
    "id": "35.04.13",
    "r0": 51,
    "c0": 212,
    "r1": 53,
    "c1": 214
   },
   "geometry": {
    "type": "Polygon",
    "coordinates": [
     [
      [
       212,
       51
      ],
      [
       215,
       51
      ],
      [
       215,
       54
      ],
      [
       212,
       54
      ],
      [
       212,
       51
      ]
     ]
    ]
   }
  },
  {
   "type": "Feature",
   "properties": {
    "id": "35.04.08",
    "r0": 51,
    "c0": 215,
    "r1": 53,
    "c1": 217
   },
   "geometry": {
    "type": "Polygon",
    "coordinates": [
     [
      [
       215,
       51
      ],
      [
       218,
       51
      ],
      [
       218,
       54
      ],
      [
       215,
       54
      ],
      [
       215,
       51
      ]
     ]
    ]
   }
  },
  {
   "type": "Feature",
   "properties": {
    "id": "35.04.01",
    "r0": 54,
    "c0": 212,
    "r1": 57,
    "c1": 214
   },
   "geometry": {
    "type": "Polygon",
    "coordinates": [
     [
      [
       212,
       54
      ],
      [
       215,
       54
      ],
      [
       215,
       58
      ],
      [
       212,
       58
      ],
      [
       212,
       54
      ]
     ]
    ]
   }
  },
  {
   "type": "Feature",
   "properties": {
    "id": "35.04.05",
    "r0": 54,
    "c0": 215,
    "r1": 57,
    "c1": 217
   },
   "geometry": {
    "type": "Polygon",
    "coordinates": [
     [
      [
       215,
       54
      ],
      [
       218,
       54
      ],
      [
       218,
       58
      ],
      [
       215,
       58
      ],
      [
       215,
       54
      ]
     ]
    ]
   }
  },
  {
   "type": "Feature",
   "properties": {
    "id": "35.04.11",
    "r0": 51,
    "c0": 218,
    "r1": 53,
    "c1": 220
   },
   "geometry": {
    "type": "Polygon",
    "coordinates": [
     [
      [
       218,
       51
      ],
      [
       221,
       51
      ],
      [
       221,
       54
      ],
      [
       218,
       54
      ],
      [
       218,
       51
      ]
     ]
    ]
   }
  },
  {
   "type": "Feature",
   "properties": {
    "id": "35.04.17",
    "r0": 51,
    "c0": 221,
    "r1": 53,
    "c1": 222
   },
   "geometry": {
    "type": "Polygon",
    "coordinates": [
     [
      [
       221,
       51
      ],
      [
       223,
       51
      ],
      [
       223,
       54
      ],
      [
       221,
       54
      ],
      [
       221,
       51
      ]
     ]
    ]
   }
  },
  {
   "type": "Feature",
   "properties": {
    "id": "35.04.03",
    "r0": 54,
    "c0": 218,
    "r1": 57,
    "c1": 219
   },
   "geometry": {
    "type": "Polygon",
    "coordinates": [
     [
      [
       218,
       54
      ],
      [
       220,
       54
      ],
      [
       220,
       58
      ],
      [
       218,
       58
      ],
      [
       218,
       54
      ]
     ]
    ]
   }
  },
  {
   "type": "Feature",
   "properties": {
    "id": "35.04.18",
    "r0": 54,
    "c0": 220,
    "r1": 57,
    "c1": 222
   },
   "geometry": {
    "type": "Polygon",
    "coordinates": [
     [
      [
       220,
       54
      ],
      [
       223,
       54
      ],
      [
       223,
       58
      ],
      [
       220,
       58
      ],
      [
       220,
       54
      ]
     ]
    ]
   }
  },
  {
   "type": "Feature",
   "properties": {
    "id": "35.04.04",
    "r0": 58,
    "c0": 212,
    "r1": 59,
    "c1": 214
   },
   "geometry": {
    "type": "Polygon",
    "coordinates": [
     [
      [
       212,
       58
      ],
      [
       215,
       58
      ],
      [
       215,
       60
      ],
      [
       212,
       60
      ],
      [
       212,
       58
      ]
     ]
    ]
   }
  },
  {
   "type": "Feature",
   "properties": {
    "id": "35.04.14",
    "r0": 60,
    "c0": 212,
    "r1": 63,
    "c1": 214
   },
   "geometry": {
    "type": "Polygon",
    "coordinates": [
     [
      [
       212,
       60
      ],
      [
       215,
       60
      ],
      [
       215,
       64
      ],
      [
       212,
       64
      ],
      [
       212,
       60
      ]
     ]
    ]
   }
  },
  {
   "type": "Feature",
   "properties": {
    "id": "35.04.02",
    "r0": 58,
    "c0": 215,
    "r1": 59,
    "c1": 217
   },
   "geometry": {
    "type": "Polygon",
    "coordinates": [
     [
      [
       215,
       58
      ],
      [
       218,
       58
      ],
      [
       218,
       60
      ],
      [
       215,
       60
      ],
      [
       215,
       58
      ]
     ]
    ]
   }
  },
  {
   "type": "Feature",
   "properties": {
    "id": "35.04.10",
    "r0": 60,
    "c0": 215,
    "r1": 63,
    "c1": 217
   },
   "geometry": {
    "type": "Polygon",
    "coordinates": [
     [
      [
       215,
       60
      ],
      [
       218,
       60
      ],
      [
       218,
       64
      ],
      [
       215,
       64
      ],
      [
       215,
       60
      ]
     ]
    ]
   }
  },
  {
   "type": "Feature",
   "properties": {
    "id": "35.04.09",
    "r0": 58,
    "c0": 218,
    "r1": 60,
    "c1": 220
   },
   "geometry": {
    "type": "Polygon",
    "coordinates": [
     [
      [
       218,
       58
      ],
      [
       221,
       58
      ],
      [
       221,
       61
      ],
      [
       218,
       61
      ],
      [
       218,
       58
      ]
     ]
    ]
   }
  },
  {
   "type": "Feature",
   "properties": {
    "id": "35.04.15",
    "r0": 58,
    "c0": 221,
    "r1": 60,
    "c1": 222
   },
   "geometry": {
    "type": "Polygon",
    "coordinates": [
     [
      [
       221,
       58
      ],
      [
       223,
       58
      ],
      [
       223,
       61
      ],
      [
       221,
       61
      ],
      [
       221,
       58
      ]
     ]
    ]
   }
  },
  {
   "type": "Feature",
   "properties": {
    "id": "35.04.16",
    "r0": 61,
    "c0": 218,
    "r1": 63,
    "c1": 218
   },
   "geometry": {
    "type": "Polygon",
    "coordinates": [
     [
      [
       218,
       61
      ],
      [
       219,
       61
      ],
      [
       219,
       64
      ],
      [
       218,
       64
      ],
      [
       218,
       61
      ]
     ]
    ]
   }
  },
  {
   "type": "Feature",
   "properties": {
    "id": "35.04.12",
    "r0": 61,
    "c0": 219,
    "r1": 63,
    "c1": 219
   },
   "geometry": {
    "type": "Polygon",
    "coordinates": [
     [
      [
       219,
       61
      ],
      [
       220,
       61
      ],
      [
       220,
       64
      ],
      [
       219,
       64
      ],
      [
       219,
       61
      ]
     ]
    ]
   }
  },
  {
   "type": "Feature",
   "properties": {
    "id": "35.04.07",
    "r0": 61,
    "c0": 220,
    "r1": 63,
    "c1": 220
   },
   "geometry": {
    "type": "Polygon",
    "coordinates": [
     [
      [
       220,
       61
      ],
      [
       221,
       61
      ],
      [
       221,
       64
      ],
      [
       220,
       64
      ],
      [
       220,
       61
      ]
     ]
    ]
   }
  },
  {
   "type": "Feature",
   "properties": {
    "id": "35.04.06",
    "r0": 61,
    "c0": 221,
    "r1": 62,
    "c1": 222
   },
   "geometry": {
    "type": "Polygon",
    "coordinates": [
     [
      [
       221,
       61
      ],
      [
       223,
       61
      ],
      [
       223,
       63
      ],
      [
       221,
       63
      ],
      [
       221,
       61
      ]
     ]
    ]
   }
  },
  {
   "type": "Feature",
   "properties": {
    "id": "35.04.19",
    "r0": 63,
    "c0": 221,
    "r1": 63,
    "c1": 222
   },
   "geometry": {
    "type": "Polygon",
    "coordinates": [
     [
      [
       221,
       63
      ],
      [
       223,
       63
      ],
      [
       223,
       64
      ],
      [
       221,
       64
      ],
      [
       221,
       63
      ]
     ]
    ]
   }
  },
  {
   "type": "Feature",
   "properties": {
    "id": "35.01",
    "r0": 33,
    "c0": 223,
    "r1": 47,
    "c1": 228
   },
   "geometry": {
    "type": "Polygon",
    "coordinates": [
     [
      [
       223,
       33
      ],
      [
       229,
       33
      ],
      [
       229,
       48
      ],
      [
       223,
       48
      ],
      [
       223,
       33
      ]
     ]
    ]
   }
  },
  {
   "type": "Feature",
   "properties": {
    "id": "35.01.06",
    "r0": 33,
    "c0": 223,
    "r1": 35,
    "c1": 228
   },
   "geometry": {
    "type": "Polygon",
    "coordinates": [
     [
      [
       223,
       33
      ],
      [
       229,
       33
      ],
      [
       229,
       36
      ],
      [
       223,
       36
      ],
      [
       223,
       33
      ]
     ]
    ]
   }
  },
  {
   "type": "Feature",
   "properties": {
    "id": "35.01.04",
    "r0": 36,
    "c0": 223,
    "r1": 38,
    "c1": 225
   },
   "geometry": {
    "type": "Polygon",
    "coordinates": [
     [
      [
       223,
       36
      ],
      [
       226,
       36
      ],
      [
       226,
       39
      ],
      [
       223,
       39
      ],
      [
       223,
       36
      ]
     ]
    ]
   }
  },
  {
   "type": "Feature",
   "properties": {
    "id": "35.01.08",
    "r0": 39,
    "c0": 223,
    "r1": 39,
    "c1": 225
   },
   "geometry": {
    "type": "Polygon",
    "coordinates": [
     [
      [
       223,
       39
      ],
      [
       226,
       39
      ],
      [
       226,
       40
      ],
      [
       223,
       40
      ],
      [
       223,
       39
      ]
     ]
    ]
   }
  },
  {
   "type": "Feature",
   "properties": {
    "id": "35.01.05",
    "r0": 36,
    "c0": 226,
    "r1": 39,
    "c1": 228
   },
   "geometry": {
    "type": "Polygon",
    "coordinates": [
     [
      [
       226,
       36
      ],
      [
       229,
       36
      ],
      [
       229,
       40
      ],
      [
       226,
       40
      ],
      [
       226,
       36
      ]
     ]
    ]
   }
  },
  {
   "type": "Feature",
   "properties": {
    "id": "35.01.01",
    "r0": 40,
    "c0": 223,
    "r1": 43,
    "c1": 224
   },
   "geometry": {
    "type": "Polygon",
    "coordinates": [
     [
      [
       223,
       40
      ],
      [
       225,
       40
      ],
      [
       225,
       44
      ],
      [
       223,
       44
      ],
      [
       223,
       40
      ]
     ]
    ]
   }
  },
  {
   "type": "Feature",
   "properties": {
    "id": "35.01.11",
    "r0": 40,
    "c0": 225,
    "r1": 43,
    "c1": 227
   },
   "geometry": {
    "type": "Polygon",
    "coordinates": [
     [
      [
       225,
       40
      ],
      [
       228,
       40
      ],
      [
       228,
       44
      ],
      [
       225,
       44
      ],
      [
       225,
       40
      ]
     ]
    ]
   }
  },
  {
   "type": "Feature",
   "properties": {
    "id": "35.01.03",
    "r0": 40,
    "c0": 228,
    "r1": 43,
    "c1": 228
   },
   "geometry": {
    "type": "Polygon",
    "coordinates": [
     [
      [
       228,
       40
      ],
      [
       229,
       40
      ],
      [
       229,
       44
      ],
      [
       228,
       44
      ],
      [
       228,
       40
      ]
     ]
    ]
   }
  },
  {
   "type": "Feature",
   "properties": {
    "id": "35.01.10",
    "r0": 44,
    "c0": 223,
    "r1": 45,
    "c1": 225
   },
   "geometry": {
    "type": "Polygon",
    "coordinates": [
     [
      [
       223,
       44
      ],
      [
       226,
       44
      ],
      [
       226,
       46
      ],
      [
       223,
       46
      ],
      [
       223,
       44
      ]
     ]
    ]
   }
  },
  {
   "type": "Feature",
   "properties": {
    "id": "35.01.02",
    "r0": 46,
    "c0": 223,
    "r1": 47,
    "c1": 225
   },
   "geometry": {
    "type": "Polygon",
    "coordinates": [
     [
      [
       223,
       46
      ],
      [
       226,
       46
      ],
      [
       226,
       48
      ],
      [
       223,
       48
      ],
      [
       223,
       46
      ]
     ]
    ]
   }
  },
  {
   "type": "Feature",
   "properties": {
    "id": "35.01.09",
    "r0": 44,
    "c0": 226,
    "r1": 45,
    "c1": 228
   },
   "geometry": {
    "type": "Polygon",
    "coordinates": [
     [
      [
       226,
       44
      ],
      [
       229,
       44
      ],
      [
       229,
       46
      ],
      [
       226,
       46
      ],
      [
       226,
       44
      ]
     ]
    ]
   }
  },
  {
   "type": "Feature",
   "properties": {
    "id": "35.01.07",
    "r0": 46,
    "c0": 226,
    "r1": 47,
    "c1": 227
   },
   "geometry": {
    "type": "Polygon",
    "coordinates": [
     [
      [
       226,
       46
      ],
      [
       228,
       46
      ],
      [
       228,
       48
      ],
      [
       226,
       48
      ],
      [
       226,
       46
      ]
     ]
    ]
   }
  },
  {
   "type": "Feature",
   "properties": {
    "id": "35.01.12",
    "r0": 46,
    "c0": 228,
    "r1": 47,
    "c1": 228
   },
   "geometry": {
    "type": "Polygon",
    "coordinates": [
     [
      [
       228,
       46
      ],
      [
       229,
       46
      ],
      [
       229,
       48
      ],
      [
       228,
       48
      ],
      [
       228,
       46
      ]
     ]
    ]
   }
  },
  {
   "type": "Feature",
   "properties": {
    "id": "35.16",
    "r0": 33,
    "c0": 229,
    "r1": 47,
    "c1": 239
   },
   "geometry": {
    "type": "Polygon",
    "coordinates": [
     [
      [
       229,
       33
      ],
      [
       240,
       33
      ],
      [
       240,
       48
      ],
      [
       229,
       48
      ],
      [
       229,
       33
      ]
     ]
    ]
   }
  },
  {
   "type": "Feature",
   "properties": {
    "id": "35.16.08",
    "r0": 33,
    "c0": 229,
    "r1": 37,
    "c1": 230
   },
   "geometry": {
    "type": "Polygon",
    "coordinates": [
     [
      [
       229,
       33
      ],
      [
       231,
       33
      ],
      [
       231,
       38
      ],
      [
       229,
       38
      ],
      [
       229,
       33
      ]
     ]
    ]
   }
  },
  {
   "type": "Feature",
   "properties": {
    "id": "35.16.02",
    "r0": 33,
    "c0": 231,
    "r1": 37,
    "c1": 234
   },
   "geometry": {
    "type": "Polygon",
    "coordinates": [
     [
      [
       231,
       33
      ],
      [
       235,
       33
      ],
      [
       235,
       38
      ],
      [
       231,
       38
      ],
      [
       231,
       33
      ]
     ]
    ]
   }
  },
  {
   "type": "Feature",
   "properties": {
    "id": "35.16.06",
    "r0": 38,
    "c0": 229,
    "r1": 40,
    "c1": 232
   },
   "geometry": {
    "type": "Polygon",
    "coordinates": [
     [
      [
       229,
       38
      ],
      [
       233,
       38
      ],
      [
       233,
       41
      ],
      [
       229,
       41
      ],
      [
       229,
       38
      ]
     ]
    ]
   }
  },
  {
   "type": "Feature",
   "properties": {
    "id": "35.16.11",
    "r0": 38,
    "c0": 233,
    "r1": 40,
    "c1": 234
   },
   "geometry": {
    "type": "Polygon",
    "coordinates": [
     [
      [
       233,
       38
      ],
      [
       235,
       38
      ],
      [
       235,
       41
      ],
      [
       233,
       41
      ],
      [
       233,
       38
      ]
     ]
    ]
   }
  },
  {
   "type": "Feature",
   "properties": {
    "id": "35.16.14",
    "r0": 33,
    "c0": 235,
    "r1": 36,
    "c1": 237
   },
   "geometry": {
    "type": "Polygon",
    "coordinates": [
     [
      [
       235,
       33
      ],
      [
       238,
       33
      ],
      [
       238,
       37
      ],
      [
       235,
       37
      ],
      [
       235,
       33
      ]
     ]
    ]
   }
  },
  {
   "type": "Feature",
   "properties": {
    "id": "35.16.12",
    "r0": 33,
    "c0": 238,
    "r1": 36,
    "c1": 239
   },
   "geometry": {
    "type": "Polygon",
    "coordinates": [
     [
      [
       238,
       33
      ],
      [
       240,
       33
      ],
      [
       240,
       37
      ],
      [
       238,
       37
      ],
      [
       238,
       33
      ]
     ]
    ]
   }
  },
  {
   "type": "Feature",
   "properties": {
    "id": "35.16.05",
    "r0": 37,
    "c0": 235,
    "r1": 40,
    "c1": 236
   },
   "geometry": {
    "type": "Polygon",
    "coordinates": [
     [
      [
       235,
       37
      ],
      [
       237,
       37
      ],
      [
       237,
       41
      ],
      [
       235,
       41
      ],
      [
       235,
       37
      ]
     ]
    ]
   }
  },
  {
   "type": "Feature",
   "properties": {
    "id": "35.16.17",
    "r0": 37,
    "c0": 237,
    "r1": 40,
    "c1": 239
   },
   "geometry": {
    "type": "Polygon",
    "coordinates": [
     [
      [
       237,
       37
      ],
      [
       240,
       37
      ],
      [
       240,
       41
      ],
      [
       237,
       41
      ],
      [
       237,
       37
      ]
     ]
    ]
   }
  },
  {
   "type": "Feature",
   "properties": {
    "id": "35.16.10",
    "r0": 41,
    "c0": 229,
    "r1": 41,
    "c1": 231
   },
   "geometry": {
    "type": "Polygon",
    "coordinates": [
     [
      [
       229,
       41
      ],
      [
       232,
       41
      ],
      [
       232,
       42
      ],
      [
       229,
       42
      ],
      [
       229,
       41
      ]
     ]
    ]
   }
  },
  {
   "type": "Feature",
   "properties": {
    "id": "35.16.16",
    "r0": 42,
    "c0": 229,
    "r1": 44,
    "c1": 231
   },
   "geometry": {
    "type": "Polygon",
    "coordinates": [
     [
      [
       229,
       42
      ],
      [
       232,
       42
      ],
      [
       232,
       45
      ],
      [
       229,
       45
      ],
      [
       229,
       42
      ]
     ]
    ]
   }
  },
  {
   "type": "Feature",
   "properties": {
    "id": "35.16.01",
    "r0": 41,
    "c0": 232,
    "r1": 44,
    "c1": 234
   },
   "geometry": {
    "type": "Polygon",
    "coordinates": [
     [
      [
       232,
       41
      ],
      [
       235,
       41
      ],
      [
       235,
       45
      ],
      [
       232,
       45
      ],
      [
       232,
       41
      ]
     ]
    ]
   }
  },
  {
   "type": "Feature",
   "properties": {
    "id": "35.16.04",
    "r0": 45,
    "c0": 229,
    "r1": 47,
    "c1": 230
   },
   "geometry": {
    "type": "Polygon",
    "coordinates": [
     [
      [
       229,
       45
      ],
      [
       231,
       45
      ],
      [
       231,
       48
      ],
      [
       229,
       48
      ],
      [
       229,
       45
      ]
     ]
    ]
   }
  },
  {
   "type": "Feature",
   "properties": {
    "id": "35.16.03",
    "r0": 45,
    "c0": 231,
    "r1": 47,
    "c1": 234
   },
   "geometry": {
    "type": "Polygon",
    "coordinates": [
     [
      [
       231,
       45
      ],
      [
       235,
       45
      ],
      [
       235,
       48
      ],
      [
       231,
       48
      ],
      [
       231,
       45
      ]
     ]
    ]
   }
  },
  {
   "type": "Feature",
   "properties": {
    "id": "35.16.15",
    "r0": 41,
    "c0": 235,
    "r1": 43,
    "c1": 236
   },
   "geometry": {
    "type": "Polygon",
    "coordinates": [
     [
      [
       235,
       41
      ],
      [
       237,
       41
      ],
      [
       237,
       44
      ],
      [
       235,
       44
      ],
      [
       235,
       41
      ]
     ]
    ]
   }
  },
  {
   "type": "Feature",
   "properties": {
    "id": "35.16.13",
    "r0": 41,
    "c0": 237,
    "r1": 43,
    "c1": 239
   },
   "geometry": {
    "type": "Polygon",
    "coordinates": [
     [
      [
       237,
       41
      ],
      [
       240,
       41
      ],
      [
       240,
       44
      ],
      [
       237,
       44
      ],
      [
       237,
       41
      ]
     ]
    ]
   }
  },
  {
   "type": "Feature",
   "properties": {
    "id": "35.16.09",
    "r0": 44,
    "c0": 235,
    "r1": 47,
    "c1": 236
   },
   "geometry": {
    "type": "Polygon",
    "coordinates": [
     [
      [
       235,
       44
      ],
      [
       237,
       44
      ],
      [
       237,
       48
      ],
      [
       235,
       48
      ],
      [
       235,
       44
      ]
     ]
    ]
   }
  },
  {
   "type": "Feature",
   "properties": {
    "id": "35.16.18",
    "r0": 44,
    "c0": 237,
    "r1": 45,
    "c1": 239
   },
   "geometry": {
    "type": "Polygon",
    "coordinates": [
     [
      [
       237,
       44
      ],
      [
       240,
       44
      ],
      [
       240,
       46
      ],
      [
       237,
       46
      ],
      [
       237,
       44
      ]
     ]
    ]
   }
  },
  {
   "type": "Feature",
   "properties": {
    "id": "35.16.07",
    "r0": 46,
    "c0": 237,
    "r1": 47,
    "c1": 239
   },
   "geometry": {
    "type": "Polygon",
    "coordinates": [
     [
      [
       237,
       46
      ],
      [
       240,
       46
      ],
      [
       240,
       48
      ],
      [
       237,
       48
      ],
      [
       237,
       46
      ]
     ]
    ]
   }
  },
  {
   "type": "Feature",
   "properties": {
    "id": "35.18",
    "r0": 48,
    "c0": 223,
    "r1": 63,
    "c1": 232
   },
   "geometry": {
    "type": "Polygon",
    "coordinates": [
     [
      [
       223,
       48
      ],
      [
       233,
       48
      ],
      [
       233,
       64
      ],
      [
       223,
       64
      ],
      [
       223,
       48
      ]
     ]
    ]
   }
  },
  {
   "type": "Feature",
   "properties": {
    "id": "35.18.05",
    "r0": 48,
    "c0": 223,
    "r1": 51,
    "c1": 227
   },
   "geometry": {
    "type": "Polygon",
    "coordinates": [
     [
      [
       223,
       48
      ],
      [
       228,
       48
      ],
      [
       228,
       52
      ],
      [
       223,
       52
      ],
      [
       223,
       48
      ]
     ]
    ]
   }
  },
  {
   "type": "Feature",
   "properties": {
    "id": "35.18.09",
    "r0": 52,
    "c0": 223,
    "r1": 55,
    "c1": 223
   },
   "geometry": {
    "type": "Polygon",
    "coordinates": [
     [
      [
       223,
       52
      ],
      [
       224,
       52
      ],
      [
       224,
       56
      ],
      [
       223,
       56
      ],
      [
       223,
       52
      ]
     ]
    ]
   }
  },
  {
   "type": "Feature",
   "properties": {
    "id": "35.18.14",
    "r0": 52,
    "c0": 224,
    "r1": 55,
    "c1": 227
   },
   "geometry": {
    "type": "Polygon",
    "coordinates": [
     [
      [
       224,
       52
      ],
      [
       228,
       52
      ],
      [
       228,
       56
      ],
      [
       224,
       56
      ],
      [
       224,
       52
      ]
     ]
    ]
   }
  },
  {
   "type": "Feature",
   "properties": {
    "id": "35.18.12",
    "r0": 48,
    "c0": 228,
    "r1": 50,
    "c1": 230
   },
   "geometry": {
    "type": "Polygon",
    "coordinates": [
     [
      [
       228,
       48
      ],
      [
       231,
       48
      ],
      [
       231,
       51
      ],
      [
       228,
       51
      ],
      [
       228,
       48
      ]
     ]
    ]
   }
  },
  {
   "type": "Feature",
   "properties": {
    "id": "35.18.18",
    "r0": 51,
    "c0": 228,
    "r1": 51,
    "c1": 230
   },
   "geometry": {
    "type": "Polygon",
    "coordinates": [
     [
      [
       228,
       51
      ],
      [
       231,
       51
      ],
      [
       231,
       52
      ],
      [
       228,
       52
      ],
      [
       228,
       51
      ]
     ]
    ]
   }
  },
  {
   "type": "Feature",
   "properties": {
    "id": "35.18.04",
    "r0": 48,
    "c0": 231,
    "r1": 51,
    "c1": 232
   },
   "geometry": {
    "type": "Polygon",
    "coordinates": [
     [
      [
       231,
       48
      ],
      [
       233,
       48
      ],
      [
       233,
       52
      ],
      [
       231,
       52
      ],
      [
       231,
       48
      ]
     ]
    ]
   }
  },
  {
   "type": "Feature",
   "properties": {
    "id": "35.18.06",
    "r0": 52,
    "c0": 228,
    "r1": 52,
    "c1": 230
   },
   "geometry": {
    "type": "Polygon",
    "coordinates": [
     [
      [
       228,
       52
      ],
      [
       231,
       52
      ],
      [
       231,
       53
      ],
      [
       228,
       53
      ],
      [
       228,
       52
      ]
     ]
    ]
   }
  },
  {
   "type": "Feature",
   "properties": {
    "id": "35.18.19",
    "r0": 53,
    "c0": 228,
    "r1": 55,
    "c1": 230
   },
   "geometry": {
    "type": "Polygon",
    "coordinates": [
     [
      [
       228,
       53
      ],
      [
       231,
       53
      ],
      [
       231,
       56
      ],
      [
       228,
       56
      ],
      [
       228,
       53
      ]
     ]
    ]
   }
  },
  {
   "type": "Feature",
   "properties": {
    "id": "35.18.17",
    "r0": 52,
    "c0": 231,
    "r1": 55,
    "c1": 232
   },
   "geometry": {
    "type": "Polygon",
    "coordinates": [
     [
      [
       231,
       52
      ],
      [
       233,
       52
      ],
      [
       233,
       56
      ],
      [
       231,
       56
      ],
      [
       231,
       52
      ]
     ]
    ]
   }
  },
  {
   "type": "Feature",
   "properties": {
    "id": "35.18.13",
    "r0": 56,
    "c0": 223,
    "r1": 60,
    "c1": 225
   },
   "geometry": {
    "type": "Polygon",
    "coordinates": [
     [
      [
       223,
       56
      ],
      [
       226,
       56
      ],
      [
       226,
       61
      ],
      [
       223,
       61
      ],
      [
       223,
       56
      ]
     ]
    ]
   }
  },
  {
   "type": "Feature",
   "properties": {
    "id": "35.18.03",
    "r0": 56,
    "c0": 226,
    "r1": 60,
    "c1": 227
   },
   "geometry": {
    "type": "Polygon",
    "coordinates": [
     [
      [
       226,
       56
      ],
      [
       228,
       56
      ],
      [
       228,
       61
      ],
      [
       226,
       61
      ],
      [
       226,
       56
      ]
     ]
    ]
   }
  },
  {
   "type": "Feature",
   "properties": {
    "id": "35.18.08",
    "r0": 61,
    "c0": 223,
    "r1": 63,
    "c1": 224
   },
   "geometry": {
    "type": "Polygon",
    "coordinates": [
     [
      [
       223,
       61
      ],
      [
       225,
       61
      ],
      [
       225,
       64
      ],
      [
       223,
       64
      ],
      [
       223,
       61
      ]
     ]
    ]
   }
  },
  {
   "type": "Feature",
   "properties": {
    "id": "35.18.11",
    "r0": 61,
    "c0": 225,
    "r1": 63,
    "c1": 227
   },
   "geometry": {
    "type": "Polygon",
    "coordinates": [
     [
      [
       225,
       61
      ],
      [
       228,
       61
      ],
      [
       228,
       64
      ],
      [
       225,
       64
      ],
      [
       225,
       61
      ]
     ]
    ]
   }
  },
  {
   "type": "Feature",
   "properties": {
    "id": "35.18.16",
    "r0": 56,
    "c0": 228,
    "r1": 58,
    "c1": 229
   },
   "geometry": {
    "type": "Polygon",
    "coordinates": [
     [
      [
       228,
       56
      ],
      [
       230,
       56
      ],
      [
       230,
       59
      ],
      [
       228,
       59
      ],
      [
       228,
       56
      ]
     ]
    ]
   }
  },
  {
   "type": "Feature",
   "properties": {
    "id": "35.18.07",
    "r0": 56,
    "c0": 230,
    "r1": 58,
    "c1": 232
   },
   "geometry": {
    "type": "Polygon",
    "coordinates": [
     [
      [
       230,
       56
      ],
      [
       233,
       56
      ],
      [
       233,
       59
      ],
      [
       230,
       59
      ],
      [
       230,
       56
      ]
     ]
    ]
   }
  },
  {
   "type": "Feature",
   "properties": {
    "id": "35.18.01",
    "r0": 59,
    "c0": 228,
    "r1": 60,
    "c1": 230
   },
   "geometry": {
    "type": "Polygon",
    "coordinates": [
     [
      [
       228,
       59
      ],
      [
       231,
       59
      ],
      [
       231,
       61
      ],
      [
       228,
       61
      ],
      [
       228,
       59
      ]
     ]
    ]
   }
  },
  {
   "type": "Feature",
   "properties": {
    "id": "35.18.10",
    "r0": 61,
    "c0": 228,
    "r1": 63,
    "c1": 230
   },
   "geometry": {
    "type": "Polygon",
    "coordinates": [
     [
      [
       228,
       61
      ],
      [
       231,
       61
      ],
      [
       231,
       64
      ],
      [
       228,
       64
      ],
      [
       228,
       61
      ]
     ]
    ]
   }
  },
  {
   "type": "Feature",
   "properties": {
    "id": "35.18.20",
    "r0": 59,
    "c0": 231,
    "r1": 62,
    "c1": 232
   },
   "geometry": {
    "type": "Polygon",
    "coordinates": [
     [
      [
       231,
       59
      ],
      [
       233,
       59
      ],
      [
       233,
       63
      ],
      [
       231,
       63
      ],
      [
       231,
       59
      ]
     ]
    ]
   }
  },
  {
   "type": "Feature",
   "properties": {
    "id": "35.18.02",
    "r0": 63,
    "c0": 231,
    "r1": 63,
    "c1": 232
   },
   "geometry": {
    "type": "Polygon",
    "coordinates": [
     [
      [
       231,
       63
      ],
      [
       233,
       63
      ],
      [
       233,
       64
      ],
      [
       231,
       64
      ],
      [
       231,
       63
      ]
     ]
    ]
   }
  },
  {
   "type": "Feature",
   "properties": {
    "id": "35.02",
    "r0": 48,
    "c0": 233,
    "r1": 63,
    "c1": 239
   },
   "geometry": {
    "type": "Polygon",
    "coordinates": [
     [
      [
       233,
       48
      ],
      [
       240,
       48
      ],
      [
       240,
       64
      ],
      [
       233,
       64
      ],
      [
       233,
       48
      ]
     ]
    ]
   }
  },
  {
   "type": "Feature",
   "properties": {
    "id": "35.02.16",
    "r0": 48,
    "c0": 233,
    "r1": 51,
    "c1": 234
   },
   "geometry": {
    "type": "Polygon",
    "coordinates": [
     [
      [
       233,
       48
      ],
      [
       235,
       48
      ],
      [
       235,
       52
      ],
      [
       233,
       52
      ],
      [
       233,
       48
      ]
     ]
    ]
   }
  },
  {
   "type": "Feature",
   "properties": {
    "id": "35.02.13",
    "r0": 48,
    "c0": 235,
    "r1": 51,
    "c1": 237
   },
   "geometry": {
    "type": "Polygon",
    "coordinates": [
     [
      [
       235,
       48
      ],
      [
       238,
       48
      ],
      [
       238,
       52
      ],
      [
       235,
       52
      ],
      [
       235,
       48
      ]
     ]
    ]
   }
  },
  {
   "type": "Feature",
   "properties": {
    "id": "35.02.08",
    "r0": 48,
    "c0": 238,
    "r1": 51,
    "c1": 239
   },
   "geometry": {
    "type": "Polygon",
    "coordinates": [
     [
      [
       238,
       48
      ],
      [
       240,
       48
      ],
      [
       240,
       52
      ],
      [
       238,
       52
      ],
      [
       238,
       48
      ]
     ]
    ]
   }
  },
  {
   "type": "Feature",
   "properties": {
    "id": "35.02.11",
    "r0": 52,
    "c0": 233,
    "r1": 55,
    "c1": 235
   },
   "geometry": {
    "type": "Polygon",
    "coordinates": [
     [
      [
       233,
       52
      ],
      [
       236,
       52
      ],
      [
       236,
       56
      ],
      [
       233,
       56
      ],
      [
       233,
       52
      ]
     ]
    ]
   }
  },
  {
   "type": "Feature",
   "properties": {
    "id": "35.02.07",
    "r0": 52,
    "c0": 236,
    "r1": 55,
    "c1": 236
   },
   "geometry": {
    "type": "Polygon",
    "coordinates": [
     [
      [
       236,
       52
      ],
      [
       237,
       52
      ],
      [
       237,
       56
      ],
      [
       236,
       56
      ],
      [
       236,
       52
      ]
     ]
    ]
   }
  },
  {
   "type": "Feature",
   "properties": {
    "id": "35.02.04",
    "r0": 52,
    "c0": 237,
    "r1": 55,
    "c1": 239
   },
   "geometry": {
    "type": "Polygon",
    "coordinates": [
     [
      [
       237,
       52
      ],
      [
       240,
       52
      ],
      [
       240,
       56
      ],
      [
       237,
       56
      ],
      [
       237,
       52
      ]
     ]
    ]
   }
  },
  {
   "type": "Feature",
   "properties": {
    "id": "35.02.15",
    "r0": 56,
    "c0": 233,
    "r1": 59,
    "c1": 235
   },
   "geometry": {
    "type": "Polygon",
    "coordinates": [
     [
      [
       233,
       56
      ],
      [
       236,
       56
      ],
      [
       236,
       60
      ],
      [
       233,
       60
      ],
      [
       233,
       56
      ]
     ]
    ]
   }
  },
  {
   "type": "Feature",
   "properties": {
    "id": "35.02.17",
    "r0": 56,
    "c0": 236,
    "r1": 59,
    "c1": 237
   },
   "geometry": {
    "type": "Polygon",
    "coordinates": [
     [
      [
       236,
       56
      ],
      [
       238,
       56
      ],
      [
       238,
       60
      ],
      [
       236,
       60
      ],
      [
       236,
       56
      ]
     ]
    ]
   }
  },
  {
   "type": "Feature",
   "properties": {
    "id": "35.02.06",
    "r0": 56,
    "c0": 238,
    "r1": 57,
    "c1": 239
   },
   "geometry": {
    "type": "Polygon",
    "coordinates": [
     [
      [
       238,
       56
      ],
      [
       240,
       56
      ],
      [
       240,
       58
      ],
      [
       238,
       58
      ],
      [
       238,
       56
      ]
     ]
    ]
   }
  },
  {
   "type": "Feature",
   "properties": {
    "id": "35.02.10",
    "r0": 58,
    "c0": 238,
    "r1": 59,
    "c1": 239
   },
   "geometry": {
    "type": "Polygon",
    "coordinates": [
     [
      [
       238,
       58
      ],
      [
       240,
       58
      ],
      [
       240,
       60
      ],
      [
       238,
       60
      ],
      [
       238,
       58
      ]
     ]
    ]
   }
  },
  {
   "type": "Feature",
   "properties": {
    "id": "35.02.20",
    "r0": 60,
    "c0": 233,
    "r1": 61,
    "c1": 235
   },
   "geometry": {
    "type": "Polygon",
    "coordinates": [
     [
      [
       233,
       60
      ],
      [
       236,
       60
      ],
      [
       236,
       62
      ],
      [
       233,
       62
      ],
      [
       233,
       60
      ]
     ]
    ]
   }
  },
  {
   "type": "Feature",
   "properties": {
    "id": "35.02.12",
    "r0": 62,
    "c0": 233,
    "r1": 63,
    "c1": 235
   },
   "geometry": {
    "type": "Polygon",
    "coordinates": [
     [
      [
       233,
       62
      ],
      [
       236,
       62
      ],
      [
       236,
       64
      ],
      [
       233,
       64
      ],
      [
       233,
       62
      ]
     ]
    ]
   }
  },
  {
   "type": "Feature",
   "properties": {
    "id": "35.02.14",
    "r0": 60,
    "c0": 236,
    "r1": 63,
    "c1": 237
   },
   "geometry": {
    "type": "Polygon",
    "coordinates": [
     [
      [
       236,
       60
      ],
      [
       238,
       60
      ],
      [
       238,
       64
      ],
      [
       236,
       64
      ],
      [
       236,
       60
      ]
     ]
    ]
   }
  },
  {
   "type": "Feature",
   "properties": {
    "id": "35.02.09",
    "r0": 60,
    "c0": 238,
    "r1": 61,
    "c1": 239
   },
   "geometry": {
    "type": "Polygon",
    "coordinates": [
     [
      [
       238,
       60
      ],
      [
       240,
       60
      ],
      [
       240,
       62
      ],
      [
       238,
       62
      ],
      [
       238,
       60
      ]
     ]
    ]
   }
  },
  {
   "type": "Feature",
   "properties": {
    "id": "35.02.18",
    "r0": 62,
    "c0": 238,
    "r1": 63,
    "c1": 239
   },
   "geometry": {
    "type": "Polygon",
    "coordinates": [
     [
      [
       238,
       62
      ],
      [
       240,
       62
      ],
      [
       240,
       64
      ],
      [
       238,
       64
      ],
      [
       238,
       62
      ]
     ]
    ]
   }
  },
  {
   "type": "Feature",
   "properties": {
    "id": "35.21",
    "r0": 33,
    "c0": 240,
    "r1": 47,
    "c1": 247
   },
   "geometry": {
    "type": "Polygon",
    "coordinates": [
     [
      [
       240,
       33
      ],
      [
       248,
       33
      ],
      [
       248,
       48
      ],
      [
       240,
       48
      ],
      [
       240,
       33
      ]
     ]
    ]
   }
  },
  {
   "type": "Feature",
   "properties": {
    "id": "35.21.02",
    "r0": 33,
    "c0": 240,
    "r1": 36,
    "c1": 240
   },
   "geometry": {
    "type": "Polygon",
    "coordinates": [
     [
      [
       240,
       33
      ],
      [
       241,
       33
      ],
      [
       241,
       37
      ],
      [
       240,
       37
      ],
      [
       240,
       33
      ]
     ]
    ]
   }
  },
  {
   "type": "Feature",
   "properties": {
    "id": "35.21.10",
    "r0": 33,
    "c0": 241,
    "r1": 36,
    "c1": 243
   },
   "geometry": {
    "type": "Polygon",
    "coordinates": [
     [
      [
       241,
       33
      ],
      [
       244,
       33
      ],
      [
       244,
       37
      ],
      [
       241,
       37
      ],
      [
       241,
       33
      ]
     ]
    ]
   }
  },
  {
   "type": "Feature",
   "properties": {
    "id": "35.21.14",
    "r0": 37,
    "c0": 240,
    "r1": 38,
    "c1": 241
   },
   "geometry": {
    "type": "Polygon",
    "coordinates": [
     [
      [
       240,
       37
      ],
      [
       242,
       37
      ],
      [
       242,
       39
      ],
      [
       240,
       39
      ],
      [
       240,
       37
      ]
     ]
    ]
   }
  },
  {
   "type": "Feature",
   "properties": {
    "id": "35.21.05",
    "r0": 39,
    "c0": 240,
    "r1": 40,
    "c1": 241
   },
   "geometry": {
    "type": "Polygon",
    "coordinates": [
     [
      [
       240,
       39
      ],
      [
       242,
       39
      ],
      [
       242,
       41
      ],
      [
       240,
       41
      ],
      [
       240,
       39
      ]
     ]
    ]
   }
  },
  {
   "type": "Feature",
   "properties": {
    "id": "35.21.06",
    "r0": 37,
    "c0": 242,
    "r1": 38,
    "c1": 243
   },
   "geometry": {
    "type": "Polygon",
    "coordinates": [
     [
      [
       242,
       37
      ],
      [
       244,
       37
      ],
      [
       244,
       39
      ],
      [
       242,
       39
      ],
      [
       242,
       37
      ]
     ]
    ]
   }
  },
  {
   "type": "Feature",
   "properties": {
    "id": "35.21.17",
    "r0": 39,
    "c0": 242,
    "r1": 40,
    "c1": 243
   },
   "geometry": {
    "type": "Polygon",
    "coordinates": [
     [
      [
       242,
       39
      ],
      [
       244,
       39
      ],
      [
       244,
       41
      ],
      [
       242,
       41
      ],
      [
       242,
       39
      ]
     ]
    ]
   }
  },
  {
   "type": "Feature",
   "properties": {
    "id": "35.21.11",
    "r0": 33,
    "c0": 244,
    "r1": 35,
    "c1": 247
   },
   "geometry": {
    "type": "Polygon",
    "coordinates": [
     [
      [
       244,
       33
      ],
      [
       248,
       33
      ],
      [
       248,
       36
      ],
      [
       244,
       36
      ],
      [
       244,
       33
      ]
     ]
    ]
   }
  },
  {
   "type": "Feature",
   "properties": {
    "id": "35.21.16",
    "r0": 36,
    "c0": 244,
    "r1": 37,
    "c1": 247
   },
   "geometry": {
    "type": "Polygon",
    "coordinates": [
     [
      [
       244,
       36
      ],
      [
       248,
       36
      ],
      [
       248,
       38
      ],
      [
       244,
       38
      ],
      [
       244,
       36
      ]
     ]
    ]
   }
  },
  {
   "type": "Feature",
   "properties": {
    "id": "35.21.08",
    "r0": 38,
    "c0": 244,
    "r1": 40,
    "c1": 245
   },
   "geometry": {
    "type": "Polygon",
    "coordinates": [
     [
      [
       244,
       38
      ],
      [
       246,
       38
      ],
      [
       246,
       41
      ],
      [
       244,
       41
      ],
      [
       244,
       38
      ]
     ]
    ]
   }
  },
  {
   "type": "Feature",
   "properties": {
    "id": "35.21.12",
    "r0": 38,
    "c0": 246,
    "r1": 40,
    "c1": 247
   },
   "geometry": {
    "type": "Polygon",
    "coordinates": [
     [
      [
       246,
       38
      ],
      [
       248,
       38
      ],
      [
       248,
       41
      ],
      [
       246,
       41
      ],
      [
       246,
       38
      ]
     ]
    ]
   }
  },
  {
   "type": "Feature",
   "properties": {
    "id": "35.21.09",
    "r0": 41,
    "c0": 240,
    "r1": 43,
    "c1": 243
   },
   "geometry": {
    "type": "Polygon",
    "coordinates": [
     [
      [
       240,
       41
      ],
      [
       244,
       41
      ],
      [
       244,
       44
      ],
      [
       240,
       44
      ],
      [
       240,
       41
      ]
     ]
    ]
   }
  },
  {
   "type": "Feature",
   "properties": {
    "id": "35.21.07",
    "r0": 44,
    "c0": 240,
    "r1": 47,
    "c1": 242
   },
   "geometry": {
    "type": "Polygon",
    "coordinates": [
     [
      [
       240,
       44
      ],
      [
       243,
       44
      ],
      [
       243,
       48
      ],
      [
       240,
       48
      ],
      [
       240,
       44
      ]
     ]
    ]
   }
  },
  {
   "type": "Feature",
   "properties": {
    "id": "35.21.15",
    "r0": 44,
    "c0": 243,
    "r1": 47,
    "c1": 243
   },
   "geometry": {
    "type": "Polygon",
    "coordinates": [
     [
      [
       243,
       44
      ],
      [
       244,
       44
      ],
      [
       244,
       48
      ],
      [
       243,
       48
      ],
      [
       243,
       44
      ]
     ]
    ]
   }
  },
  {
   "type": "Feature",
   "properties": {
    "id": "35.21.03",
    "r0": 41,
    "c0": 244,
    "r1": 43,
    "c1": 245
   },
   "geometry": {
    "type": "Polygon",
    "coordinates": [
     [
      [
       244,
       41
      ],
      [
       246,
       41
      ],
      [
       246,
       44
      ],
      [
       244,
       44
      ],
      [
       244,
       41
      ]
     ]
    ]
   }
  },
  {
   "type": "Feature",
   "properties": {
    "id": "35.21.19",
    "r0": 41,
    "c0": 246,
    "r1": 43,
    "c1": 247
   },
   "geometry": {
    "type": "Polygon",
    "coordinates": [
     [
      [
       246,
       41
      ],
      [
       248,
       41
      ],
      [
       248,
       44
      ],
      [
       246,
       44
      ],
      [
       246,
       41
      ]
     ]
    ]
   }
  },
  {
   "type": "Feature",
   "properties": {
    "id": "35.21.04",
    "r0": 44,
    "c0": 244,
    "r1": 45,
    "c1": 246
   },
   "geometry": {
    "type": "Polygon",
    "coordinates": [
     [
      [
       244,
       44
      ],
      [
       247,
       44
      ],
      [
       247,
       46
      ],
      [
       244,
       46
      ],
      [
       244,
       44
      ]
     ]
    ]
   }
  },
  {
   "type": "Feature",
   "properties": {
    "id": "35.21.01",
    "r0": 46,
    "c0": 244,
    "r1": 47,
    "c1": 246
   },
   "geometry": {
    "type": "Polygon",
    "coordinates": [
     [
      [
       244,
       46
      ],
      [
       247,
       46
      ],
      [
       247,
       48
      ],
      [
       244,
       48
      ],
      [
       244,
       46
      ]
     ]
    ]
   }
  },
  {
   "type": "Feature",
   "properties": {
    "id": "35.21.18",
    "r0": 44,
    "c0": 247,
    "r1": 45,
    "c1": 247
   },
   "geometry": {
    "type": "Polygon",
    "coordinates": [
     [
      [
       247,
       44
      ],
      [
       248,
       44
      ],
      [
       248,
       46
      ],
      [
       247,
       46
      ],
      [
       247,
       44
      ]
     ]
    ]
   }
  },
  {
   "type": "Feature",
   "properties": {
    "id": "35.21.13",
    "r0": 46,
    "c0": 247,
    "r1": 47,
    "c1": 247
   },
   "geometry": {
    "type": "Polygon",
    "coordinates": [
     [
      [
       247,
       46
      ],
      [
       248,
       46
      ],
      [
       248,
       48
      ],
      [
       247,
       48
      ],
      [
       247,
       46
      ]
     ]
    ]
   }
  },
  {
   "type": "Feature",
   "properties": {
    "id": "35.19",
    "r0": 33,
    "c0": 248,
    "r1": 47,
    "c1": 254
   },
   "geometry": {
    "type": "Polygon",
    "coordinates": [
     [
      [
       248,
       33
      ],
      [
       255,
       33
      ],
      [
       255,
       48
      ],
      [
       248,
       48
      ],
      [
       248,
       33
      ]
     ]
    ]
   }
  },
  {
   "type": "Feature",
   "properties": {
    "id": "35.19.10",
    "r0": 33,
    "c0": 248,
    "r1": 36,
    "c1": 251
   },
   "geometry": {
    "type": "Polygon",
    "coordinates": [
     [
      [
       248,
       33
      ],
      [
       252,
       33
      ],
      [
       252,
       37
      ],
      [
       248,
       37
      ],
      [
       248,
       33
      ]
     ]
    ]
   }
  },
  {
   "type": "Feature",
   "properties": {
    "id": "35.19.01",
    "r0": 33,
    "c0": 252,
    "r1": 33,
    "c1": 254
   },
   "geometry": {
    "type": "Polygon",
    "coordinates": [
     [
      [
       252,
       33
      ],
      [
       255,
       33
      ],
      [
       255,
       34
      ],
      [
       252,
       34
      ],
      [
       252,
       33
      ]
     ]
    ]
   }
  },
  {
   "type": "Feature",
   "properties": {
    "id": "35.19.02",
    "r0": 34,
    "c0": 252,
    "r1": 36,
    "c1": 254
   },
   "geometry": {
    "type": "Polygon",
    "coordinates": [
     [
      [
       252,
       34
      ],
      [
       255,
       34
      ],
      [
       255,
       37
      ],
      [
       252,
       37
      ],
      [
       252,
       34
      ]
     ]
    ]
   }
  },
  {
   "type": "Feature",
   "properties": {
    "id": "35.19.08",
    "r0": 37,
    "c0": 248,
    "r1": 40,
    "c1": 249
   },
   "geometry": {
    "type": "Polygon",
    "coordinates": [
     [
      [
       248,
       37
      ],
      [
       250,
       37
      ],
      [
       250,
       41
      ],
      [
       248,
       41
      ],
      [
       248,
       37
      ]
     ]
    ]
   }
  },
  {
   "type": "Feature",
   "properties": {
    "id": "35.19.12",
    "r0": 37,
    "c0": 250,
    "r1": 40,
    "c1": 251
   },
   "geometry": {
    "type": "Polygon",
    "coordinates": [
     [
      [
       250,
       37
      ],
      [
       252,
       37
      ],
      [
       252,
       41
      ],
      [
       250,
       41
      ],
      [
       250,
       37
      ]
     ]
    ]
   }
  },
  {
   "type": "Feature",
   "properties": {
    "id": "35.19.14",
    "r0": 37,
    "c0": 252,
    "r1": 38,
    "c1": 254
   },
   "geometry": {
    "type": "Polygon",
    "coordinates": [
     [
      [
       252,
       37
      ],
      [
       255,
       37
      ],
      [
       255,
       39
      ],
      [
       252,
       39
      ],
      [
       252,
       37
      ]
     ]
    ]
   }
  },
  {
   "type": "Feature",
   "properties": {
    "id": "35.19.03",
    "r0": 39,
    "c0": 252,
    "r1": 40,
    "c1": 254
   },
   "geometry": {
    "type": "Polygon",
    "coordinates": [
     [
      [
       252,
       39
      ],
      [
       255,
       39
      ],
      [
       255,
       41
      ],
      [
       252,
       41
      ],
      [
       252,
       39
      ]
     ]
    ]
   }
  },
  {
   "type": "Feature",
   "properties": {
    "id": "35.19.15",
    "r0": 41,
    "c0": 248,
    "r1": 42,
    "c1": 250
   },
   "geometry": {
    "type": "Polygon",
    "coordinates": [
     [
      [
       248,
       41
      ],
      [
       251,
       41
      ],
      [
       251,
       43
      ],
      [
       248,
       43
      ],
      [
       248,
       41
      ]
     ]
    ]
   }
  },
  {
   "type": "Feature",
   "properties": {
    "id": "35.19.11",
    "r0": 43,
    "c0": 248,
    "r1": 44,
    "c1": 250
   },
   "geometry": {
    "type": "Polygon",
    "coordinates": [
     [
      [
       248,
       43
      ],
      [
       251,
       43
      ],
      [
       251,
       45
      ],
      [
       248,
       45
      ],
      [
       248,
       43
      ]
     ]
    ]
   }
  },
  {
   "type": "Feature",
   "properties": {
    "id": "35.19.04",
    "r0": 45,
    "c0": 248,
    "r1": 47,
    "c1": 249
   },
   "geometry": {
    "type": "Polygon",
    "coordinates": [
     [
      [
       248,
       45
      ],
      [
       250,
       45
      ],
      [
       250,
       48
      ],
      [
       248,
       48
      ],
      [
       248,
       45
      ]
     ]
    ]
   }
  },
  {
   "type": "Feature",
   "properties": {
    "id": "35.19.07",
    "r0": 45,
    "c0": 250,
    "r1": 47,
    "c1": 250
   },
   "geometry": {
    "type": "Polygon",
    "coordinates": [
     [
      [
       250,
       45
      ],
      [
       251,
       45
      ],
      [
       251,
       48
      ],
      [
       250,
       48
      ],
      [
       250,
       45
      ]
     ]
    ]
   }
  },
  {
   "type": "Feature",
   "properties": {
    "id": "35.19.06",
    "r0": 41,
    "c0": 251,
    "r1": 43,
    "c1": 251
   },
   "geometry": {
    "type": "Polygon",
    "coordinates": [
     [
      [
       251,
       41
      ],
      [
       252,
       41
      ],
      [
       252,
       44
      ],
      [
       251,
       44
      ],
      [
       251,
       41
      ]
     ]
    ]
   }
  },
  {
   "type": "Feature",
   "properties": {
    "id": "35.19.09",
    "r0": 41,
    "c0": 252,
    "r1": 43,
    "c1": 254
   },
   "geometry": {
    "type": "Polygon",
    "coordinates": [
     [
      [
       252,
       41
      ],
      [
       255,
       41
      ],
      [
       255,
       44
      ],
      [
       252,
       44
      ],
      [
       252,
       41
      ]
     ]
    ]
   }
  },
  {
   "type": "Feature",
   "properties": {
    "id": "35.19.05",
    "r0": 44,
    "c0": 251,
    "r1": 47,
    "c1": 251
   },
   "geometry": {
    "type": "Polygon",
    "coordinates": [
     [
      [
       251,
       44
      ],
      [
       252,
       44
      ],
      [
       252,
       48
      ],
      [
       251,
       48
      ],
      [
       251,
       44
      ]
     ]
    ]
   }
  },
  {
   "type": "Feature",
   "properties": {
    "id": "35.19.13",
    "r0": 44,
    "c0": 252,
    "r1": 47,
    "c1": 254
   },
   "geometry": {
    "type": "Polygon",
    "coordinates": [
     [
      [
       252,
       44
      ],
      [
       255,
       44
      ],
      [
       255,
       48
      ],
      [
       252,
       48
      ],
      [
       252,
       44
      ]
     ]
    ]
   }
  },
  {
   "type": "Feature",
   "properties": {
    "id": "35.75",
    "r0": 48,
    "c0": 240,
    "r1": 51,
    "c1": 244
   },
   "geometry": {
    "type": "Polygon",
    "coordinates": [
     [
      [
       240,
       48
      ],
      [
       245,
       48
      ],
      [
       245,
       52
      ],
      [
       240,
       52
      ],
      [
       240,
       48
      ]
     ]
    ]
   }
  },
  {
   "type": "Feature",
   "properties": {
    "id": "35.75.03",
    "r0": 48,
    "c0": 240,
    "r1": 49,
    "c1": 242
   },
   "geometry": {
    "type": "Polygon",
    "coordinates": [
     [
      [
       240,
       48
      ],
      [
       243,
       48
      ],
      [
       243,
       50
      ],
      [
       240,
       50
      ],
      [
       240,
       48
      ]
     ]
    ]
   }
  },
  {
   "type": "Feature",
   "properties": {
    "id": "35.75.04",
    "r0": 50,
    "c0": 240,
    "r1": 51,
    "c1": 242
   },
   "geometry": {
    "type": "Polygon",
    "coordinates": [
     [
      [
       240,
       50
      ],
      [
       243,
       50
      ],
      [
       243,
       52
      ],
      [
       240,
       52
      ],
      [
       240,
       50
      ]
     ]
    ]
   }
  },
  {
   "type": "Feature",
   "properties": {
    "id": "35.75.01",
    "r0": 48,
    "c0": 243,
    "r1": 50,
    "c1": 244
   },
   "geometry": {
    "type": "Polygon",
    "coordinates": [
     [
      [
       243,
       48
      ],
      [
       245,
       48
      ],
      [
       245,
       51
      ],
      [
       243,
       51
      ],
      [
       243,
       48
      ]
     ]
    ]
   }
  },
  {
   "type": "Feature",
   "properties": {
    "id": "35.75.02",
    "r0": 51,
    "c0": 243,
    "r1": 51,
    "c1": 244
   },
   "geometry": {
    "type": "Polygon",
    "coordinates": [
     [
      [
       243,
       51
      ],
      [
       245,
       51
      ],
      [
       245,
       52
      ],
      [
       243,
       52
      ],
      [
       243,
       51
      ]
     ]
    ]
   }
  },
  {
   "type": "Feature",
   "properties": {
    "id": "35.76",
    "r0": 48,
    "c0": 245,
    "r1": 51,
    "c1": 246
   },
   "geometry": {
    "type": "Polygon",
    "coordinates": [
     [
      [
       245,
       48
      ],
      [
       247,
       48
      ],
      [
       247,
       52
      ],
      [
       245,
       52
      ],
      [
       245,
       48
      ]
     ]
    ]
   }
  },
  {
   "type": "Feature",
   "properties": {
    "id": "35.76.02",
    "r0": 48,
    "c0": 245,
    "r1": 49,
    "c1": 246
   },
   "geometry": {
    "type": "Polygon",
    "coordinates": [
     [
      [
       245,
       48
      ],
      [
       247,
       48
      ],
      [
       247,
       50
      ],
      [
       245,
       50
      ],
      [
       245,
       48
      ]
     ]
    ]
   }
  },
  {
   "type": "Feature",
   "properties": {
    "id": "35.76.01",
    "r0": 50,
    "c0": 245,
    "r1": 51,
    "c1": 245
   },
   "geometry": {
    "type": "Polygon",
    "coordinates": [
     [
      [
       245,
       50
      ],
      [
       246,
       50
      ],
      [
       246,
       52
      ],
      [
       245,
       52
      ],
      [
       245,
       50
      ]
     ]
    ]
   }
  },
  {
   "type": "Feature",
   "properties": {
    "id": "35.76.03",
    "r0": 50,
    "c0": 246,
    "r1": 51,
    "c1": 246
   },
   "geometry": {
    "type": "Polygon",
    "coordinates": [
     [
      [
       246,
       50
      ],
      [
       247,
       50
      ],
      [
       247,
       52
      ],
      [
       246,
       52
      ],
      [
       246,
       50
      ]
     ]
    ]
   }
  },
  {
   "type": "Feature",
   "properties": {
    "id": "35.71",
    "r0": 52,
    "c0": 240,
    "r1": 56,
    "c1": 246
   },
   "geometry": {
    "type": "Polygon",
    "coordinates": [
     [
      [
       240,
       52
      ],
      [
       247,
       52
      ],
      [
       247,
       57
      ],
      [
       240,
       57
      ],
      [
       240,
       52
      ]
     ]
    ]
   }
  },
  {
   "type": "Feature",
   "properties": {
    "id": "35.71.02",
    "r0": 52,
    "c0": 240,
    "r1": 56,
    "c1": 241
   },
   "geometry": {
    "type": "Polygon",
    "coordinates": [
     [
      [
       240,
       52
      ],
      [
       242,
       52
      ],
      [
       242,
       57
      ],
      [
       240,
       57
      ],
      [
       240,
       52
      ]
     ]
    ]
   }
  },
  {
   "type": "Feature",
   "properties": {
    "id": "35.71.03",
    "r0": 52,
    "c0": 242,
    "r1": 56,
    "c1": 244
   },
   "geometry": {
    "type": "Polygon",
    "coordinates": [
     [
      [
       242,
       52
      ],
      [
       245,
       52
      ],
      [
       245,
       57
      ],
      [
       242,
       57
      ],
      [
       242,
       52
      ]
     ]
    ]
   }
  },
  {
   "type": "Feature",
   "properties": {
    "id": "35.71.01",
    "r0": 52,
    "c0": 245,
    "r1": 56,
    "c1": 246
   },
   "geometry": {
    "type": "Polygon",
    "coordinates": [
     [
      [
       245,
       52
      ],
      [
       247,
       52
      ],
      [
       247,
       57
      ],
      [
       245,
       57
      ],
      [
       245,
       52
      ]
     ]
    ]
   }
  },
  {
   "type": "Feature",
   "properties": {
    "id": "35.03",
    "r0": 48,
    "c0": 247,
    "r1": 56,
    "c1": 254
   },
   "geometry": {
    "type": "Polygon",
    "coordinates": [
     [
      [
       247,
       48
      ],
      [
       255,
       48
      ],
      [
       255,
       57
      ],
      [
       247,
       57
      ],
      [
       247,
       48
      ]
     ]
    ]
   }
  },
  {
   "type": "Feature",
   "properties": {
    "id": "35.03.05",
    "r0": 48,
    "c0": 247,
    "r1": 49,
    "c1": 249
   },
   "geometry": {
    "type": "Polygon",
    "coordinates": [
     [
      [
       247,
       48
      ],
      [
       250,
       48
      ],
      [
       250,
       50
      ],
      [
       247,
       50
      ],
      [
       247,
       48
      ]
     ]
    ]
   }
  },
  {
   "type": "Feature",
   "properties": {
    "id": "35.03.02",
    "r0": 50,
    "c0": 247,
    "r1": 51,
    "c1": 249
   },
   "geometry": {
    "type": "Polygon",
    "coordinates": [
     [
      [
       247,
       50
      ],
      [
       250,
       50
      ],
      [
       250,
       52
      ],
      [
       247,
       52
      ],
      [
       247,
       50
      ]
     ]
    ]
   }
  },
  {
   "type": "Feature",
   "properties": {
    "id": "35.03.01",
    "r0": 48,
    "c0": 250,
    "r1": 51,
    "c1": 251
   },
   "geometry": {
    "type": "Polygon",
    "coordinates": [
     [
      [
       250,
       48
      ],
      [
       252,
       48
      ],
      [
       252,
       52
      ],
      [
       250,
       52
      ],
      [
       250,
       48
      ]
     ]
    ]
   }
  },
  {
   "type": "Feature",
   "properties": {
    "id": "35.03.13",
    "r0": 48,
    "c0": 252,
    "r1": 50,
    "c1": 254
   },
   "geometry": {
    "type": "Polygon",
    "coordinates": [
     [
      [
       252,
       48
      ],
      [
       255,
       48
      ],
      [
       255,
       51
      ],
      [
       252,
       51
      ],
      [
       252,
       48
      ]
     ]
    ]
   }
  },
  {
   "type": "Feature",
   "properties": {
    "id": "35.03.07",
    "r0": 51,
    "c0": 252,
    "r1": 51,
    "c1": 254
   },
   "geometry": {
    "type": "Polygon",
    "coordinates": [
     [
      [
       252,
       51
      ],
      [
       255,
       51
      ],
      [
       255,
       52
      ],
      [
       252,
       52
      ],
      [
       252,
       51
      ]
     ]
    ]
   }
  },
  {
   "type": "Feature",
   "properties": {
    "id": "35.03.12",
    "r0": 52,
    "c0": 247,
    "r1": 53,
    "c1": 248
   },
   "geometry": {
    "type": "Polygon",
    "coordinates": [
     [
      [
       247,
       52
      ],
      [
       249,
       52
      ],
      [
       249,
       54
      ],
      [
       247,
       54
      ],
      [
       247,
       52
      ]
     ]
    ]
   }
  },
  {
   "type": "Feature",
   "properties": {
    "id": "35.03.09",
    "r0": 52,
    "c0": 249,
    "r1": 53,
    "c1": 250
   },
   "geometry": {
    "type": "Polygon",
    "coordinates": [
     [
      [
       249,
       52
      ],
      [
       251,
       52
      ],
      [
       251,
       54
      ],
      [
       249,
       54
      ],
      [
       249,
       52
      ]
     ]
    ]
   }
  },
  {
   "type": "Feature",
   "properties": {
    "id": "35.03.06",
    "r0": 54,
    "c0": 247,
    "r1": 56,
    "c1": 249
   },
   "geometry": {
    "type": "Polygon",
    "coordinates": [
     [
      [
       247,
       54
      ],
      [
       250,
       54
      ],
      [
       250,
       57
      ],
      [
       247,
       57
      ],
      [
       247,
       54
      ]
     ]
    ]
   }
  },
  {
   "type": "Feature",
   "properties": {
    "id": "35.03.04",
    "r0": 54,
    "c0": 250,
    "r1": 56,
    "c1": 250
   },
   "geometry": {
    "type": "Polygon",
    "coordinates": [
     [
      [
       250,
       54
      ],
      [
       251,
       54
      ],
      [
       251,
       57
      ],
      [
       250,
       57
      ],
      [
       250,
       54
      ]
     ]
    ]
   }
  },
  {
   "type": "Feature",
   "properties": {
    "id": "35.03.11",
    "r0": 52,
    "c0": 251,
    "r1": 54,
    "c1": 252
   },
   "geometry": {
    "type": "Polygon",
    "coordinates": [
     [
      [
       251,
       52
      ],
      [
       253,
       52
      ],
      [
       253,
       55
      ],
      [
       251,
       55
      ],
      [
       251,
       52
      ]
     ]
    ]
   }
  },
  {
   "type": "Feature",
   "properties": {
    "id": "35.03.08",
    "r0": 52,
    "c0": 253,
    "r1": 53,
    "c1": 254
   },
   "geometry": {
    "type": "Polygon",
    "coordinates": [
     [
      [
       253,
       52
      ],
      [
       255,
       52
      ],
      [
       255,
       54
      ],
      [
       253,
       54
      ],
      [
       253,
       52
      ]
     ]
    ]
   }
  },
  {
   "type": "Feature",
   "properties": {
    "id": "35.03.14",
    "r0": 54,
    "c0": 253,
    "r1": 54,
    "c1": 254
   },
   "geometry": {
    "type": "Polygon",
    "coordinates": [
     [
      [
       253,
       54
      ],
      [
       255,
       54
      ],
      [
       255,
       55
      ],
      [
       253,
       55
      ],
      [
       253,
       54
      ]
     ]
    ]
   }
  },
  {
   "type": "Feature",
   "properties": {
    "id": "35.03.10",
    "r0": 55,
    "c0": 251,
    "r1": 56,
    "c1": 252
   },
   "geometry": {
    "type": "Polygon",
    "coordinates": [
     [
      [
       251,
       55
      ],
      [
       253,
       55
      ],
      [
       253,
       57
      ],
      [
       251,
       57
      ],
      [
       251,
       55
      ]
     ]
    ]
   }
  },
  {
   "type": "Feature",
   "properties": {
    "id": "35.03.03",
    "r0": 55,
    "c0": 253,
    "r1": 56,
    "c1": 254
   },
   "geometry": {
    "type": "Polygon",
    "coordinates": [
     [
      [
       253,
       55
      ],
      [
       255,
       55
      ],
      [
       255,
       57
      ],
      [
       253,
       57
      ],
      [
       253,
       55
      ]
     ]
    ]
   }
  },
  {
   "type": "Feature",
   "properties": {
    "id": "35.23",
    "r0": 57,
    "c0": 240,
    "r1": 63,
    "c1": 247
   },
   "geometry": {
    "type": "Polygon",
    "coordinates": [
     [
      [
       240,
       57
      ],
      [
       248,
       57
      ],
      [
       248,
       64
      ],
      [
       240,
       64
      ],
      [
       240,
       57
      ]
     ]
    ]
   }
  },
  {
   "type": "Feature",
   "properties": {
    "id": "35.23.17",
    "r0": 57,
    "c0": 240,
    "r1": 60,
    "c1": 241
   },
   "geometry": {
    "type": "Polygon",
    "coordinates": [
     [
      [
       240,
       57
      ],
      [
       242,
       57
      ],
      [
       242,
       61
      ],
      [
       240,
       61
      ],
      [
       240,
       57
      ]
     ]
    ]
   }
  },
  {
   "type": "Feature",
   "properties": {
    "id": "35.23.11",
    "r0": 57,
    "c0": 242,
    "r1": 60,
    "c1": 243
   },
   "geometry": {
    "type": "Polygon",
    "coordinates": [
     [
      [
       242,
       57
      ],
      [
       244,
       57
      ],
      [
       244,
       61
      ],
      [
       242,
       61
      ],
      [
       242,
       57
      ]
     ]
    ]
   }
  },
  {
   "type": "Feature",
   "properties": {
    "id": "35.23.19",
    "r0": 61,
    "c0": 240,
    "r1": 61,
    "c1": 243
   },
   "geometry": {
    "type": "Polygon",
    "coordinates": [
     [
      [
       240,
       61
      ],
      [
       244,
       61
      ],
      [
       244,
       62
      ],
      [
       240,
       62
      ],
      [
       240,
       61
      ]
     ]
    ]
   }
  },
  {
   "type": "Feature",
   "properties": {
    "id": "35.23.14",
    "r0": 62,
    "c0": 240,
    "r1": 63,
    "c1": 243
   },
   "geometry": {
    "type": "Polygon",
    "coordinates": [
     [
      [
       240,
       62
      ],
      [
       244,
       62
      ],
      [
       244,
       64
      ],
      [
       240,
       64
      ],
      [
       240,
       62
      ]
     ]
    ]
   }
  },
  {
   "type": "Feature",
   "properties": {
    "id": "35.23.20",
    "r0": 57,
    "c0": 244,
    "r1": 59,
    "c1": 245
   },
   "geometry": {
    "type": "Polygon",
    "coordinates": [
     [
      [
       244,
       57
      ],
      [
       246,
       57
      ],
      [
       246,
       60
      ],
      [
       244,
       60
      ],
      [
       244,
       57
      ]
     ]
    ]
   }
  },
  {
   "type": "Feature",
   "properties": {
    "id": "35.23.05",
    "r0": 57,
    "c0": 246,
    "r1": 59,
    "c1": 247
   },
   "geometry": {
    "type": "Polygon",
    "coordinates": [
     [
      [
       246,
       57
      ],
      [
       248,
       57
      ],
      [
       248,
       60
      ],
      [
       246,
       60
      ],
      [
       246,
       57
      ]
     ]
    ]
   }
  },
  {
   "type": "Feature",
   "properties": {
    "id": "35.23.03",
    "r0": 60,
    "c0": 244,
    "r1": 61,
    "c1": 245
   },
   "geometry": {
    "type": "Polygon",
    "coordinates": [
     [
      [
       244,
       60
      ],
      [
       246,
       60
      ],
      [
       246,
       62
      ],
      [
       244,
       62
      ],
      [
       244,
       60
      ]
     ]
    ]
   }
  },
  {
   "type": "Feature",
   "properties": {
    "id": "35.23.07",
    "r0": 62,
    "c0": 244,
    "r1": 63,
    "c1": 245
   },
   "geometry": {
    "type": "Polygon",
    "coordinates": [
     [
      [
       244,
       62
      ],
      [
       246,
       62
      ],
      [
       246,
       64
      ],
      [
       244,
       64
      ],
      [
       244,
       62
      ]
     ]
    ]
   }
  },
  {
   "type": "Feature",
   "properties": {
    "id": "35.23.09",
    "r0": 60,
    "c0": 246,
    "r1": 62,
    "c1": 247
   },
   "geometry": {
    "type": "Polygon",
    "coordinates": [
     [
      [
       246,
       60
      ],
      [
       248,
       60
      ],
      [
       248,
       63
      ],
      [
       246,
       63
      ],
      [
       246,
       60
      ]
     ]
    ]
   }
  },
  {
   "type": "Feature",
   "properties": {
    "id": "35.23.10",
    "r0": 63,
    "c0": 246,
    "r1": 63,
    "c1": 247
   },
   "geometry": {
    "type": "Polygon",
    "coordinates": [
     [
      [
       246,
       63
      ],
      [
       248,
       63
      ],
      [
       248,
       64
      ],
      [
       246,
       64
      ],
      [
       246,
       63
      ]
     ]
    ]
   }
  },
  {
   "type": "Feature",
   "properties": {
    "id": "35.77",
    "r0": 57,
    "c0": 248,
    "r1": 60,
    "c1": 250
   },
   "geometry": {
    "type": "Polygon",
    "coordinates": [
     [
      [
       248,
       57
      ],
      [
       251,
       57
      ],
      [
       251,
       61
      ],
      [
       248,
       61
      ],
      [
       248,
       57
      ]
     ]
    ]
   }
  },
  {
   "type": "Feature",
   "properties": {
    "id": "35.77.03",
    "r0": 57,
    "c0": 248,
    "r1": 58,
    "c1": 250
   },
   "geometry": {
    "type": "Polygon",
    "coordinates": [
     [
      [
       248,
       57
      ],
      [
       251,
       57
      ],
      [
       251,
       59
      ],
      [
       248,
       59
      ],
      [
       248,
       57
      ]
     ]
    ]
   }
  },
  {
   "type": "Feature",
   "properties": {
    "id": "35.77.01",
    "r0": 59,
    "c0": 248,
    "r1": 60,
    "c1": 250
   },
   "geometry": {
    "type": "Polygon",
    "coordinates": [
     [
      [
       248,
       59
      ],
      [
       251,
       59
      ],
      [
       251,
       61
      ],
      [
       248,
       61
      ],
      [
       248,
       59
      ]
     ]
    ]
   }
  },
  {
   "type": "Feature",
   "properties": {
    "id": "35.79",
    "r0": 61,
    "c0": 248,
    "r1": 63,
    "c1": 250
   },
   "geometry": {
    "type": "Polygon",
    "coordinates": [
     [
      [
       248,
       61
      ],
      [
       251,
       61
      ],
      [
       251,
       64
      ],
      [
       248,
       64
      ],
      [
       248,
       61
      ]
     ]
    ]
   }
  },
  {
   "type": "Feature",
   "properties": {
    "id": "35.79.03",
    "r0": 61,
    "c0": 248,
    "r1": 63,
    "c1": 248
   },
   "geometry": {
    "type": "Polygon",
    "coordinates": [
     [
      [
       248,
       61
      ],
      [
       249,
       61
      ],
      [
       249,
       64
      ],
      [
       248,
       64
      ],
      [
       248,
       61
      ]
     ]
    ]
   }
  },
  {
   "type": "Feature",
   "properties": {
    "id": "35.79.02",
    "r0": 61,
    "c0": 249,
    "r1": 63,
    "c1": 250
   },
   "geometry": {
    "type": "Polygon",
    "coordinates": [
     [
      [
       249,
       61
      ],
      [
       251,
       61
      ],
      [
       251,
       64
      ],
      [
       249,
       64
      ],
      [
       249,
       61
      ]
     ]
    ]
   }
  },
  {
   "type": "Feature",
   "properties": {
    "id": "35.72",
    "r0": 57,
    "c0": 251,
    "r1": 58,
    "c1": 254
   },
   "geometry": {
    "type": "Polygon",
    "coordinates": [
     [
      [
       251,
       57
      ],
      [
       255,
       57
      ],
      [
       255,
       59
      ],
      [
       251,
       59
      ],
      [
       251,
       57
      ]
     ]
    ]
   }
  },
  {
   "type": "Feature",
   "properties": {
    "id": "35.72.01",
    "r0": 57,
    "c0": 251,
    "r1": 58,
    "c1": 251
   },
   "geometry": {
    "type": "Polygon",
    "coordinates": [
     [
      [
       251,
       57
      ],
      [
       252,
       57
      ],
      [
       252,
       59
      ],
      [
       251,
       59
      ],
      [
       251,
       57
      ]
     ]
    ]
   }
  },
  {
   "type": "Feature",
   "properties": {
    "id": "35.72.03",
    "r0": 57,
    "c0": 252,
    "r1": 58,
    "c1": 253
   },
   "geometry": {
    "type": "Polygon",
    "coordinates": [
     [
      [
       252,
       57
      ],
      [
       254,
       57
      ],
      [
       254,
       59
      ],
      [
       252,
       59
      ],
      [
       252,
       57
      ]
     ]
    ]
   }
  },
  {
   "type": "Feature",
   "properties": {
    "id": "35.72.02",
    "r0": 57,
    "c0": 254,
    "r1": 58,
    "c1": 254
   },
   "geometry": {
    "type": "Polygon",
    "coordinates": [
     [
      [
       254,
       57
      ],
      [
       255,
       57
      ],
      [
       255,
       59
      ],
      [
       254,
       59
      ],
      [
       254,
       57
      ]
     ]
    ]
   }
  },
  {
   "type": "Feature",
   "properties": {
    "id": "35.74",
    "r0": 59,
    "c0": 251,
    "r1": 63,
    "c1": 254
   },
   "geometry": {
    "type": "Polygon",
    "coordinates": [
     [
      [
       251,
       59
      ],
      [
       255,
       59
      ],
      [
       255,
       64
      ],
      [
       251,
       64
      ],
      [
       251,
       59
      ]
     ]
    ]
   }
  },
  {
   "type": "Feature",
   "properties": {
    "id": "35.74.04",
    "r0": 59,
    "c0": 251,
    "r1": 60,
    "c1": 253
   },
   "geometry": {
    "type": "Polygon",
    "coordinates": [
     [
      [
       251,
       59
      ],
      [
       254,
       59
      ],
      [
       254,
       61
      ],
      [
       251,
       61
      ],
      [
       251,
       59
      ]
     ]
    ]
   }
  },
  {
   "type": "Feature",
   "properties": {
    "id": "35.74.03",
    "r0": 59,
    "c0": 254,
    "r1": 60,
    "c1": 254
   },
   "geometry": {
    "type": "Polygon",
    "coordinates": [
     [
      [
       254,
       59
      ],
      [
       255,
       59
      ],
      [
       255,
       61
      ],
      [
       254,
       61
      ],
      [
       254,
       59
      ]
     ]
    ]
   }
  },
  {
   "type": "Feature",
   "properties": {
    "id": "35.74.02",
    "r0": 61,
    "c0": 251,
    "r1": 63,
    "c1": 251
   },
   "geometry": {
    "type": "Polygon",
    "coordinates": [
     [
      [
       251,
       61
      ],
      [
       252,
       61
      ],
      [
       252,
       64
      ],
      [
       251,
       64
      ],
      [
       251,
       61
      ]
     ]
    ]
   }
  },
  {
   "type": "Feature",
   "properties": {
    "id": "35.74.05",
    "r0": 61,
    "c0": 252,
    "r1": 63,
    "c1": 253
   },
   "geometry": {
    "type": "Polygon",
    "coordinates": [
     [
      [
       252,
       61
      ],
      [
       254,
       61
      ],
      [
       254,
       64
      ],
      [
       252,
       64
      ],
      [
       252,
       61
      ]
     ]
    ]
   }
  },
  {
   "type": "Feature",
   "properties": {
    "id": "35.74.01",
    "r0": 61,
    "c0": 254,
    "r1": 63,
    "c1": 254
   },
   "geometry": {
    "type": "Polygon",
    "coordinates": [
     [
      [
       254,
       61
      ],
      [
       255,
       61
      ],
      [
       255,
       64
      ],
      [
       254,
       64
      ],
      [
       254,
       61
      ]
     ]
    ]
   }
  }
 ]
}