{"type":"FeatureCollection","features":[{"type":"Feature","properties":{"code":"51.05","name":"Klungkung","prov_name":"Bali","leafCount":15},"geometry":{"type":"Polygon","coordinates":[[[97.7406277678893,-10.68211033613328],[97.8863497006203,-10.68211033613328],[97.8863497006203,-10.519416894199946],[97.7406277678893,-10.519416894199946],[97.7406277678893,-10.68211033613328]]]}},{"type":"Feature","properties":{"code":"51.02","name":"Tabanan","prov_name":"Bali","leafCount":29},"geometry":{"type":"Polygon","coordinates":[[[97.7406277678893,-8.729789032933281],[97.8863497006203,-8.729789032933281],[97.8863497006203,-8.567095590999948],[97.7406277678893,-8.567095590999948],[97.7406277678893,-8.729789032933281]]]}},{"type":"Feature","properties":{"code":"51.03","name":"Badung","prov_name":"Bali","leafCount":20},"geometry":{"type":"Polygon","coordinates":[[[97.7406277678893,-7.916321823266616],[97.8863497006203,-7.916321823266616],[97.8863497006203,-7.753628381333282],[97.7406277678893,-7.753628381333282],[97.7406277678893,-7.916321823266616]]]}},{"type":"Feature","properties":{"code":"51.08","name":"Buleleng","prov_name":"Bali","leafCount":38},"geometry":{"type":"Polygon","coordinates":[[[97.44918390242728,-7.916321823266616],[97.59490583515829,-7.916321823266616],[97.59490583515829,-7.753628381333282],[97.44918390242728,-7.753628381333282],[97.44918390242728,-7.916321823266616]]]}},{"type":"Feature","properties":{"code":"51.04","name":"Gianyar","prov_name":"Bali","leafCount":14},"geometry":{"type":"Polygon","coordinates":[[[97.7406277678893,-9.380562800666615],[97.8863497006203,-9.380562800666615],[97.8863497006203,-9.217869358733282],[97.7406277678893,-9.217869358733282],[97.7406277678893,-9.380562800666615]]]}},{"type":"Feature","properties":{"code":"51.07","name":"Karangasem","prov_name":"Bali","leafCount":19},"geometry":{"type":"Polygon","coordinates":[[[97.7406277678893,-10.19403001033328],[97.8863497006203,-10.19403001033328],[97.8863497006203,-10.031336568399947],[97.7406277678893,-10.031336568399947],[97.7406277678893,-10.19403001033328]]]}},{"type":"Feature","properties":{"code":"51.06","name":"Bangli","prov_name":"Bali","leafCount":17},"geometry":{"type":"Polygon","coordinates":[[[97.7406277678893,-9.705949684533282],[97.8863497006203,-9.705949684533282],[97.8863497006203,-9.543256242599949],[97.7406277678893,-9.543256242599949],[97.7406277678893,-9.705949684533282]]]}},{"type":"Feature","properties":{"code":"51.01","name":"Jembrana","prov_name":"Bali","leafCount":16},"geometry":{"type":"Polygon","coordinates":[[[97.30346196969626,-7.916321823266616],[97.44918390242727,-7.916321823266616],[97.44918390242727,-7.753628381333282],[97.30346196969626,-7.753628381333282],[97.30346196969626,-7.916321823266616]]]}},{"type":"Feature","properties":{"code":"51.71","name":"Kota Denpasar","prov_name":"Bali","leafCount":12},"geometry":{"type":"Polygon","coordinates":[[[97.7406277678893,-8.404402149066614],[97.8863497006203,-8.404402149066614],[97.8863497006203,-8.24170870713328],[97.7406277678893,-8.24170870713328],[97.7406277678893,-8.404402149066614]]]}},{"type":"Feature","properties":{"code":"52.02","name":"Lombok Tengah","prov_name":"Nusa Tenggara Barat","leafCount":42},"geometry":{"type":"Polygon","coordinates":[[[97.7406277678893,-2.8728251233332838],[97.8863497006203,-2.8728251233332838],[97.8863497006203,-2.7101316813999503],[97.7406277678893,-2.7101316813999503],[97.7406277678893,-2.8728251233332838]]]}},{"type":"Feature","properties":{"code":"52.03","name":"Lombok Timur","prov_name":"Nusa Tenggara Barat","leafCount":59},"geometry":{"type":"Polygon","coordinates":[[[98.03207163335132,-4.499759542666617],[98.17779356608233,-4.499759542666617],[98.17779356608233,-4.337066100733283],[98.03207163335132,-4.337066100733283],[98.03207163335132,-4.499759542666617]]]}},{"type":"Feature","properties":{"code":"52.08","name":"Lombok Utara","prov_name":"Nusa Tenggara Barat","leafCount":9},"geometry":{"type":"Polygon","coordinates":[[[97.30346196969626,-6.126693961999949],[97.44918390242727,-6.126693961999949],[97.44918390242727,-5.964000520066616],[97.30346196969626,-5.964000520066616],[97.30346196969626,-6.126693961999949]]]}},{"type":"Feature","properties":{"code":"52.07","name":"Sumbawa Barat","prov_name":"Nusa Tenggara Barat","leafCount":14},"geometry":{"type":"Polygon","coordinates":[[[97.30346196969626,-2.8728251233332838],[97.44918390242727,-2.8728251233332838],[97.44918390242727,-2.7101316813999503],[97.30346196969626,-2.7101316813999503],[97.30346196969626,-2.8728251233332838]]]}},{"type":"Feature","properties":{"code":"52.01","name":"Lombok Barat","prov_name":"Nusa Tenggara Barat","leafCount":30},"geometry":{"type":"Polygon","coordinates":[[[97.7406277678893,-3.8489857749332828],[97.8863497006203,-3.8489857749332828],[97.8863497006203,-3.6862923329999493],[97.7406277678893,-3.6862923329999493],[97.7406277678893,-3.8489857749332828]]]}},{"type":"Feature","properties":{"code":"52.04","name":"Sumbawa","prov_name":"Nusa Tenggara Barat","leafCount":44},"geometry":{"type":"Polygon","coordinates":[[[97.30346196969626,-3.686292332999951],[97.44918390242727,-3.686292332999951],[97.44918390242727,-3.5235988910666176],[97.30346196969626,-3.5235988910666176],[97.30346196969626,-3.686292332999951]]]}},{"type":"Feature","properties":{"code":"52.05","name":"Dompu","prov_name":"Nusa Tenggara Barat","leafCount":16},"geometry":{"type":"Polygon","coordinates":[[[98.61495936427538,-6.126693961999949],[98.76068129700639,-6.126693961999949],[98.76068129700639,-5.964000520066616],[98.61495936427538,-5.964000520066616],[98.61495936427538,-6.126693961999949]]]}},{"type":"Feature","properties":{"code":"52.71","name":"Kota Mataram","prov_name":"Nusa Tenggara Barat","leafCount":11},"geometry":{"type":"Polygon","coordinates":[[[97.7406277678893,-4.499759542666617],[97.8863497006203,-4.499759542666617],[97.8863497006203,-4.337066100733283],[97.7406277678893,-4.337066100733283],[97.7406277678893,-4.499759542666617]]]}},{"type":"Feature","properties":{"code":"52.06","name":"Bima","prov_name":"Nusa Tenggara Barat","leafCount":48},"geometry":{"type":"Polygon","coordinates":[[[97.44918390242728,-6.126693961999949],[97.59490583515829,-6.126693961999949],[97.59490583515829,-5.964000520066616],[97.44918390242728,-5.964000520066616],[97.44918390242728,-6.126693961999949]]]}},{"type":"Feature","properties":{"code":"52.72","name":"Kota Bima","prov_name":"Nusa Tenggara Barat","leafCount":13},"geometry":{"type":"Polygon","coordinates":[[[97.44918390242728,-7.265548055533282],[97.59490583515829,-7.265548055533282],[97.59490583515829,-7.102854613599948],[97.44918390242728,-7.102854613599948],[97.44918390242728,-7.265548055533282]]]}},{"type":"Feature","properties":{"code":"32.06","name":"Tasikmalaya","prov_name":"Jawa Barat","leafCount":84},"geometry":{"type":"Polygon","coordinates":[[[116.39303515745893,-7.428241497466615],[116.53875709018993,-7.428241497466615],[116.53875709018993,-7.265548055533282],[116.39303515745893,-7.265548055533282],[116.39303515745893,-7.428241497466615]]]}},{"type":"Feature","properties":{"code":"32.05","name":"Garut","prov_name":"Jawa Barat","leafCount":119},"geometry":{"type":"Polygon","coordinates":[[[115.51870356107284,-7.428241497466615],[115.66442549380385,-7.428241497466615],[115.66442549380385,-7.265548055533282],[115.51870356107284,-7.265548055533282],[115.51870356107284,-7.428241497466615]]]}},{"type":"Feature","properties":{"code":"32.02","name":"Sukabumi","prov_name":"Jawa Barat","leafCount":76},"geometry":{"type":"Polygon","coordinates":[[[113.62431843556968,-2.8728251233332838],[113.77004036830068,-2.8728251233332838],[113.77004036830068,-2.7101316813999503],[113.62431843556968,-2.7101316813999503],[113.62431843556968,-2.8728251233332838]]]}},{"type":"Feature","properties":{"code":"32.10","name":"Majalengka","prov_name":"Jawa Barat","leafCount":83},"geometry":{"type":"Polygon","coordinates":[[[115.51870356107284,-5.638613636199949],[115.66442549380385,-5.638613636199949],[115.66442549380385,-5.475920194266616],[115.51870356107284,-5.475920194266616],[115.51870356107284,-5.638613636199949]]]}},{"type":"Feature","properties":{"code":"32.72","name":"Kota Sukabumi","prov_name":"Jawa Barat","leafCount":4},"geometry":{"type":"Polygon","coordinates":[[[113.62431843556968,-10.519416894199948],[113.77004036830068,-10.519416894199948],[113.77004036830068,-10.356723452266614],[113.62431843556968,-10.356723452266614],[113.62431843556968,-10.519416894199948]]]}},{"type":"Feature","properties":{"code":"32.18","name":"Pangandaran","prov_name":"Jawa Barat","leafCount":23},"geometry":{"type":"Polygon","coordinates":[[[117.12164482111399,-10.19403001033328],[117.267366753845,-10.19403001033328],[117.267366753845,-10.031336568399947],[117.12164482111399,-10.031336568399947],[117.12164482111399,-10.19403001033328]]]}},{"type":"Feature","properties":{"code":"32.11","name":"Sumedang","prov_name":"Jawa Barat","leafCount":61},"geometry":{"type":"Polygon","coordinates":[[[115.51870356107284,-2.8728251233332838],[115.66442549380385,-2.8728251233332838],[115.66442549380385,-2.7101316813999503],[115.51870356107284,-2.7101316813999503],[115.51870356107284,-2.8728251233332838]]]}},{"type":"Feature","properties":{"code":"32.78","name":"Kota Tasikmalaya","prov_name":"Jawa Barat","leafCount":20},"geometry":{"type":"Polygon","coordinates":[[[116.39303515745893,-10.356723452266616],[116.53875709018993,-10.356723452266616],[116.53875709018993,-10.194030010333282],[116.39303515745893,-10.194030010333282],[116.39303515745893,-10.356723452266616]]]}},{"type":"Feature","properties":{"code":"32.17","name":"Bandung Barat","prov_name":"Jawa Barat","leafCount":36},"geometry":{"type":"Polygon","coordinates":[[[113.18715263737664,-2.8728251233332838],[113.33287457010765,-2.8728251233332838],[113.33287457010765,-2.7101316813999503],[113.18715263737664,-2.7101316813999503],[113.18715263737664,-2.8728251233332838]]]}},{"type":"Feature","properties":{"code":"32.79","name":"Kota Banjar","prov_name":"Jawa Barat","leafCount":7},"geometry":{"type":"Polygon","coordinates":[[[117.12164482111399,-9.868643126466614],[117.267366753845,-9.868643126466614],[117.267366753845,-9.70594968453328],[117.12164482111399,-9.70594968453328],[117.12164482111399,-9.868643126466614]]]}},{"type":"Feature","properties":{"code":"32.73","name":"Kota Bandung","prov_name":"Jawa Barat","leafCount":35},"geometry":{"type":"Polygon","coordinates":[[[113.18715263737664,-5.15053331039995],[113.33287457010765,-5.15053331039995],[113.33287457010765,-4.987839868466617],[113.18715263737664,-4.987839868466617],[113.18715263737664,-5.15053331039995]]]}},{"type":"Feature","properties":{"code":"32.08","name":"Kuningan","prov_name":"Jawa Barat","leafCount":86},"geometry":{"type":"Polygon","coordinates":[[[116.68447902292095,-2.8728251233332838],[116.83020095565196,-2.8728251233332838],[116.83020095565196,-2.7101316813999503],[116.68447902292095,-2.7101316813999503],[116.68447902292095,-2.8728251233332838]]]}},{"type":"Feature","properties":{"code":"32.03","name":"Cianjur","prov_name":"Jawa Barat","leafCount":88},"geometry":{"type":"Polygon","coordinates":[[[113.9157623010317,-2.8728251233332838],[114.06148423376271,-2.8728251233332838],[114.06148423376271,-2.7101316813999503],[113.9157623010317,-2.7101316813999503],[113.9157623010317,-2.8728251233332838]]]}},{"type":"Feature","properties":{"code":"32.04","name":"Bandung","prov_name":"Jawa Barat","leafCount":67},"geometry":{"type":"Polygon","coordinates":[[[113.18715263737664,-7.102854613599948],[113.33287457010765,-7.102854613599948],[113.33287457010765,-6.940161171666615],[113.18715263737664,-6.940161171666615],[113.18715263737664,-7.102854613599948]]]}},{"type":"Feature","properties":{"code":"32.07","name":"Ciamis","prov_name":"Jawa Barat","leafCount":66},"geometry":{"type":"Polygon","coordinates":[[[117.12164482111399,-7.428241497466615],[117.267366753845,-7.428241497466615],[117.267366753845,-7.265548055533282],[117.12164482111399,-7.265548055533282],[117.12164482111399,-7.428241497466615]]]}},{"type":"Feature","properties":{"code":"32.15","name":"Karawang","prov_name":"Jawa Barat","leafCount":77},"geometry":{"type":"Polygon","coordinates":[[[114.64437196468677,-6.452080845866616],[114.79009389741778,-6.452080845866616],[114.79009389741778,-6.289387403933283],[114.64437196468677,-6.289387403933283],[114.64437196468677,-6.452080845866616]]]}},{"type":"Feature","properties":{"code":"32.01","name":"Bogor","prov_name":"Jawa Barat","leafCount":111},"geometry":{"type":"Polygon","coordinates":[[[114.20720616649373,-3.8489857749332828],[114.35292809922474,-3.8489857749332828],[114.35292809922474,-3.6862923329999493],[114.20720616649373,-3.6862923329999493],[114.20720616649373,-3.8489857749332828]]]}},{"type":"Feature","properties":{"code":"32.14","name":"Purwakarta","prov_name":"Jawa Barat","leafCount":51},"geometry":{"type":"Polygon","coordinates":[[[115.0815377628798,-2.8728251233332838],[115.22725969561081,-2.8728251233332838],[115.22725969561081,-2.7101316813999503],[115.0815377628798,-2.7101316813999503],[115.0815377628798,-2.8728251233332838]]]}},{"type":"Feature","properties":{"code":"32.77","name":"Kota Cimahi","prov_name":"Jawa Barat","leafCount":4},"geometry":{"type":"Polygon","coordinates":[[[113.18715263737664,-4.987839868466617],[113.33287457010765,-4.987839868466617],[113.33287457010765,-4.8251464265332835],[113.18715263737664,-4.8251464265332835],[113.18715263737664,-4.987839868466617]]]}},{"type":"Feature","properties":{"code":"32.76","name":"Kota Depok","prov_name":"Jawa Barat","leafCount":21},"geometry":{"type":"Polygon","coordinates":[[[114.20720616649373,-9.868643126466614],[114.35292809922474,-9.868643126466614],[114.35292809922474,-9.70594968453328],[114.20720616649373,-9.70594968453328],[114.20720616649373,-9.868643126466614]]]}},{"type":"Feature","properties":{"code":"32.75","name":"Kota Bekasi","prov_name":"Jawa Barat","leafCount":14},"geometry":{"type":"Polygon","coordinates":[[[114.64437196468677,-2.8728251233332838],[114.79009389741778,-2.8728251233332838],[114.79009389741778,-2.7101316813999503],[114.64437196468677,-2.7101316813999503],[114.64437196468677,-2.8728251233332838]]]}},{"type":"Feature","properties":{"code":"32.71","name":"Kota Bogor","prov_name":"Jawa Barat","leafCount":17},"geometry":{"type":"Polygon","coordinates":[[[114.20720616649373,-2.8728251233332838],[114.35292809922474,-2.8728251233332838],[114.35292809922474,-2.7101316813999503],[114.20720616649373,-2.7101316813999503],[114.20720616649373,-2.8728251233332838]]]}},{"type":"Feature","properties":{"code":"32.13","name":"Subang","prov_name":"Jawa Barat","leafCount":63},"geometry":{"type":"Polygon","coordinates":[[[115.0815377628798,-6.452080845866616],[115.22725969561081,-6.452080845866616],[115.22725969561081,-6.289387403933283],[115.0815377628798,-6.289387403933283],[115.0815377628798,-6.452080845866616]]]}},{"type":"Feature","properties":{"code":"32.16","name":"Bekasi","prov_name":"Jawa Barat","leafCount":46},"geometry":{"type":"Polygon","coordinates":[[[114.64437196468677,-3.686292332999951],[114.79009389741778,-3.686292332999951],[114.79009389741778,-3.5235988910666176],[114.64437196468677,-3.5235988910666176],[114.64437196468677,-3.686292332999951]]]}},{"type":"Feature","properties":{"code":"32.12","name":"Indramayu","prov_name":"Jawa Barat","leafCount":66},"geometry":{"type":"Polygon","coordinates":[[[115.51870356107284,-4.17437265879995],[115.66442549380385,-4.17437265879995],[115.66442549380385,-4.011679216866616],[115.51870356107284,-4.011679216866616],[115.51870356107284,-4.17437265879995]]]}},{"type":"Feature","properties":{"code":"32.74","name":"Kota Cirebon","prov_name":"Jawa Barat","leafCount":8},"geometry":{"type":"Polygon","coordinates":[[[116.68447902292095,-4.8251464265332835],[116.83020095565196,-4.8251464265332835],[116.83020095565196,-4.66245298459995],[116.68447902292095,-4.66245298459995],[116.68447902292095,-4.8251464265332835]]]}},{"type":"Feature","properties":{"code":"32.09","name":"Cirebon","prov_name":"Jawa Barat","leafCount":111},"geometry":{"type":"Polygon","coordinates":[[[116.68447902292095,-4.987839868466617],[116.83020095565196,-4.987839868466617],[116.83020095565196,-4.8251464265332835],[116.68447902292095,-4.8251464265332835],[116.68447902292095,-4.987839868466617]]]}},{"type":"Feature","properties":{"code":"34.02","name":"Bantul","prov_name":"Daerah Istimewa Yogyakarta","leafCount":22},"geometry":{"type":"Polygon","coordinates":[[[95.11763297873107,-9.380562800666615],[95.26335491146207,-9.380562800666615],[95.26335491146207,-9.217869358733282],[95.11763297873107,-9.217869358733282],[95.11763297873107,-9.380562800666615]]]}},{"type":"Feature","properties":{"code":"34.01","name":"Kulon Progo","prov_name":"Daerah Istimewa Yogyakarta","leafCount":22},"geometry":{"type":"Polygon","coordinates":[[[95.11763297873107,-10.19403001033328],[95.26335491146207,-10.19403001033328],[95.26335491146207,-10.031336568399947],[95.11763297873107,-10.031336568399947],[95.11763297873107,-10.19403001033328]]]}},{"type":"Feature","properties":{"code":"34.71","name":"Kota Yogyakarta","prov_name":"Daerah Istimewa Yogyakarta","leafCount":8},"geometry":{"type":"Polygon","coordinates":[[[95.84624264238613,-10.031336568399947],[95.99196457511714,-10.031336568399947],[95.99196457511714,-9.868643126466614],[95.84624264238613,-9.868643126466614],[95.84624264238613,-10.031336568399947]]]}},{"type":"Feature","properties":{"code":"34.04","name":"Sleman","prov_name":"Daerah Istimewa Yogyakarta","leafCount":22},"geometry":{"type":"Polygon","coordinates":[[[95.84624264238613,-9.380562800666615],[95.99196457511714,-9.380562800666615],[95.99196457511714,-9.217869358733282],[95.84624264238613,-9.217869358733282],[95.84624264238613,-9.380562800666615]]]}},{"type":"Feature","properties":{"code":"34.03","name":"Gunungkidul","prov_name":"Daerah Istimewa Yogyakarta","leafCount":35},"geometry":{"type":"Polygon","coordinates":[[[95.84624264238613,-10.19403001033328],[95.99196457511714,-10.19403001033328],[95.99196457511714,-10.031336568399947],[95.84624264238613,-10.031336568399947],[95.84624264238613,-10.19403001033328]]]}},{"type":"Feature","properties":{"code":"33.08","name":"Magelang","prov_name":"Jawa Tengah","leafCount":107},"geometry":{"type":"Polygon","coordinates":[[[109.54410431910132,-7.428241497466615],[109.68982625183233,-7.428241497466615],[109.68982625183233,-7.265548055533282],[109.54410431910132,-7.265548055533282],[109.54410431910132,-7.428241497466615]]]}},{"type":"Feature","properties":{"code":"33.05","name":"Kebumen","prov_name":"Jawa Tengah","leafCount":107},"geometry":{"type":"Polygon","coordinates":[[[106.19249986628803,-2.8728251233332838],[106.33822179901904,-2.8728251233332838],[106.33822179901904,-2.7101316813999503],[106.19249986628803,-2.7101316813999503],[106.19249986628803,-2.8728251233332838]]]}},{"type":"Feature","properties":{"code":"33.29","name":"Brebes","prov_name":"Jawa Tengah","leafCount":65},"geometry":{"type":"Polygon","coordinates":[[[106.19249986628803,-3.686292332999951],[106.33822179901904,-3.686292332999951],[106.33822179901904,-3.5235988910666176],[106.19249986628803,-3.5235988910666176],[106.19249986628803,-3.686292332999951]]]}},{"type":"Feature","properties":{"code":"33.01","name":"Cilacap","prov_name":"Jawa Tengah","leafCount":76},"geometry":{"type":"Polygon","coordinates":[[[106.19249986628803,-6.7774677297332815],[106.33822179901904,-6.7774677297332815],[106.33822179901904,-6.614774287799948],[106.19249986628803,-6.614774287799948],[106.19249986628803,-6.7774677297332815]]]}},{"type":"Feature","properties":{"code":"33.06","name":"Purworejo","prov_name":"Jawa Tengah","leafCount":123},"geometry":{"type":"Polygon","coordinates":[[[109.2526604536393,-2.8728251233332838],[109.3983823863703,-2.8728251233332838],[109.3983823863703,-2.7101316813999503],[109.2526604536393,-2.7101316813999503],[109.2526604536393,-2.8728251233332838]]]}},{"type":"Feature","properties":{"code":"33.04","name":"Banjarnegara","prov_name":"Jawa Tengah","leafCount":61},"geometry":{"type":"Polygon","coordinates":[[[107.06683146267412,-4.987839868466617],[107.21255339540512,-4.987839868466617],[107.21255339540512,-4.8251464265332835],[107.06683146267412,-4.8251464265332835],[107.06683146267412,-4.987839868466617]]]}},{"type":"Feature","properties":{"code":"33.23","name":"Temanggung","prov_name":"Jawa Tengah","leafCount":78},"geometry":{"type":"Polygon","coordinates":[[[109.54410431910132,-6.7774677297332815],[109.68982625183233,-6.7774677297332815],[109.68982625183233,-6.614774287799948],[109.54410431910132,-6.614774287799948],[109.54410431910132,-6.7774677297332815]]]}},{"type":"Feature","properties":{"code":"33.10","name":"Klaten","prov_name":"Jawa Tengah","leafCount":87},"geometry":{"type":"Polygon","coordinates":[[[106.19249986628803,-9.217869358733282],[106.33822179901904,-9.217869358733282],[106.33822179901904,-9.055175916799948],[106.19249986628803,-9.055175916799948],[106.19249986628803,-9.217869358733282]]]}},{"type":"Feature","properties":{"code":"33.28","name":"Tegal","prov_name":"Jawa Tengah","leafCount":67},"geometry":{"type":"Polygon","coordinates":[[[107.64971919359816,-3.686292332999951],[107.79544112632917,-3.686292332999951],[107.79544112632917,-3.5235988910666176],[107.64971919359816,-3.5235988910666176],[107.64971919359816,-3.686292332999951]]]}},{"type":"Feature","properties":{"code":"33.02","name":"Banyumas","prov_name":"Jawa Tengah","leafCount":81},"geometry":{"type":"Polygon","coordinates":[[[107.35827532813613,-6.7774677297332815],[107.50399726086714,-6.7774677297332815],[107.50399726086714,-6.614774287799948],[107.35827532813613,-6.614774287799948],[107.35827532813613,-6.7774677297332815]]]}},{"type":"Feature","properties":{"code":"33.09","name":"Boyolali","prov_name":"Jawa Tengah","leafCount":73},"geometry":{"type":"Polygon","coordinates":[[[106.19249986628803,-9.868643126466614],[106.33822179901904,-9.868643126466614],[106.33822179901904,-9.70594968453328],[106.19249986628803,-9.70594968453328],[106.19249986628803,-9.868643126466614]]]}},{"type":"Feature","properties":{"code":"33.22","name":"Semarang","prov_name":"Jawa Tengah","leafCount":57},"geometry":{"type":"Polygon","coordinates":[[[106.62966566448107,-9.543256242599949],[106.77538759721207,-9.543256242599949],[106.77538759721207,-9.380562800666615],[106.62966566448107,-9.380562800666615],[106.62966566448107,-9.543256242599949]]]}},{"type":"Feature","properties":{"code":"33.21","name":"Demak","prov_name":"Jawa Tengah","leafCount":58},"geometry":{"type":"Polygon","coordinates":[[[110.85560171368044,-6.126693961999949],[111.00132364641145,-6.126693961999949],[111.00132364641145,-5.964000520066616],[110.85560171368044,-5.964000520066616],[110.85560171368044,-6.126693961999949]]]}},{"type":"Feature","properties":{"code":"33.74","name":"Kota Semarang","prov_name":"Jawa Tengah","leafCount":40},"geometry":{"type":"Polygon","coordinates":[[[108.96121658817728,-4.987839868466617],[109.10693852090829,-4.987839868466617],[109.10693852090829,-4.8251464265332835],[108.96121658817728,-4.8251464265332835],[108.96121658817728,-4.987839868466617]]]}},{"type":"Feature","properties":{"code":"33.24","name":"Kendal","prov_name":"Jawa Tengah","leafCount":69},"geometry":{"type":"Polygon","coordinates":[[[107.94116305906019,-4.987839868466617],[108.0868849917912,-4.987839868466617],[108.0868849917912,-4.8251464265332835],[107.94116305906019,-4.8251464265332835],[107.94116305906019,-4.987839868466617]]]}},{"type":"Feature","properties":{"code":"33.26","name":"Pekalongan","prov_name":"Jawa Tengah","leafCount":69},"geometry":{"type":"Polygon","coordinates":[[[111.43848944460449,-3.686292332999951],[111.58421137733549,-3.686292332999951],[111.58421137733549,-3.5235988910666176],[111.43848944460449,-3.5235988910666176],[111.43848944460449,-3.686292332999951]]]}},{"type":"Feature","properties":{"code":"33.15","name":"Grobogan","prov_name":"Jawa Tengah","leafCount":74},"geometry":{"type":"Polygon","coordinates":[[[106.19249986628803,-8.404402149066614],[106.33822179901904,-8.404402149066614],[106.33822179901904,-8.24170870713328],[106.19249986628803,-8.24170870713328],[106.19249986628803,-8.404402149066614]]]}},{"type":"Feature","properties":{"code":"33.71","name":"Kota Magelang","prov_name":"Jawa Tengah","leafCount":3},"geometry":{"type":"Polygon","coordinates":[[[112.7499868391836,-6.7774677297332815],[112.89570877191461,-6.7774677297332815],[112.89570877191461,-6.614774287799948],[112.7499868391836,-6.614774287799948],[112.7499868391836,-6.7774677297332815]]]}},{"type":"Feature","properties":{"code":"33.73","name":"Kota Salatiga","prov_name":"Jawa Tengah","leafCount":4},"geometry":{"type":"Polygon","coordinates":[[[106.19249986628803,-9.543256242599949],[106.33822179901904,-9.543256242599949],[106.33822179901904,-9.380562800666615],[106.19249986628803,-9.380562800666615],[106.19249986628803,-9.543256242599949]]]}},{"type":"Feature","properties":{"code":"33.07","name":"Wonosobo","prov_name":"Jawa Tengah","leafCount":68},"geometry":{"type":"Polygon","coordinates":[[[106.19249986628803,-4.987839868466617],[106.33822179901904,-4.987839868466617],[106.33822179901904,-4.8251464265332835],[106.19249986628803,-4.8251464265332835],[106.19249986628803,-4.987839868466617]]]}},{"type":"Feature","properties":{"code":"33.03","name":"Purbalingga","prov_name":"Jawa Tengah","leafCount":59},"geometry":{"type":"Polygon","coordinates":[[[107.35827532813613,-7.753628381333282],[107.50399726086714,-7.753628381333282],[107.50399726086714,-7.590934939399949],[107.35827532813613,-7.590934939399949],[107.35827532813613,-7.753628381333282]]]}},{"type":"Feature","properties":{"code":"33.25","name":"Batang","prov_name":"Jawa Tengah","leafCount":55},"geometry":{"type":"Polygon","coordinates":[[[109.2526604536393,-3.686292332999951],[109.3983823863703,-3.686292332999951],[109.3983823863703,-3.5235988910666176],[109.2526604536393,-3.5235988910666176],[109.2526604536393,-3.686292332999951]]]}},{"type":"Feature","properties":{"code":"33.27","name":"Pemalang","prov_name":"Jawa Tengah","leafCount":52},"geometry":{"type":"Polygon","coordinates":[[[110.41843591548741,-3.686292332999951],[110.56415784821841,-3.686292332999951],[110.56415784821841,-3.5235988910666176],[110.41843591548741,-3.5235988910666176],[110.41843591548741,-3.686292332999951]]]}},{"type":"Feature","properties":{"code":"33.11","name":"Sukoharjo","prov_name":"Jawa Tengah","leafCount":46},"geometry":{"type":"Polygon","coordinates":[[[106.19249986628803,-10.356723452266616],[106.33822179901904,-10.356723452266616],[106.33822179901904,-10.194030010333282],[106.19249986628803,-10.194030010333282],[106.19249986628803,-10.356723452266616]]]}},{"type":"Feature","properties":{"code":"33.14","name":"Sragen","prov_name":"Jawa Tengah","leafCount":48},"geometry":{"type":"Polygon","coordinates":[[[109.83554818456335,-9.868643126466614],[109.98127011729436,-9.868643126466614],[109.98127011729436,-9.70594968453328],[109.83554818456335,-9.70594968453328],[109.83554818456335,-9.868643126466614]]]}},{"type":"Feature","properties":{"code":"33.12","name":"Wonogiri","prov_name":"Jawa Tengah","leafCount":82},"geometry":{"type":"Polygon","coordinates":[[[106.19249986628803,-10.68211033613328],[106.33822179901904,-10.68211033613328],[106.33822179901904,-10.519416894199946],[106.19249986628803,-10.519416894199946],[106.19249986628803,-10.68211033613328]]]}},{"type":"Feature","properties":{"code":"33.16","name":"Blora","prov_name":"Jawa Tengah","leafCount":63},"geometry":{"type":"Polygon","coordinates":[[[109.68982625183234,-8.729789032933281],[109.83554818456335,-8.729789032933281],[109.83554818456335,-8.567095590999948],[109.68982625183234,-8.567095590999948],[109.68982625183234,-8.729789032933281]]]}},{"type":"Feature","properties":{"code":"33.13","name":"Karanganyar","prov_name":"Jawa Tengah","leafCount":33},"geometry":{"type":"Polygon","coordinates":[[[110.12699205002538,-10.356723452266616],[110.27271398275639,-10.356723452266616],[110.27271398275639,-10.194030010333282],[110.12699205002538,-10.194030010333282],[110.12699205002538,-10.356723452266616]]]}},{"type":"Feature","properties":{"code":"33.72","name":"Kota Surakarta","prov_name":"Jawa Tengah","leafCount":14},"geometry":{"type":"Polygon","coordinates":[[[112.16709910825955,-9.868643126466614],[112.31282104099056,-9.868643126466614],[112.31282104099056,-9.70594968453328],[112.16709910825955,-9.70594968453328],[112.16709910825955,-9.868643126466614]]]}},{"type":"Feature","properties":{"code":"33.75","name":"Kota Pekalongan","prov_name":"Jawa Tengah","leafCount":4},"geometry":{"type":"Polygon","coordinates":[[[109.10693852090829,-3.686292332999951],[109.2526604536393,-3.686292332999951],[109.2526604536393,-3.5235988910666176],[109.10693852090829,-3.5235988910666176],[109.10693852090829,-3.686292332999951]]]}},{"type":"Feature","properties":{"code":"33.20","name":"Jepara","prov_name":"Jawa Tengah","leafCount":52},"geometry":{"type":"Polygon","coordinates":[[[109.54410431910132,-4.987839868466617],[109.68982625183233,-4.987839868466617],[109.68982625183233,-4.8251464265332835],[109.54410431910132,-4.8251464265332835],[109.54410431910132,-4.987839868466617]]]}},{"type":"Feature","properties":{"code":"33.76","name":"Kota Tegal","prov_name":"Jawa Tengah","leafCount":6},"geometry":{"type":"Polygon","coordinates":[[[108.96121658817728,-3.686292332999951],[109.10693852090829,-3.686292332999951],[109.10693852090829,-3.5235988910666176],[108.96121658817728,-3.5235988910666176],[108.96121658817728,-3.686292332999951]]]}},{"type":"Feature","properties":{"code":"33.18","name":"Pati","prov_name":"Jawa Tengah","leafCount":97},"geometry":{"type":"Polygon","coordinates":[[[110.70987978094942,-4.987839868466617],[110.85560171368043,-4.987839868466617],[110.85560171368043,-4.8251464265332835],[110.70987978094942,-4.8251464265332835],[110.70987978094942,-4.987839868466617]]]}},{"type":"Feature","properties":{"code":"33.17","name":"Rembang","prov_name":"Jawa Tengah","leafCount":69},"geometry":{"type":"Polygon","coordinates":[[[106.19249986628803,-8.729789032933281],[106.33822179901904,-8.729789032933281],[106.33822179901904,-8.567095590999948],[106.19249986628803,-8.567095590999948],[106.19249986628803,-8.729789032933281]]]}},{"type":"Feature","properties":{"code":"33.19","name":"Kudus","prov_name":"Jawa Tengah","leafCount":34},"geometry":{"type":"Polygon","coordinates":[[[109.54410431910132,-6.126693961999949],[109.68982625183233,-6.126693961999949],[109.68982625183233,-5.964000520066616],[109.54410431910132,-5.964000520066616],[109.54410431910132,-6.126693961999949]]]}},{"type":"Feature","properties":{"code":"35.29","name":"Sumenep","prov_name":"Jawa Timur","leafCount":84},"geometry":{"type":"Polygon","coordinates":[[[105.17244633717095,-4.337066100733283],[105.31816826990196,-4.337066100733283],[105.31816826990196,-4.17437265879995],[105.17244633717095,-4.17437265879995],[105.17244633717095,-4.337066100733283]]]}},{"type":"Feature","properties":{"code":"35.78","name":"Kota Surabaya","prov_name":"Jawa Timur","leafCount":47},"geometry":{"type":"Polygon","coordinates":[[[102.84089541347474,-5.475920194266616],[102.98661734620575,-5.475920194266616],[102.98661734620575,-5.313226752333282],[102.84089541347474,-5.313226752333282],[102.84089541347474,-5.475920194266616]]]}},{"type":"Feature","properties":{"code":"35.17","name":"Jombang","prov_name":"Jawa Timur","leafCount":78},"geometry":{"type":"Polygon","coordinates":[[[102.84089541347474,-2.8728251233332838],[102.98661734620575,-2.8728251233332838],[102.98661734620575,-2.7101316813999503],[102.84089541347474,-2.7101316813999503],[102.84089541347474,-2.8728251233332838]]]}},{"type":"Feature","properties":{"code":"35.14","name":"Pasuruan","prov_name":"Jawa Timur","leafCount":89},"geometry":{"type":"Polygon","coordinates":[[[104.7352805389779,-7.102854613599948],[104.88100247170891,-7.102854613599948],[104.88100247170891,-6.940161171666615],[104.7352805389779,-6.940161171666615],[104.7352805389779,-7.102854613599948]]]}},{"type":"Feature","properties":{"code":"35.26","name":"Bangkalan","prov_name":"Jawa Timur","leafCount":58},"geometry":{"type":"Polygon","coordinates":[[[104.5895586062469,-2.8728251233332838],[104.7352805389779,-2.8728251233332838],[104.7352805389779,-2.7101316813999503],[104.5895586062469,-2.7101316813999503],[104.5895586062469,-2.8728251233332838]]]}},{"type":"Feature","properties":{"code":"35.13","name":"Probolinggo","prov_name":"Jawa Timur","leafCount":75},"geometry":{"type":"Polygon","coordinates":[[[103.86094894259183,-7.265548055533282],[104.00667087532284,-7.265548055533282],[104.00667087532284,-7.102854613599948],[103.86094894259183,-7.102854613599948],[103.86094894259183,-7.265548055533282]]]}},{"type":"Feature","properties":{"code":"35.12","name":"Situbondo","prov_name":"Jawa Timur","leafCount":31},"geometry":{"type":"Polygon","coordinates":[[[102.84089541347474,-8.567095590999948],[102.98661734620575,-8.567095590999948],[102.98661734620575,-8.404402149066614],[102.84089541347474,-8.404402149066614],[102.84089541347474,-8.567095590999948]]]}},{"type":"Feature","properties":{"code":"35.10","name":"Banyuwangi","prov_name":"Jawa Timur","leafCount":65},"geometry":{"type":"Polygon","coordinates":[[[104.88100247170892,-9.380562800666615],[105.02672440443993,-9.380562800666615],[105.02672440443993,-9.217869358733282],[104.88100247170892,-9.217869358733282],[104.88100247170892,-9.380562800666615]]]}},{"type":"Feature","properties":{"code":"35.28","name":"Pamekasan","prov_name":"Jawa Timur","leafCount":43},"geometry":{"type":"Polygon","coordinates":[[[105.17244633717095,-2.8728251233332838],[105.31816826990196,-2.8728251233332838],[105.31816826990196,-2.7101316813999503],[105.17244633717095,-2.7101316813999503],[105.17244633717095,-2.8728251233332838]]]}},{"type":"Feature","properties":{"code":"35.11","name":"Bondowoso","prov_name":"Jawa Timur","leafCount":53},"geometry":{"type":"Polygon","coordinates":[[[102.84089541347474,-7.102854613599948],[102.98661734620575,-7.102854613599948],[102.98661734620575,-6.940161171666615],[102.84089541347474,-6.940161171666615],[102.84089541347474,-7.102854613599948]]]}},{"type":"Feature","properties":{"code":"35.05","name":"Blitar","prov_name":"Jawa Timur","leafCount":56},"geometry":{"type":"Polygon","coordinates":[[[100.65506642250955,-3.1982120071999507],[100.80078835524056,-3.1982120071999507],[100.80078835524056,-3.0355185652666172],[100.65506642250955,-3.0355185652666172],[100.65506642250955,-3.1982120071999507]]]}},{"type":"Feature","properties":{"code":"35.15","name":"Sidoarjo","prov_name":"Jawa Timur","leafCount":76},"geometry":{"type":"Polygon","coordinates":[[[103.5695050771298,-5.313226752333282],[103.71522700986081,-5.313226752333282],[103.71522700986081,-5.150533310399949],[103.5695050771298,-5.150533310399949],[103.5695050771298,-5.313226752333282]]]}},{"type":"Feature","properties":{"code":"35.25","name":"Gresik","prov_name":"Jawa Timur","leafCount":91},"geometry":{"type":"Polygon","coordinates":[[[100.50934448977854,-10.031336568399947],[100.65506642250955,-10.031336568399947],[100.65506642250955,-9.868643126466614],[100.50934448977854,-9.868643126466614],[100.50934448977854,-10.031336568399947]]]}},{"type":"Feature","properties":{"code":"35.24","name":"Lamongan","prov_name":"Jawa Timur","leafCount":125},"geometry":{"type":"Polygon","coordinates":[[[100.50934448977854,-8.567095590999948],[100.65506642250955,-8.567095590999948],[100.65506642250955,-8.404402149066614],[100.50934448977854,-8.404402149066614],[100.50934448977854,-8.567095590999948]]]}},{"type":"Feature","properties":{"code":"35.09","name":"Jember","prov_name":"Jawa Timur","leafCount":60},"geometry":{"type":"Polygon","coordinates":[[[103.86094894259183,-9.380562800666615],[104.00667087532284,-9.380562800666615],[104.00667087532284,-9.217869358733282],[103.86094894259183,-9.217869358733282],[103.86094894259183,-9.380562800666615]]]}},{"type":"Feature","properties":{"code":"35.01","name":"Pacitan","prov_name":"Jawa Timur","leafCount":45},"geometry":{"type":"Polygon","coordinates":[[[99.19784709519942,-2.8728251233332838],[99.34356902793043,-2.8728251233332838],[99.34356902793043,-2.7101316813999503],[99.19784709519942,-2.7101316813999503],[99.19784709519942,-2.8728251233332838]]]}},{"type":"Feature","properties":{"code":"35.27","name":"Sampang","prov_name":"Jawa Timur","leafCount":33},"geometry":{"type":"Polygon","coordinates":[[[104.5895586062469,-5.638613636199949],[104.7352805389779,-5.638613636199949],[104.7352805389779,-5.475920194266616],[104.5895586062469,-5.475920194266616],[104.5895586062469,-5.638613636199949]]]}},{"type":"Feature","properties":{"code":"35.02","name":"Ponorogo","prov_name":"Jawa Timur","leafCount":78},"geometry":{"type":"Polygon","coordinates":[[[99.48929096066145,-4.011679216866616],[99.63501289339246,-4.011679216866616],[99.63501289339246,-3.8489857749332828],[99.48929096066145,-3.8489857749332828],[99.48929096066145,-4.011679216866616]]]}},{"type":"Feature","properties":{"code":"35.19","name":"Madiun","prov_name":"Jawa Timur","leafCount":50},"geometry":{"type":"Polygon","coordinates":[[[99.19784709519942,-8.07901526519995],[99.34356902793043,-8.07901526519995],[99.34356902793043,-7.916321823266616],[99.19784709519942,-7.916321823266616],[99.19784709519942,-8.07901526519995]]]}},{"type":"Feature","properties":{"code":"35.06","name":"Kediri","prov_name":"Jawa Timur","leafCount":86},"geometry":{"type":"Polygon","coordinates":[[[101.82084188435765,-4.66245298459995],[101.96656381708866,-4.66245298459995],[101.96656381708866,-4.499759542666617],[101.82084188435765,-4.499759542666617],[101.82084188435765,-4.66245298459995]]]}},{"type":"Feature","properties":{"code":"35.08","name":"Lumajang","prov_name":"Jawa Timur","leafCount":58},"geometry":{"type":"Polygon","coordinates":[[[102.84089541347474,-9.380562800666615],[102.98661734620575,-9.380562800666615],[102.98661734620575,-9.217869358733282],[102.84089541347474,-9.217869358733282],[102.84089541347474,-9.380562800666615]]]}},{"type":"Feature","properties":{"code":"35.20","name":"Magetan","prov_name":"Jawa Timur","leafCount":65},"geometry":{"type":"Polygon","coordinates":[[[99.19784709519942,-6.7774677297332815],[99.34356902793043,-6.7774677297332815],[99.34356902793043,-6.614774287799948],[99.19784709519942,-6.614774287799948],[99.19784709519942,-6.7774677297332815]]]}},{"type":"Feature","properties":{"code":"35.22","name":"Bojonegoro","prov_name":"Jawa Timur","leafCount":118},"geometry":{"type":"Polygon","coordinates":[[[99.19784709519942,-8.567095590999948],[99.34356902793043,-8.567095590999948],[99.34356902793043,-8.404402149066614],[99.19784709519942,-8.404402149066614],[99.19784709519942,-8.567095590999948]]]}},{"type":"Feature","properties":{"code":"35.18","name":"Nganjuk","prov_name":"Jawa Timur","leafCount":62},"geometry":{"type":"Polygon","coordinates":[[[101.82084188435765,-3.1982120071999507],[101.96656381708866,-3.1982120071999507],[101.96656381708866,-3.0355185652666172],[101.82084188435765,-3.0355185652666172],[101.82084188435765,-3.1982120071999507]]]}},{"type":"Feature","properties":{"code":"35.16","name":"Mojokerto","prov_name":"Jawa Timur","leafCount":83},"geometry":{"type":"Polygon","coordinates":[[[103.71522700986083,-2.8728251233332838],[103.86094894259183,-2.8728251233332838],[103.86094894259183,-2.7101316813999503],[103.71522700986083,-2.7101316813999503],[103.71522700986083,-2.8728251233332838]]]}},{"type":"Feature","properties":{"code":"35.71","name":"Kota Kediri","prov_name":"Jawa Timur","leafCount":11},"geometry":{"type":"Polygon","coordinates":[[[101.82084188435765,-2.8728251233332838],[101.96656381708866,-2.8728251233332838],[101.96656381708866,-2.7101316813999503],[101.82084188435765,-2.7101316813999503],[101.82084188435765,-2.8728251233332838]]]}},{"type":"Feature","properties":{"code":"35.75","name":"Kota Pasuruan","prov_name":"Jawa Timur","leafCount":11},"geometry":{"type":"Polygon","coordinates":[[[104.7352805389779,-9.055175916799948],[104.88100247170891,-9.055175916799948],[104.88100247170891,-8.892482474866615],[104.7352805389779,-8.892482474866615],[104.7352805389779,-9.055175916799948]]]}},{"type":"Feature","properties":{"code":"35.03","name":"Trenggalek","prov_name":"Jawa Timur","leafCount":34},"geometry":{"type":"Polygon","coordinates":[[[99.48929096066145,-2.8728251233332838],[99.63501289339246,-2.8728251233332838],[99.63501289339246,-2.7101316813999503],[99.48929096066145,-2.7101316813999503],[99.48929096066145,-2.8728251233332838]]]}},{"type":"Feature","properties":{"code":"35.04","name":"Tulungagung","prov_name":"Jawa Timur","leafCount":56},"geometry":{"type":"Polygon","coordinates":[[[100.21790062431651,-2.8728251233332838],[100.36362255704752,-2.8728251233332838],[100.36362255704752,-2.7101316813999503],[100.21790062431651,-2.7101316813999503],[100.21790062431651,-2.8728251233332838]]]}},{"type":"Feature","properties":{"code":"35.21","name":"Ngawi","prov_name":"Jawa Timur","leafCount":61},"geometry":{"type":"Polygon","coordinates":[[[99.19784709519942,-7.428241497466615],[99.34356902793043,-7.428241497466615],[99.34356902793043,-7.265548055533282],[99.19784709519942,-7.265548055533282],[99.19784709519942,-7.428241497466615]]]}},{"type":"Feature","properties":{"code":"35.23","name":"Tuban","prov_name":"Jawa Timur","leafCount":76},"geometry":{"type":"Polygon","coordinates":[[[101.82084188435765,-6.7774677297332815],[101.96656381708866,-6.7774677297332815],[101.96656381708866,-6.614774287799948],[101.82084188435765,-6.614774287799948],[101.82084188435765,-6.7774677297332815]]]}},{"type":"Feature","properties":{"code":"35.79","name":"Kota Batu","prov_name":"Jawa Timur","leafCount":5},"geometry":{"type":"Polygon","coordinates":[[[101.09223222070258,-2.8728251233332838],[101.23795415343359,-2.8728251233332838],[101.23795415343359,-2.7101316813999503],[101.09223222070258,-2.7101316813999503],[101.09223222070258,-2.8728251233332838]]]}},{"type":"Feature","properties":{"code":"35.72","name":"Kota Blitar","prov_name":"Jawa Timur","leafCount":6},"geometry":{"type":"Polygon","coordinates":[[[100.65506642250955,-2.8728251233332838],[100.80078835524056,-2.8728251233332838],[100.80078835524056,-2.7101316813999503],[100.65506642250955,-2.7101316813999503],[100.65506642250955,-2.8728251233332838]]]}},{"type":"Feature","properties":{"code":"35.76","name":"Kota Mojokerto","prov_name":"Jawa Timur","leafCount":2},"geometry":{"type":"Polygon","coordinates":[[[102.84089541347474,-5.313226752333282],[102.98661734620575,-5.313226752333282],[102.98661734620575,-5.150533310399949],[102.84089541347474,-5.150533310399949],[102.84089541347474,-5.313226752333282]]]}},{"type":"Feature","properties":{"code":"35.07","name":"Malang","prov_name":"Jawa Timur","leafCount":94},"geometry":{"type":"Polygon","coordinates":[[[101.09223222070258,-3.5235988910666176],[101.23795415343359,-3.5235988910666176],[101.23795415343359,-3.360905449133284],[101.09223222070258,-3.360905449133284],[101.09223222070258,-3.5235988910666176]]]}},{"type":"Feature","properties":{"code":"35.74","name":"Kota Probolinggo","prov_name":"Jawa Timur","leafCount":6},"geometry":{"type":"Polygon","coordinates":[[[103.86094894259183,-7.102854613599948],[104.00667087532284,-7.102854613599948],[104.00667087532284,-6.940161171666615],[103.86094894259183,-6.940161171666615],[103.86094894259183,-7.102854613599948]]]}},{"type":"Feature","properties":{"code":"35.77","name":"Kota Madiun","prov_name":"Jawa Timur","leafCount":5},"geometry":{"type":"Polygon","coordinates":[[[101.52939801889563,-7.428241497466615],[101.67511995162664,-7.428241497466615],[101.67511995162664,-7.265548055533282],[101.52939801889563,-7.265548055533282],[101.52939801889563,-7.428241497466615]]]}},{"type":"Feature","properties":{"code":"35.73","name":"Kota Malang","prov_name":"Jawa Timur","leafCount":14},"geometry":{"type":"Polygon","coordinates":[[[101.09223222070258,-3.0355185652666172],[101.23795415343359,-3.0355185652666172],[101.23795415343359,-2.8728251233332838],[101.09223222070258,-2.8728251233332838],[101.09223222070258,-3.0355185652666172]]]}},{"type":"Feature","properties":{"code":"73.10","name":"Pangkajene Kepulauan","prov_name":"Sulawesi Selatan","leafCount":27},"geometry":{"type":"Polygon","coordinates":[[[134.31683288337348,-7.102854613599948],[134.4625548161045,-7.102854613599948],[134.4625548161045,-6.940161171666615],[134.31683288337348,-6.940161171666615],[134.31683288337348,-7.102854613599948]]]}},{"type":"Feature","properties":{"code":"73.01","name":"Kepulauan Selayar","prov_name":"Sulawesi Selatan","leafCount":16},"geometry":{"type":"Polygon","coordinates":[[[138.54276893257284,-8.567095590999948],[138.68849086530386,-8.567095590999948],[138.68849086530386,-8.404402149066614],[138.54276893257284,-8.404402149066614],[138.54276893257284,-8.567095590999948]]]}},{"type":"Feature","properties":{"code":"73.13","name":"Wajo","prov_name":"Sulawesi Selatan","leafCount":40},"geometry":{"type":"Polygon","coordinates":[[[129.65373103598108,-8.404402149066614],[129.7994529687121,-8.404402149066614],[129.7994529687121,-8.24170870713328],[129.65373103598108,-8.24170870713328],[129.65373103598108,-8.404402149066614]]]}},{"type":"Feature","properties":{"code":"73.05","name":"Takalar","prov_name":"Sulawesi Selatan","leafCount":34},"geometry":{"type":"Polygon","coordinates":[[[136.9398276725317,-7.102854613599948],[137.0855496052627,-7.102854613599948],[137.0855496052627,-6.940161171666615],[136.9398276725317,-6.940161171666615],[136.9398276725317,-7.102854613599948]]]}},{"type":"Feature","properties":{"code":"73.14","name":"Sidenreng Rappang","prov_name":"Sulawesi Selatan","leafCount":24},"geometry":{"type":"Polygon","coordinates":[[[140.145710192614,-7.102854613599948],[140.291432125345,-7.102854613599948],[140.291432125345,-6.940161171666615],[140.145710192614,-6.940161171666615],[140.145710192614,-7.102854613599948]]]}},{"type":"Feature","properties":{"code":"73.09","name":"Maros","prov_name":"Sulawesi Selatan","leafCount":29},"geometry":{"type":"Polygon","coordinates":[[[136.06549607614562,-7.102854613599948],[136.21121800887664,-7.102854613599948],[136.21121800887664,-6.940161171666615],[136.06549607614562,-6.940161171666615],[136.06549607614562,-7.102854613599948]]]}},{"type":"Feature","properties":{"code":"73.15","name":"Pinrang","prov_name":"Sulawesi Selatan","leafCount":31},"geometry":{"type":"Polygon","coordinates":[[[129.65373103598108,-7.916321823266616],[129.7994529687121,-7.916321823266616],[129.7994529687121,-7.753628381333282],[129.65373103598108,-7.753628381333282],[129.65373103598108,-7.916321823266616]]]}},{"type":"Feature","properties":{"code":"73.17","name":"Luwu","prov_name":"Sulawesi Selatan","leafCount":62},"geometry":{"type":"Polygon","coordinates":[[[137.52271540345575,-7.916321823266616],[137.66843733618677,-7.916321823266616],[137.66843733618677,-7.753628381333282],[137.52271540345575,-7.753628381333282],[137.52271540345575,-7.916321823266616]]]}},{"type":"Feature","properties":{"code":"73.07","name":"Sinjai","prov_name":"Sulawesi Selatan","leafCount":25},"geometry":{"type":"Polygon","coordinates":[[[130.9652284305602,-7.102854613599948],[131.1109503632912,-7.102854613599948],[131.1109503632912,-6.940161171666615],[130.9652284305602,-6.940161171666615],[130.9652284305602,-7.102854613599948]]]}},{"type":"Feature","properties":{"code":"73.04","name":"Jeneponto","prov_name":"Sulawesi Selatan","leafCount":28},"geometry":{"type":"Polygon","coordinates":[[[129.65373103598108,-7.102854613599948],[129.7994529687121,-7.102854613599948],[129.7994529687121,-6.940161171666615],[129.65373103598108,-6.940161171666615],[129.65373103598108,-7.102854613599948]]]}},{"type":"Feature","properties":{"code":"73.24","name":"Luwu Timur","prov_name":"Sulawesi Selatan","leafCount":28},"geometry":{"type":"Polygon","coordinates":[[[129.65373103598108,-8.567095590999948],[129.7994529687121,-8.567095590999948],[129.7994529687121,-8.404402149066614],[129.65373103598108,-8.404402149066614],[129.65373103598108,-8.567095590999948]]]}},{"type":"Feature","properties":{"code":"73.03","name":"Bantaeng","prov_name":"Sulawesi Selatan","leafCount":16},"geometry":{"type":"Polygon","coordinates":[[[130.52806263236715,-7.102854613599948],[130.67378456509817,-7.102854613599948],[130.67378456509817,-6.940161171666615],[130.52806263236715,-6.940161171666615],[130.52806263236715,-7.102854613599948]]]}},{"type":"Feature","properties":{"code":"73.22","name":"Luwu Utara","prov_name":"Sulawesi Selatan","leafCount":34},"geometry":{"type":"Polygon","coordinates":[[[135.7740522106836,-8.404402149066614],[135.91977414341463,-8.404402149066614],[135.91977414341463,-8.24170870713328],[135.7740522106836,-8.24170870713328],[135.7740522106836,-8.404402149066614]]]}},{"type":"Feature","properties":{"code":"73.02","name":"Bulukumba","prov_name":"Sulawesi Selatan","leafCount":33},"geometry":{"type":"Polygon","coordinates":[[[133.73394515244942,-8.567095590999948],[133.87966708518044,-8.567095590999948],[133.87966708518044,-8.404402149066614],[133.73394515244942,-8.404402149066614],[133.73394515244942,-8.567095590999948]]]}},{"type":"Feature","properties":{"code":"73.12","name":"Soppeng","prov_name":"Sulawesi Selatan","leafCount":19},"geometry":{"type":"Polygon","coordinates":[[[139.4171005289589,-7.102854613599948],[139.56282246168993,-7.102854613599948],[139.56282246168993,-6.940161171666615],[139.4171005289589,-6.940161171666615],[139.4171005289589,-7.102854613599948]]]}},{"type":"Feature","properties":{"code":"73.16","name":"Enrekang","prov_name":"Sulawesi Selatan","leafCount":29},"geometry":{"type":"Polygon","coordinates":[[[135.4826083452216,-7.916321823266616],[135.6283302779526,-7.916321823266616],[135.6283302779526,-7.753628381333282],[135.4826083452216,-7.753628381333282],[135.4826083452216,-7.916321823266616]]]}},{"type":"Feature","properties":{"code":"73.18","name":"Tana Toraja","prov_name":"Sulawesi Selatan","leafCount":44},"geometry":{"type":"Polygon","coordinates":[[[131.2566722960222,-7.916321823266616],[131.40239422875322,-7.916321823266616],[131.40239422875322,-7.753628381333282],[131.2566722960222,-7.753628381333282],[131.2566722960222,-7.916321823266616]]]}},{"type":"Feature","properties":{"code":"73.06","name":"Gowa","prov_name":"Sulawesi Selatan","leafCount":36},"geometry":{"type":"Polygon","coordinates":[[[137.95988120164878,-7.102854613599948],[138.1056031343798,-7.102854613599948],[138.1056031343798,-6.940161171666615],[137.95988120164878,-6.940161171666615],[137.95988120164878,-7.102854613599948]]]}},{"type":"Feature","properties":{"code":"73.11","name":"Barru","prov_name":"Sulawesi Selatan","leafCount":13},"geometry":{"type":"Polygon","coordinates":[[[138.97993473076588,-7.102854613599948],[139.1256566634969,-7.102854613599948],[139.1256566634969,-6.940161171666615],[138.97993473076588,-6.940161171666615],[138.97993473076588,-7.102854613599948]]]}},{"type":"Feature","properties":{"code":"73.71","name":"Kota Makassar","prov_name":"Sulawesi Selatan","leafCount":34},"geometry":{"type":"Polygon","coordinates":[[[135.04544254702853,-7.102854613599948],[135.19116447975955,-7.102854613599948],[135.19116447975955,-6.940161171666615],[135.04544254702853,-6.940161171666615],[135.04544254702853,-7.102854613599948]]]}},{"type":"Feature","properties":{"code":"73.72","name":"Kota Pare Pare","prov_name":"Sulawesi Selatan","leafCount":7},"geometry":{"type":"Polygon","coordinates":[[[139.99998825988297,-7.102854613599948],[140.145710192614,-7.102854613599948],[140.145710192614,-6.940161171666615],[139.99998825988297,-6.940161171666615],[139.99998825988297,-7.102854613599948]]]}},{"type":"Feature","properties":{"code":"73.73","name":"Kota Palopo","prov_name":"Sulawesi Selatan","leafCount":12},"geometry":{"type":"Polygon","coordinates":[[[136.9398276725317,-7.916321823266616],[137.0855496052627,-7.916321823266616],[137.0855496052627,-7.753628381333282],[136.9398276725317,-7.753628381333282],[136.9398276725317,-7.916321823266616]]]}},{"type":"Feature","properties":{"code":"73.26","name":"Toraja Utara","prov_name":"Sulawesi Selatan","leafCount":38},"geometry":{"type":"Polygon","coordinates":[[[133.58822321971843,-7.916321823266616],[133.73394515244945,-7.916321823266616],[133.73394515244945,-7.753628381333282],[133.58822321971843,-7.753628381333282],[133.58822321971843,-7.916321823266616]]]}},{"type":"Feature","properties":{"code":"73.08","name":"Bone","prov_name":"Sulawesi Selatan","leafCount":93},"geometry":{"type":"Polygon","coordinates":[[[131.69383809421527,-7.102854613599948],[131.8395600269463,-7.102854613599948],[131.8395600269463,-6.940161171666615],[131.69383809421527,-6.940161171666615],[131.69383809421527,-7.102854613599948]]]}},{"type":"Feature","properties":{"code":"13.09","name":"Kepulauan Mentawai","prov_name":"Sumatera Barat","leafCount":6},"geometry":{"type":"Polygon","coordinates":[[[94.97191104600006,-0.1070366104666183],[95.11763297873107,-0.1070366104666183],[95.11763297873107,0.05565683146671496],[94.97191104600006,0.05565683146671496],[94.97191104600006,-0.1070366104666183]]]}},{"type":"Feature","properties":{"code":"13.03","name":"Sijunjung","prov_name":"Sumatera Barat","leafCount":18},"geometry":{"type":"Polygon","coordinates":[[[112.16709910825955,0.21835027340004862],[112.31282104099056,0.21835027340004862],[112.31282104099056,0.3810437153333819],[112.16709910825955,0.3810437153333819],[112.16709910825955,0.21835027340004862]]]}},{"type":"Feature","properties":{"code":"13.02","name":"Solok","prov_name":"Sumatera Barat","leafCount":19},"geometry":{"type":"Polygon","coordinates":[[[106.48394373175006,0.21835027340004862],[106.62966566448107,0.21835027340004862],[106.62966566448107,0.3810437153333819],[106.48394373175006,0.3810437153333819],[106.48394373175006,0.21835027340004862]]]}},{"type":"Feature","properties":{"code":"13.01","name":"Pesisir Selatan","prov_name":"Sumatera Barat","leafCount":59},"geometry":{"type":"Polygon","coordinates":[[[106.48394373175006,0.055656831466715156],[106.62966566448107,0.055656831466715156],[106.62966566448107,0.21835027340004842],[106.48394373175006,0.21835027340004842],[106.48394373175006,0.055656831466715156]]]}},{"type":"Feature","properties":{"code":"13.77","name":"Kota Pariaman","prov_name":"Sumatera Barat","leafCount":19},"geometry":{"type":"Polygon","coordinates":[[[95.99196457511715,0.21835027340004862],[96.13768650784816,0.21835027340004862],[96.13768650784816,0.3810437153333819],[95.99196457511715,0.3810437153333819],[95.99196457511715,0.21835027340004862]]]}},{"type":"Feature","properties":{"code":"13.71","name":"Kota Padang","prov_name":"Sumatera Barat","leafCount":34},"geometry":{"type":"Polygon","coordinates":[[[96.86629617150322,-0.1070366104666183],[97.01201810423423,-0.1070366104666183],[97.01201810423423,0.05565683146671496],[96.86629617150322,0.05565683146671496],[96.86629617150322,-0.1070366104666183]]]}},{"type":"Feature","properties":{"code":"13.05","name":"Padang Pariaman","prov_name":"Sumatera Barat","leafCount":25},"geometry":{"type":"Polygon","coordinates":[[[99.19784709519942,0.21835027340004862],[99.34356902793043,0.21835027340004862],[99.34356902793043,0.3810437153333819],[99.19784709519942,0.3810437153333819],[99.19784709519942,0.21835027340004862]]]}},{"type":"Feature","properties":{"code":"13.76","name":"Kota Payakumbuh","prov_name":"Sumatera Barat","leafCount":11},"geometry":{"type":"Polygon","coordinates":[[[99.92645675885448,0.055656831466715156],[100.07217869158549,0.055656831466715156],[100.07217869158549,0.21835027340004842],[99.92645675885448,0.21835027340004842],[99.92645675885448,0.055656831466715156]]]}},{"type":"Feature","properties":{"code":"13.06","name":"Agam","prov_name":"Sumatera Barat","leafCount":20},"geometry":{"type":"Polygon","coordinates":[[[103.27806121166778,0.21835027340004862],[103.42378314439878,0.21835027340004862],[103.42378314439878,0.3810437153333819],[103.27806121166778,0.3810437153333819],[103.27806121166778,0.21835027340004862]]]}},{"type":"Feature","properties":{"code":"13.07","name":"Lima Puluh Kota","prov_name":"Sumatera Barat","leafCount":19},"geometry":{"type":"Polygon","coordinates":[[[96.28340844057918,0.055656831466715156],[96.42913037331019,0.055656831466715156],[96.42913037331019,0.21835027340004842],[96.28340844057918,0.21835027340004842],[96.28340844057918,0.055656831466715156]]]}},{"type":"Feature","properties":{"code":"13.04","name":"Tanah Datar","prov_name":"Sumatera Barat","leafCount":21},"geometry":{"type":"Polygon","coordinates":[[[101.96656381708867,0.055656831466715156],[102.11228574981968,0.055656831466715156],[102.11228574981968,0.21835027340004842],[101.96656381708867,0.21835027340004842],[101.96656381708867,0.055656831466715156]]]}},{"type":"Feature","properties":{"code":"13.08","name":"Pasaman","prov_name":"Sumatera Barat","leafCount":9},"geometry":{"type":"Polygon","coordinates":[[[95.11763297873107,0.21835027340004862],[95.26335491146207,0.21835027340004862],[95.26335491146207,0.3810437153333819],[95.11763297873107,0.3810437153333819],[95.11763297873107,0.21835027340004862]]]}},{"type":"Feature","properties":{"code":"13.73","name":"Kota Sawahlunto","prov_name":"Sumatera Barat","leafCount":7},"geometry":{"type":"Polygon","coordinates":[[[110.85560171368044,0.21835027340004862],[111.00132364641145,0.21835027340004862],[111.00132364641145,0.3810437153333819],[110.85560171368044,0.3810437153333819],[110.85560171368044,0.21835027340004862]]]}},{"type":"Feature","properties":{"code":"13.72","name":"Kota Solok","prov_name":"Sumatera Barat","leafCount":4},"geometry":{"type":"Polygon","coordinates":[[[110.12699205002538,0.21835027340004862],[110.27271398275639,0.21835027340004862],[110.27271398275639,0.3810437153333819],[110.12699205002538,0.3810437153333819],[110.12699205002538,0.21835027340004862]]]}},{"type":"Feature","properties":{"code":"13.11","name":"Solok Selatan","prov_name":"Sumatera Barat","leafCount":13},"geometry":{"type":"Polygon","coordinates":[[[106.48394373175006,-0.1070366104666183],[106.62966566448107,-0.1070366104666183],[106.62966566448107,0.05565683146671496],[106.48394373175006,0.05565683146671496],[106.48394373175006,-0.1070366104666183]]]}},{"type":"Feature","properties":{"code":"13.12","name":"Pasaman Barat","prov_name":"Sumatera Barat","leafCount":2},"geometry":{"type":"Polygon","coordinates":[[[94.97191104600006,0.21835027340004862],[95.11763297873107,0.21835027340004862],[95.11763297873107,0.3810437153333819],[94.97191104600006,0.3810437153333819],[94.97191104600006,0.21835027340004862]]]}},{"type":"Feature","properties":{"code":"13.10","name":"Dharmasraya","prov_name":"Sumatera Barat","leafCount":12},"geometry":{"type":"Polygon","coordinates":[[[115.66442549380386,0.21835027340004862],[115.81014742653487,0.21835027340004862],[115.81014742653487,0.3810437153333819],[115.66442549380386,0.3810437153333819],[115.66442549380386,0.21835027340004862]]]}},{"type":"Feature","properties":{"code":"13.75","name":"Kota Bukittinggi","prov_name":"Sumatera Barat","leafCount":2},"geometry":{"type":"Polygon","coordinates":[[[95.99196457511715,0.055656831466715156],[96.13768650784816,0.055656831466715156],[96.13768650784816,0.21835027340004842],[95.99196457511715,0.21835027340004842],[95.99196457511715,0.055656831466715156]]]}},{"type":"Feature","properties":{"code":"13.74","name":"Kota Padang Panjang","prov_name":"Sumatera Barat","leafCount":3},"geometry":{"type":"Polygon","coordinates":[[[105.901056000826,0.055656831466715156],[106.04677793355701,0.055656831466715156],[106.04677793355701,0.21835027340004842],[105.901056000826,0.21835027340004842],[105.901056000826,0.055656831466715156]]]}},{"type":"Feature","properties":{"code":"13.--","name":"13.--","prov_name":"Sumatera Barat","leafCount":1},"geometry":{"type":"Polygon","coordinates":[[[96.5748523060412,-0.1070366104666183],[96.7205742387722,-0.1070366104666183],[96.7205742387722,0.05565683146671496],[96.5748523060412,0.05565683146671496],[96.5748523060412,-0.1070366104666183]]]}},{"type":"Feature","properties":{"code":"15.02","name":"Merangin","prov_name":"Jambi","leafCount":51},"geometry":{"type":"Polygon","coordinates":[[[95.11763297873107,1.682591250800048],[95.26335491146207,1.682591250800048],[95.26335491146207,1.8452846927333812],[95.11763297873107,1.8452846927333812],[95.11763297873107,1.682591250800048]]]}},{"type":"Feature","properties":{"code":"15.03","name":"Sarolangun","prov_name":"Jambi","leafCount":32},"geometry":{"type":"Polygon","coordinates":[[[107.21255339540512,1.357204366933381],[107.35827532813613,1.357204366933381],[107.35827532813613,1.5198978088667143],[107.21255339540512,1.5198978088667143],[107.21255339540512,1.357204366933381]]]}},{"type":"Feature","properties":{"code":"15.05","name":"Muaro Jambi","prov_name":"Jambi","leafCount":37},"geometry":{"type":"Polygon","coordinates":[[[101.96656381708867,1.5198978088667146],[102.11228574981968,1.5198978088667146],[102.11228574981968,1.6825912508000478],[101.96656381708867,1.6825912508000478],[101.96656381708867,1.5198978088667146]]]}},{"type":"Feature","properties":{"code":"15.01","name":"Kerinci","prov_name":"Jambi","leafCount":85},"geometry":{"type":"Polygon","coordinates":[[[98.32351549881335,1.8452846927333806],[98.46923743154436,1.8452846927333806],[98.46923743154436,2.007978134666714],[98.32351549881335,2.007978134666714],[98.32351549881335,1.8452846927333806]]]}},{"type":"Feature","properties":{"code":"15.72","name":"Kota Sungai Penuh","prov_name":"Jambi","leafCount":19},"geometry":{"type":"Polygon","coordinates":[[[95.11763297873107,1.8452846927333806],[95.26335491146207,1.8452846927333806],[95.26335491146207,2.007978134666714],[95.11763297873107,2.007978134666714],[95.11763297873107,1.8452846927333806]]]}},{"type":"Feature","properties":{"code":"15.08","name":"Bungo","prov_name":"Jambi","leafCount":36},"geometry":{"type":"Polygon","coordinates":[[[105.31816826990196,1.682591250800048],[105.46389020263297,1.682591250800048],[105.46389020263297,1.8452846927333812],[105.31816826990196,1.8452846927333812],[105.31816826990196,1.682591250800048]]]}},{"type":"Feature","properties":{"code":"15.71","name":"Kota Jambi","prov_name":"Jambi","leafCount":20},"geometry":{"type":"Polygon","coordinates":[[[108.81549465544626,1.5198978088667146],[108.96121658817727,1.5198978088667146],[108.96121658817727,1.6825912508000478],[108.81549465544626,1.6825912508000478],[108.81549465544626,1.5198978088667146]]]}},{"type":"Feature","properties":{"code":"15.07","name":"Tanjung Jabung Timur","prov_name":"Jambi","leafCount":25},"geometry":{"type":"Polygon","coordinates":[[[99.78073482612348,1.5198978088667146],[99.92645675885448,1.5198978088667146],[99.92645675885448,1.6825912508000478],[99.78073482612348,1.6825912508000478],[99.78073482612348,1.5198978088667146]]]}},{"type":"Feature","properties":{"code":"15.04","name":"Batanghari","prov_name":"Jambi","leafCount":33},"geometry":{"type":"Polygon","coordinates":[[[101.96656381708867,1.357204366933381],[102.11228574981968,1.357204366933381],[102.11228574981968,1.5198978088667143],[101.96656381708867,1.5198978088667143],[101.96656381708867,1.357204366933381]]]}},{"type":"Feature","properties":{"code":"15.09","name":"Tebo","prov_name":"Jambi","leafCount":25},"geometry":{"type":"Polygon","coordinates":[[[95.11763297873107,1.5198978088667146],[95.26335491146207,1.5198978088667146],[95.26335491146207,1.6825912508000478],[95.11763297873107,1.6825912508000478],[95.11763297873107,1.5198978088667146]]]}},{"type":"Feature","properties":{"code":"15.06","name":"Tanjung Jabung Barat","prov_name":"Jambi","leafCount":30},"geometry":{"type":"Polygon","coordinates":[[[97.30346196969626,1.5198978088667146],[97.44918390242727,1.5198978088667146],[97.44918390242727,1.6825912508000478],[97.30346196969626,1.6825912508000478],[97.30346196969626,1.5198978088667146]]]}},{"type":"Feature","properties":{"code":"16.71","name":"Kota Palembang","prov_name":"Sumatera Selatan","leafCount":26},"geometry":{"type":"Polygon","coordinates":[[[105.755334068095,5.749927299133379],[105.901056000826,5.749927299133379],[105.901056000826,5.912620741066712],[105.755334068095,5.912620741066712],[105.755334068095,5.749927299133379]]]}},{"type":"Feature","properties":{"code":"16.08","name":"Ogan Komering Ulu Timur","prov_name":"Sumatera Selatan","leafCount":77},"geometry":{"type":"Polygon","coordinates":[[[106.19249986628803,3.9602994378667127],[106.33822179901904,3.9602994378667127],[106.33822179901904,4.122992879800046],[106.19249986628803,4.122992879800046],[106.19249986628803,3.9602994378667127]]]}},{"type":"Feature","properties":{"code":"16.03","name":"Muara Enim","prov_name":"Sumatera Selatan","leafCount":54},"geometry":{"type":"Polygon","coordinates":[[[101.82084188435765,2.9841387862667137],[101.96656381708866,2.9841387862667137],[101.96656381708866,3.146832228200047],[101.82084188435765,3.146832228200047],[101.82084188435765,2.9841387862667137]]]}},{"type":"Feature","properties":{"code":"16.07","name":"Banyuasin","prov_name":"Sumatera Selatan","leafCount":85},"geometry":{"type":"Polygon","coordinates":[[[103.86094894259183,5.2618469733333795],[104.00667087532284,5.2618469733333795],[104.00667087532284,5.424540415266713],[103.86094894259183,5.424540415266713],[103.86094894259183,5.2618469733333795]]]}},{"type":"Feature","properties":{"code":"16.04","name":"Lahat","prov_name":"Sumatera Selatan","leafCount":99},"geometry":{"type":"Polygon","coordinates":[[[100.21790062431651,5.099153531400046],[100.36362255704752,5.099153531400046],[100.36362255704752,5.2618469733333795],[100.21790062431651,5.2618469733333795],[100.21790062431651,5.099153531400046]]]}},{"type":"Feature","properties":{"code":"16.12","name":"Penukal Abab Lematang Ilir","prov_name":"Sumatera Selatan","leafCount":18},"geometry":{"type":"Polygon","coordinates":[[[103.86094894259183,5.5872338572000455],[104.00667087532284,5.5872338572000455],[104.00667087532284,5.749927299133379],[103.86094894259183,5.749927299133379],[103.86094894259183,5.5872338572000455]]]}},{"type":"Feature","properties":{"code":"16.11","name":"Empat Lawang","prov_name":"Sumatera Selatan","leafCount":42},"geometry":{"type":"Polygon","coordinates":[[[102.84089541347474,5.2618469733333795],[102.98661734620575,5.2618469733333795],[102.98661734620575,5.424540415266713],[102.84089541347474,5.424540415266713],[102.84089541347474,5.2618469733333795]]]}},{"type":"Feature","properties":{"code":"16.05","name":"Musi Rawas","prov_name":"Sumatera Selatan","leafCount":58},"geometry":{"type":"Polygon","coordinates":[[[100.50934448977854,3.9602994378667127],[100.65506642250955,3.9602994378667127],[100.65506642250955,4.122992879800046],[100.50934448977854,4.122992879800046],[100.50934448977854,3.9602994378667127]]]}},{"type":"Feature","properties":{"code":"16.06","name":"Musi Banyuasin","prov_name":"Sumatera Selatan","leafCount":58},"geometry":{"type":"Polygon","coordinates":[[[101.82084188435765,3.9602994378667127],[101.96656381708866,3.9602994378667127],[101.96656381708866,4.122992879800046],[101.82084188435765,4.122992879800046],[101.82084188435765,3.9602994378667127]]]}},{"type":"Feature","properties":{"code":"16.01","name":"Ogan Komering Ulu","prov_name":"Sumatera Selatan","leafCount":37},"geometry":{"type":"Polygon","coordinates":[[[105.46389020263297,3.9602994378667127],[105.60961213536397,3.9602994378667127],[105.60961213536397,4.122992879800046],[105.46389020263297,4.122992879800046],[105.46389020263297,3.9602994378667127]]]}},{"type":"Feature","properties":{"code":"16.72","name":"Kota Pagar Alam","prov_name":"Sumatera Selatan","leafCount":5},"geometry":{"type":"Polygon","coordinates":[[[100.21790062431651,5.2618469733333795],[100.36362255704752,5.2618469733333795],[100.36362255704752,5.424540415266713],[100.21790062431651,5.424540415266713],[100.21790062431651,5.2618469733333795]]]}},{"type":"Feature","properties":{"code":"16.02","name":"Ogan Komering Ilir","prov_name":"Sumatera Selatan","leafCount":90},"geometry":{"type":"Polygon","coordinates":[[[103.86094894259183,3.9602994378667127],[104.00667087532284,3.9602994378667127],[104.00667087532284,4.122992879800046],[103.86094894259183,4.122992879800046],[103.86094894259183,3.9602994378667127]]]}},{"type":"Feature","properties":{"code":"16.09","name":"Ogan Komering Ulu Selatan","prov_name":"Sumatera Selatan","leafCount":58},"geometry":{"type":"Polygon","coordinates":[[[100.21790062431651,5.749927299133379],[100.36362255704752,5.749927299133379],[100.36362255704752,5.912620741066712],[100.21790062431651,5.912620741066712],[100.21790062431651,5.749927299133379]]]}},{"type":"Feature","properties":{"code":"16.73","name":"Kota Lubuk Linggau","prov_name":"Sumatera Selatan","leafCount":14},"geometry":{"type":"Polygon","coordinates":[[[100.21790062431651,3.9602994378667127],[100.36362255704752,3.9602994378667127],[100.36362255704752,4.122992879800046],[100.21790062431651,4.122992879800046],[100.21790062431651,3.9602994378667127]]]}},{"type":"Feature","properties":{"code":"16.10","name":"Ogan Ilir","prov_name":"Sumatera Selatan","leafCount":50},"geometry":{"type":"Polygon","coordinates":[[[103.86094894259183,4.448379763666713],[104.00667087532284,4.448379763666713],[104.00667087532284,4.6110732056000465],[103.86094894259183,4.6110732056000465],[103.86094894259183,4.448379763666713]]]}},{"type":"Feature","properties":{"code":"16.13","name":"Musi Rawas Utara","prov_name":"Sumatera Selatan","leafCount":15},"geometry":{"type":"Polygon","coordinates":[[[100.21790062431651,2.4960584604667138],[100.36362255704752,2.4960584604667138],[100.36362255704752,2.658751902400047],[100.21790062431651,2.658751902400047],[100.21790062431651,2.4960584604667138]]]}},{"type":"Feature","properties":{"code":"16.74","name":"Kota Prabumulih","prov_name":"Sumatera Selatan","leafCount":9},"geometry":{"type":"Polygon","coordinates":[[[103.86094894259183,5.749927299133379],[104.00667087532284,5.749927299133379],[104.00667087532284,5.912620741066712],[103.86094894259183,5.912620741066712],[103.86094894259183,5.749927299133379]]]}},{"type":"Feature","properties":{"code":"18.02","name":"Lampung Tengah","prov_name":"Lampung","leafCount":68},"geometry":{"type":"Polygon","coordinates":[[[110.56415784821841,3.9602994378667127],[110.70987978094942,3.9602994378667127],[110.70987978094942,4.122992879800046],[110.56415784821841,4.122992879800046],[110.56415784821841,3.9602994378667127]]]}},{"type":"Feature","properties":{"code":"18.11","name":"Mesuji","prov_name":"Lampung","leafCount":29},"geometry":{"type":"Polygon","coordinates":[[[109.68982625183234,3.30952567013338],[109.83554818456335,3.30952567013338],[109.83554818456335,3.4722191120667136],[109.68982625183234,3.4722191120667136],[109.68982625183234,3.30952567013338]]]}},{"type":"Feature","properties":{"code":"18.10","name":"Pringsewu","prov_name":"Lampung","leafCount":37},"geometry":{"type":"Polygon","coordinates":[[[114.20720616649373,4.28568632173338],[114.35292809922474,4.28568632173338],[114.35292809922474,4.448379763666713],[114.20720616649373,4.448379763666713],[114.20720616649373,4.28568632173338]]]}},{"type":"Feature","properties":{"code":"18.01","name":"Lampung Selatan","prov_name":"Lampung","leafCount":75},"geometry":{"type":"Polygon","coordinates":[[[115.81014742653487,3.30952567013338],[115.95586935926588,3.30952567013338],[115.95586935926588,3.4722191120667136],[115.81014742653487,3.4722191120667136],[115.81014742653487,3.30952567013338]]]}},{"type":"Feature","properties":{"code":"18.12","name":"Tulang Bawang Barat","prov_name":"Lampung","leafCount":25},"geometry":{"type":"Polygon","coordinates":[[[109.68982625183234,4.28568632173338],[109.83554818456335,4.28568632173338],[109.83554818456335,4.448379763666713],[109.68982625183234,4.448379763666713],[109.68982625183234,4.28568632173338]]]}},{"type":"Feature","properties":{"code":"18.06","name":"Tanggamus","prov_name":"Lampung","leafCount":66},"geometry":{"type":"Polygon","coordinates":[[[113.18715263737664,4.28568632173338],[113.33287457010765,4.28568632173338],[113.33287457010765,4.448379763666713],[113.18715263737664,4.448379763666713],[113.18715263737664,4.28568632173338]]]}},{"type":"Feature","properties":{"code":"18.05","name":"Tulang Bawang","prov_name":"Lampung","leafCount":33},"geometry":{"type":"Polygon","coordinates":[[[110.56415784821841,4.28568632173338],[110.70987978094942,4.28568632173338],[110.70987978094942,4.448379763666713],[110.56415784821841,4.448379763666713],[110.56415784821841,4.28568632173338]]]}},{"type":"Feature","properties":{"code":"18.04","name":"Lampung Barat","prov_name":"Lampung","leafCount":37},"geometry":{"type":"Polygon","coordinates":[[[108.23260692452222,4.28568632173338],[108.37832885725322,4.28568632173338],[108.37832885725322,4.448379763666713],[108.23260692452222,4.448379763666713],[108.23260692452222,4.28568632173338]]]}},{"type":"Feature","properties":{"code":"18.09","name":"Pesawaran","prov_name":"Lampung","leafCount":36},"geometry":{"type":"Polygon","coordinates":[[[115.22725969561083,4.28568632173338],[115.37298162834183,4.28568632173338],[115.37298162834183,4.448379763666713],[115.22725969561083,4.448379763666713],[115.22725969561083,4.28568632173338]]]}},{"type":"Feature","properties":{"code":"18.08","name":"Way Kanan","prov_name":"Lampung","leafCount":59},"geometry":{"type":"Polygon","coordinates":[[[108.81549465544626,4.28568632173338],[108.96121658817727,4.28568632173338],[108.96121658817727,4.448379763666713],[108.81549465544626,4.448379763666713],[108.81549465544626,4.28568632173338]]]}},{"type":"Feature","properties":{"code":"18.07","name":"Lampung Timur","prov_name":"Lampung","leafCount":56},"geometry":{"type":"Polygon","coordinates":[[[115.81014742653487,4.28568632173338],[115.95586935926588,4.28568632173338],[115.95586935926588,4.448379763666713],[115.81014742653487,4.448379763666713],[115.81014742653487,4.28568632173338]]]}},{"type":"Feature","properties":{"code":"18.13","name":"Pesisir Barat","prov_name":"Lampung","leafCount":30},"geometry":{"type":"Polygon","coordinates":[[[107.79544112632917,4.28568632173338],[107.94116305906017,4.28568632173338],[107.94116305906017,4.448379763666713],[107.79544112632917,4.448379763666713],[107.79544112632917,4.28568632173338]]]}},{"type":"Feature","properties":{"code":"18.03","name":"Lampung Utara","prov_name":"Lampung","leafCount":65},"geometry":{"type":"Polygon","coordinates":[[[110.56415784821841,2.9841387862667137],[110.70987978094942,2.9841387862667137],[110.70987978094942,3.146832228200047],[110.56415784821841,3.146832228200047],[110.56415784821841,2.9841387862667137]]]}},{"type":"Feature","properties":{"code":"18.71","name":"Kota Bandar Lampung","prov_name":"Lampung","leafCount":34},"geometry":{"type":"Polygon","coordinates":[[[114.79009389741779,4.28568632173338],[114.9358158301488,4.28568632173338],[114.9358158301488,4.448379763666713],[114.79009389741779,4.448379763666713],[114.79009389741779,4.28568632173338]]]}},{"type":"Feature","properties":{"code":"18.72","name":"Kota Metro","prov_name":"Lampung","leafCount":8},"geometry":{"type":"Polygon","coordinates":[[[110.56415784821841,3.1468322282000467],[110.70987978094942,3.1468322282000467],[110.70987978094942,3.30952567013338],[110.56415784821841,3.30952567013338],[110.56415784821841,3.1468322282000467]]]}},{"type":"Feature","properties":{"code":"17.02","name":"Rejang Lebong","prov_name":"Bengkulu","leafCount":39},"geometry":{"type":"Polygon","coordinates":[[[112.16709910825955,5.749927299133379],[112.31282104099056,5.749927299133379],[112.31282104099056,5.912620741066712],[112.16709910825955,5.912620741066712],[112.16709910825955,5.749927299133379]]]}},{"type":"Feature","properties":{"code":"17.03","name":"Bengkulu Utara","prov_name":"Bengkulu","leafCount":46},"geometry":{"type":"Polygon","coordinates":[[[109.10693852090829,5.749927299133379],[109.2526604536393,5.749927299133379],[109.2526604536393,5.912620741066712],[109.10693852090829,5.912620741066712],[109.10693852090829,5.749927299133379]]]}},{"type":"Feature","properties":{"code":"17.06","name":"Muko Muko","prov_name":"Bengkulu","leafCount":22},"geometry":{"type":"Polygon","coordinates":[[[107.79544112632917,5.749927299133379],[107.94116305906017,5.749927299133379],[107.94116305906017,5.912620741066712],[107.79544112632917,5.912620741066712],[107.79544112632917,5.749927299133379]]]}},{"type":"Feature","properties":{"code":"17.04","name":"Kaur","prov_name":"Bengkulu","leafCount":52},"geometry":{"type":"Polygon","coordinates":[[[116.53875709018993,5.749927299133379],[116.68447902292094,5.749927299133379],[116.68447902292094,5.912620741066712],[116.53875709018993,5.912620741066712],[116.53875709018993,5.749927299133379]]]}},{"type":"Feature","properties":{"code":"17.05","name":"Seluma","prov_name":"Bengkulu","leafCount":52},"geometry":{"type":"Polygon","coordinates":[[[113.9157623010317,5.749927299133379],[114.06148423376271,5.749927299133379],[114.06148423376271,5.912620741066712],[113.9157623010317,5.912620741066712],[113.9157623010317,5.749927299133379]]]}},{"type":"Feature","properties":{"code":"17.07","name":"Lebong","prov_name":"Bengkulu","leafCount":28},"geometry":{"type":"Polygon","coordinates":[[[108.37832885725322,5.749927299133379],[108.52405078998423,5.749927299133379],[108.52405078998423,5.912620741066712],[108.37832885725322,5.912620741066712],[108.37832885725322,5.749927299133379]]]}},{"type":"Feature","properties":{"code":"17.71","name":"Kota Bengkulu","prov_name":"Bengkulu","leafCount":18},"geometry":{"type":"Polygon","coordinates":[[[110.41843591548741,5.099153531400046],[110.56415784821841,5.099153531400046],[110.56415784821841,5.2618469733333795],[110.41843591548741,5.2618469733333795],[110.41843591548741,5.099153531400046]]]}},{"type":"Feature","properties":{"code":"17.09","name":"Bengkulu Tengah","prov_name":"Bengkulu","leafCount":42},"geometry":{"type":"Polygon","coordinates":[[[110.41843591548741,5.749927299133379],[110.56415784821841,5.749927299133379],[110.56415784821841,5.912620741066712],[110.41843591548741,5.912620741066712],[110.41843591548741,5.749927299133379]]]}},{"type":"Feature","properties":{"code":"17.08","name":"Kepahiang","prov_name":"Bengkulu","leafCount":33},"geometry":{"type":"Polygon","coordinates":[[[112.16709910825955,5.099153531400046],[112.31282104099056,5.099153531400046],[112.31282104099056,5.2618469733333795],[112.16709910825955,5.2618469733333795],[112.16709910825955,5.099153531400046]]]}},{"type":"Feature","properties":{"code":"17.01","name":"Bengkulu Selatan","prov_name":"Bengkulu","leafCount":41},"geometry":{"type":"Polygon","coordinates":[[[115.37298162834183,5.749927299133379],[115.51870356107284,5.749927299133379],[115.51870356107284,5.912620741066712],[115.37298162834183,5.912620741066712],[115.37298162834183,5.749927299133379]]]}},{"type":"Feature","properties":{"code":"36.01","name":"Pandeglang","prov_name":"Banten","leafCount":76},"geometry":{"type":"Polygon","coordinates":[[[95.55479877692412,-2.8728251233332838],[95.70052070965512,-2.8728251233332838],[95.70052070965512,-2.7101316813999503],[95.55479877692412,-2.7101316813999503],[95.55479877692412,-2.8728251233332838]]]}},{"type":"Feature","properties":{"code":"36.04","name":"Serang","prov_name":"Banten","leafCount":79},"geometry":{"type":"Polygon","coordinates":[[[95.99196457511715,-3.8489857749332828],[96.13768650784816,-3.8489857749332828],[96.13768650784816,-3.6862923329999493],[95.99196457511715,-3.6862923329999493],[95.99196457511715,-3.8489857749332828]]]}},{"type":"Feature","properties":{"code":"36.02","name":"Lebak","prov_name":"Banten","leafCount":85},"geometry":{"type":"Polygon","coordinates":[[[95.11763297873107,-2.8728251233332838],[95.26335491146207,-2.8728251233332838],[95.26335491146207,-2.7101316813999503],[95.11763297873107,-2.7101316813999503],[95.11763297873107,-2.8728251233332838]]]}},{"type":"Feature","properties":{"code":"36.74","name":"Kota Tangerang Selatan","prov_name":"Banten","leafCount":14},"geometry":{"type":"Polygon","coordinates":[[[96.5748523060412,-6.940161171666615],[96.7205742387722,-6.940161171666615],[96.7205742387722,-6.7774677297332815],[96.5748523060412,-6.7774677297332815],[96.5748523060412,-6.940161171666615]]]}},{"type":"Feature","properties":{"code":"36.72","name":"Kota Cilegon","prov_name":"Banten","leafCount":6},"geometry":{"type":"Polygon","coordinates":[[[95.99196457511715,-2.8728251233332838],[96.13768650784816,-2.8728251233332838],[96.13768650784816,-2.7101316813999503],[95.99196457511715,-2.7101316813999503],[95.99196457511715,-2.8728251233332838]]]}},{"type":"Feature","properties":{"code":"36.03","name":"Tangerang","prov_name":"Banten","leafCount":72},"geometry":{"type":"Polygon","coordinates":[[[96.5748523060412,-2.8728251233332838],[96.7205742387722,-2.8728251233332838],[96.7205742387722,-2.7101316813999503],[96.5748523060412,-2.7101316813999503],[96.5748523060412,-2.8728251233332838]]]}},{"type":"Feature","properties":{"code":"36.73","name":"Kota Serang","prov_name":"Banten","leafCount":15},"geometry":{"type":"Polygon","coordinates":[[[95.99196457511715,-3.1982120071999507],[96.13768650784816,-3.1982120071999507],[96.13768650784816,-3.0355185652666172],[95.99196457511715,-3.0355185652666172],[95.99196457511715,-3.1982120071999507]]]}},{"type":"Feature","properties":{"code":"19.02","name":"Belitung","prov_name":"Kepulauan Bangka Belitung","leafCount":13},"geometry":{"type":"Polygon","coordinates":[[[115.51870356107284,1.5198978088667146],[115.66442549380385,1.5198978088667146],[115.66442549380385,1.6825912508000478],[115.51870356107284,1.6825912508000478],[115.51870356107284,1.5198978088667146]]]}},{"type":"Feature","properties":{"code":"19.04","name":"Bangka Tengah","prov_name":"Kepulauan Bangka Belitung","leafCount":12},"geometry":{"type":"Polygon","coordinates":[[[115.51870356107284,1.682591250800048],[115.66442549380385,1.682591250800048],[115.66442549380385,1.8452846927333812],[115.51870356107284,1.8452846927333812],[115.51870356107284,1.682591250800048]]]}},{"type":"Feature","properties":{"code":"19.06","name":"Belitung Timur","prov_name":"Kepulauan Bangka Belitung","leafCount":11},"geometry":{"type":"Polygon","coordinates":[[[116.83020095565196,1.5198978088667146],[116.97592288838297,1.5198978088667146],[116.97592288838297,1.6825912508000478],[116.83020095565196,1.6825912508000478],[116.83020095565196,1.5198978088667146]]]}},{"type":"Feature","properties":{"code":"19.03","name":"Bangka Selatan","prov_name":"Kepulauan Bangka Belitung","leafCount":9},"geometry":{"type":"Polygon","coordinates":[[[112.7499868391836,1.8452846927333806],[112.89570877191461,1.8452846927333806],[112.89570877191461,2.007978134666714],[112.7499868391836,2.007978134666714],[112.7499868391836,1.8452846927333806]]]}},{"type":"Feature","properties":{"code":"19.01","name":"Bangka","prov_name":"Kepulauan Bangka Belitung","leafCount":28},"geometry":{"type":"Polygon","coordinates":[[[112.7499868391836,1.5198978088667146],[112.89570877191461,1.5198978088667146],[112.89570877191461,1.6825912508000478],[112.7499868391836,1.6825912508000478],[112.7499868391836,1.5198978088667146]]]}},{"type":"Feature","properties":{"code":"19.05","name":"Bangka Barat","prov_name":"Kepulauan Bangka Belitung","leafCount":13},"geometry":{"type":"Polygon","coordinates":[[[112.7499868391836,1.682591250800048],[112.89570877191461,1.682591250800048],[112.89570877191461,1.8452846927333812],[112.7499868391836,1.8452846927333812],[112.7499868391836,1.682591250800048]]]}},{"type":"Feature","properties":{"code":"19.71","name":"Kota Pangkal Pinang","prov_name":"Kepulauan Bangka Belitung","leafCount":9},"geometry":{"type":"Polygon","coordinates":[[[115.51870356107284,1.8452846927333806],[115.66442549380385,1.8452846927333806],[115.66442549380385,2.007978134666714],[115.51870356107284,2.007978134666714],[115.51870356107284,1.8452846927333806]]]}},{"type":"Feature","properties":{"code":"31.75","name":"Kota Administrasi Jakarta Timur","prov_name":"DKI Jakarta","leafCount":12},"geometry":{"type":"Polygon","coordinates":[[[96.5748523060412,-8.404402149066614],[96.7205742387722,-8.404402149066614],[96.7205742387722,-8.24170870713328],[96.5748523060412,-8.24170870713328],[96.5748523060412,-8.404402149066614]]]}},{"type":"Feature","properties":{"code":"31.74","name":"Kota Administrasi Jakarta Selatan","prov_name":"DKI Jakarta","leafCount":17},"geometry":{"type":"Polygon","coordinates":[[[95.11763297873107,-8.24170870713328],[95.26335491146207,-8.24170870713328],[95.26335491146207,-8.079015265199947],[95.11763297873107,-8.079015265199947],[95.11763297873107,-8.24170870713328]]]}},{"type":"Feature","properties":{"code":"31.71","name":"Kota Administrasi Jakarta Pusat","prov_name":"DKI Jakarta","leafCount":15},"geometry":{"type":"Polygon","coordinates":[[[96.13768650784816,-8.24170870713328],[96.28340844057917,-8.24170870713328],[96.28340844057917,-8.079015265199947],[96.13768650784816,-8.079015265199947],[96.13768650784816,-8.24170870713328]]]}},{"type":"Feature","properties":{"code":"31.73","name":"Kota Administrasi Jakarta Barat","prov_name":"DKI Jakarta","leafCount":17},"geometry":{"type":"Polygon","coordinates":[[[95.70052070965512,-8.24170870713328],[95.84624264238613,-8.24170870713328],[95.84624264238613,-8.079015265199947],[95.70052070965512,-8.079015265199947],[95.70052070965512,-8.24170870713328]]]}},{"type":"Feature","properties":{"code":"31.72","name":"Kota Administrasi Jakarta Utara","prov_name":"DKI Jakarta","leafCount":4},"geometry":{"type":"Polygon","coordinates":[[[96.5748523060412,-8.24170870713328],[96.7205742387722,-8.24170870713328],[96.7205742387722,-8.079015265199947],[96.5748523060412,-8.079015265199947],[96.5748523060412,-8.24170870713328]]]}},{"type":"Feature","properties":{"code":"31.01","name":"Administrasi Kepulauan Seribu","prov_name":"DKI Jakarta","leafCount":1},"geometry":{"type":"Polygon","coordinates":[[[95.11763297873107,-8.07901526519995],[95.26335491146207,-8.07901526519995],[95.26335491146207,-7.916321823266616],[95.11763297873107,-7.916321823266616],[95.11763297873107,-8.07901526519995]]]}},{"type":"Feature","properties":{"code":"63.03","name":"Banjar","prov_name":"Kalimantan Selatan","leafCount":81},"geometry":{"type":"Polygon","coordinates":[[[97.30346196969626,5.424540415266713],[97.44918390242727,5.424540415266713],[97.44918390242727,5.587233857200046],[97.30346196969626,5.587233857200046],[97.30346196969626,5.424540415266713]]]}},{"type":"Feature","properties":{"code":"63.10","name":"Tanah Bumbu","prov_name":"Kalimantan Selatan","leafCount":36},"geometry":{"type":"Polygon","coordinates":[[[95.11763297873107,2.658751902400047],[95.26335491146207,2.658751902400047],[95.26335491146207,2.8214453443333807],[95.11763297873107,2.8214453443333807],[95.11763297873107,2.658751902400047]]]}},{"type":"Feature","properties":{"code":"63.71","name":"Kota Banjarmasin","prov_name":"Kalimantan Selatan","leafCount":13},"geometry":{"type":"Polygon","coordinates":[[[95.55479877692412,5.424540415266713],[95.70052070965512,5.424540415266713],[95.70052070965512,5.587233857200046],[95.55479877692412,5.587233857200046],[95.55479877692412,5.424540415266713]]]}},{"type":"Feature","properties":{"code":"63.07","name":"Hulu Sungai Tengah","prov_name":"Kalimantan Selatan","leafCount":44},"geometry":{"type":"Polygon","coordinates":[[[97.59490583515829,3.79760599593338],[97.7406277678893,3.79760599593338],[97.7406277678893,3.9602994378667136],[97.59490583515829,3.9602994378667136],[97.59490583515829,3.79760599593338]]]}},{"type":"Feature","properties":{"code":"63.06","name":"Hulu Sungai Selatan","prov_name":"Kalimantan Selatan","leafCount":39},"geometry":{"type":"Polygon","coordinates":[[[95.11763297873107,4.448379763666713],[95.26335491146207,4.448379763666713],[95.26335491146207,4.6110732056000465],[95.11763297873107,4.6110732056000465],[95.11763297873107,4.448379763666713]]]}},{"type":"Feature","properties":{"code":"63.01","name":"Tanah Laut","prov_name":"Kalimantan Selatan","leafCount":46},"geometry":{"type":"Polygon","coordinates":[[[95.11763297873107,5.749927299133379],[95.26335491146207,5.749927299133379],[95.26335491146207,5.912620741066712],[95.11763297873107,5.912620741066712],[95.11763297873107,5.749927299133379]]]}},{"type":"Feature","properties":{"code":"63.04","name":"Barito Kuala","prov_name":"Kalimantan Selatan","leafCount":50},"geometry":{"type":"Polygon","coordinates":[[[95.11763297873107,5.099153531400046],[95.26335491146207,5.099153531400046],[95.26335491146207,5.2618469733333795],[95.11763297873107,5.2618469733333795],[95.11763297873107,5.099153531400046]]]}},{"type":"Feature","properties":{"code":"63.05","name":"Tapin","prov_name":"Kalimantan Selatan","leafCount":26},"geometry":{"type":"Polygon","coordinates":[[[95.11763297873107,3.79760599593338],[95.26335491146207,3.79760599593338],[95.26335491146207,3.9602994378667136],[95.11763297873107,3.9602994378667136],[95.11763297873107,3.79760599593338]]]}},{"type":"Feature","properties":{"code":"63.08","name":"Hulu Sungai Utara","prov_name":"Kalimantan Selatan","leafCount":40},"geometry":{"type":"Polygon","coordinates":[[[97.59490583515829,4.448379763666713],[97.7406277678893,4.448379763666713],[97.7406277678893,4.6110732056000465],[97.59490583515829,4.6110732056000465],[97.59490583515829,4.448379763666713]]]}},{"type":"Feature","properties":{"code":"63.02","name":"Kotabaru","prov_name":"Kalimantan Selatan","leafCount":41},"geometry":{"type":"Polygon","coordinates":[[[97.30346196969626,2.658751902400047],[97.44918390242727,2.658751902400047],[97.44918390242727,2.8214453443333807],[97.30346196969626,2.8214453443333807],[97.30346196969626,2.658751902400047]]]}},{"type":"Feature","properties":{"code":"63.72","name":"Kota Banjarbaru","prov_name":"Kalimantan Selatan","leafCount":3},"geometry":{"type":"Polygon","coordinates":[[[95.11763297873107,5.424540415266713],[95.26335491146207,5.424540415266713],[95.26335491146207,5.587233857200046],[95.11763297873107,5.587233857200046],[95.11763297873107,5.424540415266713]]]}},{"type":"Feature","properties":{"code":"63.11","name":"Balangan","prov_name":"Kalimantan Selatan","leafCount":45},"geometry":{"type":"Polygon","coordinates":[[[95.11763297873107,3.30952567013338],[95.26335491146207,3.30952567013338],[95.26335491146207,3.4722191120667136],[95.11763297873107,3.4722191120667136],[95.11763297873107,3.30952567013338]]]}},{"type":"Feature","properties":{"code":"63.09","name":"Tabalong","prov_name":"Kalimantan Selatan","leafCount":38},"geometry":{"type":"Polygon","coordinates":[[[95.11763297873107,2.9841387862667137],[95.26335491146207,2.9841387862667137],[95.26335491146207,3.146832228200047],[95.11763297873107,3.146832228200047],[95.11763297873107,2.9841387862667137]]]}},{"type":"Feature","properties":{"code":"61.04","name":"Ketapang","prov_name":"Kalimantan Barat","leafCount":75},"geometry":{"type":"Polygon","coordinates":[[[130.67378456509817,5.749927299133379],[130.8195064978292,5.749927299133379],[130.8195064978292,5.912620741066712],[130.67378456509817,5.912620741066712],[130.67378456509817,5.749927299133379]]]}},{"type":"Feature","properties":{"code":"61.71","name":"Kota Pontianak","prov_name":"Kalimantan Barat","leafCount":7},"geometry":{"type":"Polygon","coordinates":[[[129.7994529687121,4.9364600894667126],[129.94517490144312,4.9364600894667126],[129.94517490144312,5.099153531400046],[129.7994529687121,5.099153531400046],[129.7994529687121,4.9364600894667126]]]}},{"type":"Feature","properties":{"code":"61.11","name":"Kayong Utara","prov_name":"Kalimantan Barat","leafCount":8},"geometry":{"type":"Polygon","coordinates":[[[129.7994529687121,5.5872338572000455],[129.94517490144312,5.5872338572000455],[129.94517490144312,5.749927299133379],[129.7994529687121,5.749927299133379],[129.7994529687121,5.5872338572000455]]]}},{"type":"Feature","properties":{"code":"61.08","name":"Landak","prov_name":"Kalimantan Barat","leafCount":31},"geometry":{"type":"Polygon","coordinates":[[[130.81950649782917,4.9364600894667126],[130.9652284305602,4.9364600894667126],[130.9652284305602,5.099153531400046],[130.81950649782917,5.099153531400046],[130.81950649782917,4.9364600894667126]]]}},{"type":"Feature","properties":{"code":"61.05","name":"Sintang","prov_name":"Kalimantan Barat","leafCount":100},"geometry":{"type":"Polygon","coordinates":[[[138.39704699984185,5.5872338572000455],[138.54276893257287,5.5872338572000455],[138.54276893257287,5.749927299133379],[138.39704699984185,5.749927299133379],[138.39704699984185,5.5872338572000455]]]}},{"type":"Feature","properties":{"code":"61.02","name":"Mempawah","prov_name":"Kalimantan Barat","leafCount":19},"geometry":{"type":"Polygon","coordinates":[[[131.83956002694626,4.9364600894667126],[131.98528195967728,4.9364600894667126],[131.98528195967728,5.099153531400046],[131.83956002694626,5.099153531400046],[131.83956002694626,4.9364600894667126]]]}},{"type":"Feature","properties":{"code":"61.01","name":"Sambas","prov_name":"Kalimantan Barat","leafCount":47},"geometry":{"type":"Polygon","coordinates":[[[133.00533548879437,4.9364600894667126],[133.1510574215254,4.9364600894667126],[133.1510574215254,5.099153531400046],[133.00533548879437,5.099153531400046],[133.00533548879437,4.9364600894667126]]]}},{"type":"Feature","properties":{"code":"61.72","name":"Kota Singkawang","prov_name":"Kalimantan Barat","leafCount":8},"geometry":{"type":"Polygon","coordinates":[[[131.69383809421527,4.122992879800046],[131.8395600269463,4.122992879800046],[131.8395600269463,4.28568632173338],[131.69383809421527,4.28568632173338],[131.69383809421527,4.122992879800046]]]}},{"type":"Feature","properties":{"code":"61.03","name":"Sanggau","prov_name":"Kalimantan Barat","leafCount":43},"geometry":{"type":"Polygon","coordinates":[[[135.4826083452216,5.5872338572000455],[135.6283302779526,5.5872338572000455],[135.6283302779526,5.749927299133379],[135.4826083452216,5.749927299133379],[135.4826083452216,5.5872338572000455]]]}},{"type":"Feature","properties":{"code":"61.07","name":"Bengkayang","prov_name":"Kalimantan Barat","leafCount":29},"geometry":{"type":"Polygon","coordinates":[[[134.4625548161045,4.9364600894667126],[134.60827674883552,4.9364600894667126],[134.60827674883552,5.099153531400046],[134.4625548161045,5.099153531400046],[134.4625548161045,4.9364600894667126]]]}},{"type":"Feature","properties":{"code":"61.06","name":"Kapuas Hulu","prov_name":"Kalimantan Barat","leafCount":64},"geometry":{"type":"Polygon","coordinates":[[[137.0855496052627,5.5872338572000455],[137.23127153799373,5.5872338572000455],[137.23127153799373,5.749927299133379],[137.0855496052627,5.749927299133379],[137.0855496052627,5.5872338572000455]]]}},{"type":"Feature","properties":{"code":"61.10","name":"Melawi","prov_name":"Kalimantan Barat","leafCount":35},"geometry":{"type":"Polygon","coordinates":[[[138.25132506711083,4.28568632173338],[138.39704699984185,4.28568632173338],[138.39704699984185,4.448379763666713],[138.25132506711083,4.448379763666713],[138.25132506711083,4.28568632173338]]]}},{"type":"Feature","properties":{"code":"61.09","name":"Sekadau","prov_name":"Kalimantan Barat","leafCount":24},"geometry":{"type":"Polygon","coordinates":[[[135.4826083452216,4.28568632173338],[135.6283302779526,4.28568632173338],[135.6283302779526,4.448379763666713],[135.4826083452216,4.448379763666713],[135.4826083452216,4.28568632173338]]]}},{"type":"Feature","properties":{"code":"61.12","name":"Kubu Raya","prov_name":"Kalimantan Barat","leafCount":22},"geometry":{"type":"Polygon","coordinates":[[[129.7994529687121,4.6110732056000465],[129.94517490144312,4.6110732056000465],[129.94517490144312,4.77376664753338],[129.7994529687121,4.77376664753338],[129.7994529687121,4.6110732056000465]]]}},{"type":"Feature","properties":{"code":"62.03","name":"Kapuas","prov_name":"Kalimantan Tengah","leafCount":54},"geometry":{"type":"Polygon","coordinates":[[[138.1056031343798,2.4960584604667138],[138.25132506711083,2.4960584604667138],[138.25132506711083,2.658751902400047],[138.1056031343798,2.658751902400047],[138.1056031343798,2.4960584604667138]]]}},{"type":"Feature","properties":{"code":"62.02","name":"Kotawaringin Timur","prov_name":"Kalimantan Tengah","leafCount":45},"geometry":{"type":"Polygon","coordinates":[[[132.56816969060134,2.4960584604667138],[132.71389162333236,2.4960584604667138],[132.71389162333236,2.658751902400047],[132.56816969060134,2.658751902400047],[132.56816969060134,2.4960584604667138]]]}},{"type":"Feature","properties":{"code":"62.11","name":"Pulang Pisau","prov_name":"Kalimantan Tengah","leafCount":22},"geometry":{"type":"Polygon","coordinates":[[[135.33688641249057,2.4960584604667138],[135.4826083452216,2.4960584604667138],[135.4826083452216,2.658751902400047],[135.33688641249057,2.658751902400047],[135.33688641249057,2.4960584604667138]]]}},{"type":"Feature","properties":{"code":"62.07","name":"Seruyan","prov_name":"Kalimantan Tengah","leafCount":23},"geometry":{"type":"Polygon","coordinates":[[[132.56816969060134,2.007978134666714],[132.71389162333236,2.007978134666714],[132.71389162333236,2.1706715766000473],[132.56816969060134,2.1706715766000473],[132.56816969060134,2.007978134666714]]]}},{"type":"Feature","properties":{"code":"62.01","name":"Kotawaringin Barat","prov_name":"Kalimantan Tengah","leafCount":14},"geometry":{"type":"Polygon","coordinates":[[[129.65373103598108,2.4960584604667138],[129.7994529687121,2.4960584604667138],[129.7994529687121,2.658751902400047],[129.65373103598108,2.658751902400047],[129.65373103598108,2.4960584604667138]]]}},{"type":"Feature","properties":{"code":"62.06","name":"Katingan","prov_name":"Kalimantan Tengah","leafCount":41},"geometry":{"type":"Polygon","coordinates":[[[129.65373103598108,3.30952567013338],[129.7994529687121,3.30952567013338],[129.7994529687121,3.4722191120667136],[129.65373103598108,3.4722191120667136],[129.65373103598108,3.30952567013338]]]}},{"type":"Feature","properties":{"code":"62.08","name":"Sukamara","prov_name":"Kalimantan Tengah","leafCount":9},"geometry":{"type":"Polygon","coordinates":[[[129.65373103598108,2.007978134666714],[129.7994529687121,2.007978134666714],[129.7994529687121,2.1706715766000473],[129.65373103598108,2.1706715766000473],[129.65373103598108,2.007978134666714]]]}},{"type":"Feature","properties":{"code":"62.09","name":"Lamandau","prov_name":"Kalimantan Tengah","leafCount":17},"geometry":{"type":"Polygon","coordinates":[[[131.54811616148424,3.30952567013338],[131.69383809421527,3.30952567013338],[131.69383809421527,3.4722191120667136],[131.54811616148424,3.4722191120667136],[131.54811616148424,3.30952567013338]]]}},{"type":"Feature","properties":{"code":"62.04","name":"Barito Selatan","prov_name":"Kalimantan Tengah","leafCount":21},"geometry":{"type":"Polygon","coordinates":[[[135.33688641249057,3.30952567013338],[135.4826083452216,3.30952567013338],[135.4826083452216,3.4722191120667136],[135.33688641249057,3.4722191120667136],[135.33688641249057,3.30952567013338]]]}},{"type":"Feature","properties":{"code":"62.12","name":"Murung Raya","prov_name":"Kalimantan Tengah","leafCount":29},"geometry":{"type":"Polygon","coordinates":[[[132.42244775787032,2.8214453443333802],[132.56816969060134,2.8214453443333802],[132.56816969060134,2.9841387862667137],[132.42244775787032,2.9841387862667137],[132.42244775787032,2.8214453443333802]]]}},{"type":"Feature","properties":{"code":"62.10","name":"Gunung Mas","prov_name":"Kalimantan Tengah","leafCount":35},"geometry":{"type":"Polygon","coordinates":[[[132.42244775787032,3.30952567013338],[132.56816969060134,3.30952567013338],[132.56816969060134,3.4722191120667136],[132.42244775787032,3.4722191120667136],[132.42244775787032,3.30952567013338]]]}},{"type":"Feature","properties":{"code":"62.05","name":"Barito Utara","prov_name":"Kalimantan Tengah","leafCount":29},"geometry":{"type":"Polygon","coordinates":[[[135.33688641249057,2.8214453443333802],[135.4826083452216,2.8214453443333802],[135.4826083452216,2.9841387862667137],[135.33688641249057,2.9841387862667137],[135.33688641249057,2.8214453443333802]]]}},{"type":"Feature","properties":{"code":"62.13","name":"Barito Timur","prov_name":"Kalimantan Tengah","leafCount":23},"geometry":{"type":"Polygon","coordinates":[[[138.1056031343798,3.30952567013338],[138.25132506711083,3.30952567013338],[138.25132506711083,3.4722191120667136],[138.1056031343798,3.4722191120667136],[138.1056031343798,3.30952567013338]]]}},{"type":"Feature","properties":{"code":"62.71","name":"Kota Palangkaraya","prov_name":"Kalimantan Tengah","leafCount":6},"geometry":{"type":"Polygon","coordinates":[[[135.33688641249057,2.007978134666714],[135.4826083452216,2.007978134666714],[135.4826083452216,2.1706715766000473],[135.33688641249057,2.1706715766000473],[135.33688641249057,2.007978134666714]]]}},{"type":"Feature","properties":{"code":"81.08","name":"Maluku Barat Daya","prov_name":"Maluku","leafCount":29},"geometry":{"type":"Polygon","coordinates":[[[127.32218011228487,-2.8728251233332838],[127.46790204501588,-2.8728251233332838],[127.46790204501588,-2.7101316813999503],[127.32218011228487,-2.7101316813999503],[127.32218011228487,-2.8728251233332838]]]}},{"type":"Feature","properties":{"code":"81.03","name":"Kepulauan Tanimbar","prov_name":"Maluku","leafCount":22},"geometry":{"type":"Polygon","coordinates":[[[128.633677506864,-5.964000520066616],[128.779399439595,-5.964000520066616],[128.779399439595,-5.8013070781332825],[128.633677506864,-5.8013070781332825],[128.633677506864,-5.964000520066616]]]}},{"type":"Feature","properties":{"code":"81.05","name":"Seram Bagian Timur","prov_name":"Maluku","leafCount":58},"geometry":{"type":"Polygon","coordinates":[[[128.34223364140195,-2.8728251233332838],[128.48795557413297,-2.8728251233332838],[128.48795557413297,-2.7101316813999503],[128.34223364140195,-2.7101316813999503],[128.34223364140195,-2.8728251233332838]]]}},{"type":"Feature","properties":{"code":"81.09","name":"Buru Selatan","prov_name":"Maluku","leafCount":27},"geometry":{"type":"Polygon","coordinates":[[[127.32218011228487,-3.686292332999951],[127.46790204501588,-3.686292332999951],[127.46790204501588,-3.5235988910666176],[127.32218011228487,-3.5235988910666176],[127.32218011228487,-3.686292332999951]]]}},{"type":"Feature","properties":{"code":"81.01","name":"Maluku Tengah","prov_name":"Maluku","leafCount":40},"geometry":{"type":"Polygon","coordinates":[[[127.75934591047792,-4.987839868466617],[127.90506784320893,-4.987839868466617],[127.90506784320893,-4.8251464265332835],[127.75934591047792,-4.8251464265332835],[127.75934591047792,-4.987839868466617]]]}},{"type":"Feature","properties":{"code":"81.06","name":"Seram Bagian Barat","prov_name":"Maluku","leafCount":18},"geometry":{"type":"Polygon","coordinates":[[[127.32218011228487,-4.987839868466617],[127.46790204501588,-4.987839868466617],[127.46790204501588,-4.8251464265332835],[127.32218011228487,-4.8251464265332835],[127.32218011228487,-4.987839868466617]]]}},{"type":"Feature","properties":{"code":"81.04","name":"Buru","prov_name":"Maluku","leafCount":25},"geometry":{"type":"Polygon","coordinates":[[[127.32218011228487,-4.337066100733283],[127.46790204501588,-4.337066100733283],[127.46790204501588,-4.17437265879995],[127.32218011228487,-4.17437265879995],[127.32218011228487,-4.337066100733283]]]}},{"type":"Feature","properties":{"code":"81.71","name":"Kota Ambon","prov_name":"Maluku","leafCount":11},"geometry":{"type":"Polygon","coordinates":[[[127.32218011228487,-6.126693961999949],[127.46790204501588,-6.126693961999949],[127.46790204501588,-5.964000520066616],[127.32218011228487,-5.964000520066616],[127.32218011228487,-6.126693961999949]]]}},{"type":"Feature","properties":{"code":"81.02","name":"Maluku Tenggara","prov_name":"Maluku","leafCount":42},"geometry":{"type":"Polygon","coordinates":[[[128.34223364140195,-4.987839868466617],[128.48795557413297,-4.987839868466617],[128.48795557413297,-4.8251464265332835],[128.34223364140195,-4.8251464265332835],[128.34223364140195,-4.987839868466617]]]}},{"type":"Feature","properties":{"code":"81.07","name":"Kepulauan Aru","prov_name":"Maluku","leafCount":28},"geometry":{"type":"Polygon","coordinates":[[[128.34223364140195,-4.337066100733283],[128.48795557413297,-4.337066100733283],[128.48795557413297,-4.17437265879995],[128.34223364140195,-4.17437265879995],[128.34223364140195,-4.337066100733283]]]}},{"type":"Feature","properties":{"code":"81.72","name":"Kota Tual","prov_name":"Maluku","leafCount":8},"geometry":{"type":"Polygon","coordinates":[[[128.34223364140195,-5.964000520066616],[128.48795557413297,-5.964000520066616],[128.48795557413297,-5.8013070781332825],[128.34223364140195,-5.8013070781332825],[128.34223364140195,-5.964000520066616]]]}},{"type":"Feature","properties":{"code":"53.05","name":"Alor","prov_name":"Nusa Tenggara Timur","leafCount":39},"geometry":{"type":"Polygon","coordinates":[[[135.4826083452216,-10.19403001033328],[135.6283302779526,-10.19403001033328],[135.6283302779526,-10.031336568399947],[135.4826083452216,-10.031336568399947],[135.4826083452216,-10.19403001033328]]]}},{"type":"Feature","properties":{"code":"53.08","name":"Ende","prov_name":"Nusa Tenggara Timur","leafCount":65},"geometry":{"type":"Polygon","coordinates":[[[138.1056031343798,-9.380562800666615],[138.25132506711083,-9.380562800666615],[138.25132506711083,-9.217869358733282],[138.1056031343798,-9.217869358733282],[138.1056031343798,-9.380562800666615]]]}},{"type":"Feature","properties":{"code":"53.16","name":"Nagekeo","prov_name":"Nusa Tenggara Timur","leafCount":22},"geometry":{"type":"Polygon","coordinates":[[[137.23127153799373,-9.380562800666615],[137.37699347072476,-9.380562800666615],[137.37699347072476,-9.217869358733282],[137.23127153799373,-9.217869358733282],[137.23127153799373,-9.380562800666615]]]}},{"type":"Feature","properties":{"code":"53.07","name":"Sikka","prov_name":"Nusa Tenggara Timur","leafCount":38},"geometry":{"type":"Polygon","coordinates":[[[129.65373103598108,-10.031336568399947],[129.7994529687121,-10.031336568399947],[129.7994529687121,-9.868643126466614],[129.65373103598108,-9.868643126466614],[129.65373103598108,-10.031336568399947]]]}},{"type":"Feature","properties":{"code":"53.03","name":"Timor Tengah Utara","prov_name":"Nusa Tenggara Timur","leafCount":50},"geometry":{"type":"Polygon","coordinates":[[[129.65373103598108,-10.519416894199948],[129.7994529687121,-10.519416894199948],[129.7994529687121,-10.356723452266614],[129.65373103598108,-10.356723452266614],[129.65373103598108,-10.519416894199948]]]}},{"type":"Feature","properties":{"code":"53.71","name":"Kota Kupang","prov_name":"Nusa Tenggara Timur","leafCount":9},"geometry":{"type":"Polygon","coordinates":[[[140.437154058076,-10.519416894199948],[140.58287599080703,-10.519416894199948],[140.58287599080703,-10.356723452266614],[140.437154058076,-10.356723452266614],[140.437154058076,-10.519416894199948]]]}},{"type":"Feature","properties":{"code":"53.01","name":"Kupang","prov_name":"Nusa Tenggara Timur","leafCount":45},"geometry":{"type":"Polygon","coordinates":[[[137.0855496052627,-10.519416894199948],[137.23127153799373,-10.519416894199948],[137.23127153799373,-10.356723452266614],[137.0855496052627,-10.356723452266614],[137.0855496052627,-10.519416894199948]]]}},{"type":"Feature","properties":{"code":"53.13","name":"Lembata","prov_name":"Nusa Tenggara Timur","leafCount":36},"geometry":{"type":"Polygon","coordinates":[[[135.4826083452216,-10.031336568399947],[135.6283302779526,-10.031336568399947],[135.6283302779526,-9.868643126466614],[135.4826083452216,-9.868643126466614],[135.4826083452216,-10.031336568399947]]]}},{"type":"Feature","properties":{"code":"53.21","name":"Malaka","prov_name":"Nusa Tenggara Timur","leafCount":30},"geometry":{"type":"Polygon","coordinates":[[[132.13100389240827,-10.519416894199948],[132.2767258251393,-10.519416894199948],[132.2767258251393,-10.356723452266614],[132.13100389240827,-10.356723452266614],[132.13100389240827,-10.519416894199948]]]}},{"type":"Feature","properties":{"code":"53.18","name":"Sumba Barat Daya","prov_name":"Nusa Tenggara Timur","leafCount":60},"geometry":{"type":"Polygon","coordinates":[[[134.02538901791144,-9.055175916799948],[134.17111095064246,-9.055175916799948],[134.17111095064246,-8.892482474866615],[134.02538901791144,-8.892482474866615],[134.02538901791144,-9.055175916799948]]]}},{"type":"Feature","properties":{"code":"53.19","name":"Manggarai Timur","prov_name":"Nusa Tenggara Timur","leafCount":55},"geometry":{"type":"Polygon","coordinates":[[[133.00533548879437,-9.380562800666615],[133.1510574215254,-9.380562800666615],[133.1510574215254,-9.217869358733282],[133.00533548879437,-9.217869358733282],[133.00533548879437,-9.380562800666615]]]}},{"type":"Feature","properties":{"code":"53.09","name":"Ngada","prov_name":"Nusa Tenggara Timur","leafCount":44},"geometry":{"type":"Polygon","coordinates":[[[135.33688641249057,-9.380562800666615],[135.4826083452216,-9.380562800666615],[135.4826083452216,-9.217869358733282],[135.33688641249057,-9.217869358733282],[135.33688641249057,-9.380562800666615]]]}},{"type":"Feature","properties":{"code":"53.04","name":"Belu","prov_name":"Nusa Tenggara Timur","leafCount":16},"geometry":{"type":"Polygon","coordinates":[[[139.27137859622792,-10.19403001033328],[139.41710052895894,-10.19403001033328],[139.41710052895894,-10.031336568399947],[139.27137859622792,-10.031336568399947],[139.27137859622792,-10.19403001033328]]]}},{"type":"Feature","properties":{"code":"53.06","name":"Flores Timur","prov_name":"Nusa Tenggara Timur","leafCount":60},"geometry":{"type":"Polygon","coordinates":[[[131.98528195967728,-10.031336568399947],[132.1310038924083,-10.031336568399947],[132.1310038924083,-9.868643126466614],[131.98528195967728,-9.868643126466614],[131.98528195967728,-10.031336568399947]]]}},{"type":"Feature","properties":{"code":"53.02","name":"Timor Tengah Selatan","prov_name":"Nusa Tenggara Timur","leafCount":72},"geometry":{"type":"Polygon","coordinates":[[[133.58822321971843,-10.519416894199948],[133.73394515244945,-10.519416894199948],[133.73394515244945,-10.356723452266614],[133.58822321971843,-10.356723452266614],[133.58822321971843,-10.519416894199948]]]}},{"type":"Feature","properties":{"code":"53.10","name":"Manggarai","prov_name":"Nusa Tenggara Timur","leafCount":44},"geometry":{"type":"Polygon","coordinates":[[[131.1109503632912,-9.380562800666615],[131.25667229602223,-9.380562800666615],[131.25667229602223,-9.217869358733282],[131.1109503632912,-9.217869358733282],[131.1109503632912,-9.380562800666615]]]}},{"type":"Feature","properties":{"code":"53.15","name":"Manggarai Barat","prov_name":"Nusa Tenggara Timur","leafCount":35},"geometry":{"type":"Polygon","coordinates":[[[129.65373103598108,-9.380562800666615],[129.7994529687121,-9.380562800666615],[129.7994529687121,-9.217869358733282],[129.65373103598108,-9.217869358733282],[129.65373103598108,-9.380562800666615]]]}},{"type":"Feature","properties":{"code":"53.14","name":"Rote Ndao","prov_name":"Nusa Tenggara Timur","leafCount":25},"geometry":{"type":"Polygon","coordinates":[[[139.27137859622792,-10.519416894199948],[139.41710052895894,-10.519416894199948],[139.41710052895894,-10.356723452266614],[139.27137859622792,-10.356723452266614],[139.27137859622792,-10.519416894199948]]]}},{"type":"Feature","properties":{"code":"53.20","name":"Sabu Raijua","prov_name":"Nusa Tenggara Timur","leafCount":16},"geometry":{"type":"Polygon","coordinates":[[[129.65373103598108,-9.055175916799948],[129.7994529687121,-9.055175916799948],[129.7994529687121,-8.892482474866615],[129.65373103598108,-8.892482474866615],[129.65373103598108,-9.055175916799948]]]}},{"type":"Feature","properties":{"code":"53.11","name":"Sumba Timur","prov_name":"Nusa Tenggara Timur","leafCount":44},"geometry":{"type":"Polygon","coordinates":[[[130.81950649782917,-9.055175916799948],[130.9652284305602,-9.055175916799948],[130.9652284305602,-8.892482474866615],[130.81950649782917,-8.892482474866615],[130.81950649782917,-9.055175916799948]]]}},{"type":"Feature","properties":{"code":"53.12","name":"Sumba Barat","prov_name":"Nusa Tenggara Timur","leafCount":15},"geometry":{"type":"Polygon","coordinates":[[[139.70854439442095,-9.055175916799948],[139.85426632715198,-9.055175916799948],[139.85426632715198,-8.892482474866615],[139.70854439442095,-8.892482474866615],[139.70854439442095,-9.055175916799948]]]}},{"type":"Feature","properties":{"code":"53.17","name":"Sumba Tengah","prov_name":"Nusa Tenggara Timur","leafCount":18},"geometry":{"type":"Polygon","coordinates":[[[138.39704699984185,-9.055175916799948],[138.54276893257287,-9.055175916799948],[138.54276893257287,-8.892482474866615],[138.39704699984185,-8.892482474866615],[138.39704699984185,-9.055175916799948]]]}},{"type":"Feature","properties":{"code":"91.01","name":"Merauke","prov_name":"Papua Pegunungan","leafCount":45},"geometry":{"type":"Polygon","coordinates":[[[125.57351691951271,-5.964000520066616],[125.71923885224372,-5.964000520066616],[125.71923885224372,-5.8013070781332825],[125.57351691951271,-5.8013070781332825],[125.57351691951271,-5.964000520066616]]]}},{"type":"Feature","properties":{"code":"91.17","name":"Mappi","prov_name":"Papua Pegunungan","leafCount":51},"geometry":{"type":"Polygon","coordinates":[[[123.97057565947158,-5.964000520066616],[124.11629759220259,-5.964000520066616],[124.11629759220259,-5.8013070781332825],[123.97057565947158,-5.8013070781332825],[123.97057565947158,-5.964000520066616]]]}},{"type":"Feature","properties":{"code":"91.08","name":"Paniai","prov_name":"Papua Pegunungan","leafCount":63},"geometry":{"type":"Polygon","coordinates":[[[119.01602994661715,-3.1982120071999507],[119.16175187934816,-3.1982120071999507],[119.16175187934816,-3.0355185652666172],[119.01602994661715,-3.0355185652666172],[119.01602994661715,-3.1982120071999507]]]}},{"type":"Feature","properties":{"code":"91.71","name":"Kota Jayapura","prov_name":"Papua Pegunungan","leafCount":12},"geometry":{"type":"Polygon","coordinates":[[[125.86496078497474,-3.686292332999951],[126.01068271770575,-3.686292332999951],[126.01068271770575,-3.5235988910666176],[125.86496078497474,-3.5235988910666176],[125.86496078497474,-3.686292332999951]]]}},{"type":"Feature","properties":{"code":"91.12","name":"Pegunungan Bintang","prov_name":"Papua Pegunungan","leafCount":68},"geometry":{"type":"Polygon","coordinates":[[[122.51335633216145,-4.66245298459995],[122.65907826489246,-4.66245298459995],[122.65907826489246,-4.499759542666617],[122.51335633216145,-4.499759542666617],[122.51335633216145,-4.66245298459995]]]}},{"type":"Feature","properties":{"code":"91.02","name":"Jayawijaya","prov_name":"Papua Pegunungan","leafCount":79},"geometry":{"type":"Polygon","coordinates":[[[123.67913179400955,-2.8728251233332838],[123.82485372674056,-2.8728251233332838],[123.82485372674056,-2.7101316813999503],[123.67913179400955,-2.7101316813999503],[123.67913179400955,-2.8728251233332838]]]}},{"type":"Feature","properties":{"code":"91.07","name":"Puncak Jaya","prov_name":"Papua Pegunungan","leafCount":75},"geometry":{"type":"Polygon","coordinates":[[[120.32752734119626,-4.499759542666617],[120.47324927392727,-4.499759542666617],[120.47324927392727,-4.337066100733283],[120.32752734119626,-4.337066100733283],[120.32752734119626,-4.499759542666617]]]}},{"type":"Feature","properties":{"code":"91.14","name":"Tolikara","prov_name":"Papua Pegunungan","leafCount":134},"geometry":{"type":"Polygon","coordinates":[[[121.63902473577538,-2.8728251233332838],[121.78474666850639,-2.8728251233332838],[121.78474666850639,-2.7101316813999503],[121.63902473577538,-2.7101316813999503],[121.63902473577538,-2.8728251233332838]]]}},{"type":"Feature","properties":{"code":"91.25","name":"Puncak","prov_name":"Papua Pegunungan","leafCount":51},"geometry":{"type":"Polygon","coordinates":[[[120.32752734119626,-2.8728251233332838],[120.47324927392727,-2.8728251233332838],[120.47324927392727,-2.7101316813999503],[120.32752734119626,-2.7101316813999503],[120.32752734119626,-2.8728251233332838]]]}},{"type":"Feature","properties":{"code":"91.03","name":"Jayapura","prov_name":"Papua Pegunungan","leafCount":39},"geometry":{"type":"Polygon","coordinates":[[[126.4478485158988,-2.8728251233332838],[126.5935704486298,-2.8728251233332838],[126.5935704486298,-2.7101316813999503],[126.4478485158988,-2.7101316813999503],[126.4478485158988,-2.8728251233332838]]]}},{"type":"Feature","properties":{"code":"91.09","name":"Mimika","prov_name":"Papua Pegunungan","leafCount":44},"geometry":{"type":"Polygon","coordinates":[[[118.14169835023108,-2.8728251233332838],[118.28742028296209,-2.8728251233332838],[118.28742028296209,-2.7101316813999503],[118.14169835023108,-2.7101316813999503],[118.14169835023108,-2.8728251233332838]]]}},{"type":"Feature","properties":{"code":"91.18","name":"Asmat","prov_name":"Papua Pegunungan","leafCount":44},"geometry":{"type":"Polygon","coordinates":[[[122.51335633216145,-5.964000520066616],[122.65907826489246,-5.964000520066616],[122.65907826489246,-5.8013070781332825],[122.51335633216145,-5.8013070781332825],[122.51335633216145,-5.964000520066616]]]}},{"type":"Feature","properties":{"code":"91.04","name":"Nabire","prov_name":"Papua Pegunungan","leafCount":21},"geometry":{"type":"Polygon","coordinates":[[[120.03608347573424,-2.8728251233332838],[120.18180540846525,-2.8728251233332838],[120.18180540846525,-2.7101316813999503],[120.03608347573424,-2.7101316813999503],[120.03608347573424,-2.8728251233332838]]]}},{"type":"Feature","properties":{"code":"91.24","name":"Nduga","prov_name":"Papua Pegunungan","leafCount":72},"geometry":{"type":"Polygon","coordinates":[[[121.20185893758234,-2.8728251233332838],[121.34758087031335,-2.8728251233332838],[121.34758087031335,-2.7101316813999503],[121.20185893758234,-2.7101316813999503],[121.20185893758234,-2.8728251233332838]]]}},{"type":"Feature","properties":{"code":"91.13","name":"Yahukimo","prov_name":"Papua Pegunungan","leafCount":135},"geometry":{"type":"Polygon","coordinates":[[[124.40774145766461,-4.66245298459995],[124.55346339039562,-4.66245298459995],[124.55346339039562,-4.499759542666617],[124.40774145766461,-4.499759542666617],[124.40774145766461,-4.66245298459995]]]}},{"type":"Feature","properties":{"code":"91.23","name":"Lanny Jaya","prov_name":"Papua Pegunungan","leafCount":88},"geometry":{"type":"Polygon","coordinates":[[[122.51335633216145,-2.8728251233332838],[122.65907826489246,-2.8728251233332838],[122.65907826489246,-2.7101316813999503],[122.51335633216145,-2.7101316813999503],[122.51335633216145,-2.8728251233332838]]]}},{"type":"Feature","properties":{"code":"91.16","name":"Boven Digoel","prov_name":"Papua Pegunungan","leafCount":25},"geometry":{"type":"Polygon","coordinates":[[[122.51335633216145,-5.638613636199949],[122.65907826489246,-5.638613636199949],[122.65907826489246,-5.475920194266616],[122.51335633216145,-5.475920194266616],[122.51335633216145,-5.638613636199949]]]}},{"type":"Feature","properties":{"code":"91.22","name":"Yalimo","prov_name":"Papua Pegunungan","leafCount":58},"geometry":{"type":"Polygon","coordinates":[[[124.84490725585766,-2.8728251233332838],[124.99062918858867,-2.8728251233332838],[124.99062918858867,-2.7101316813999503],[124.84490725585766,-2.7101316813999503],[124.84490725585766,-2.8728251233332838]]]}},{"type":"Feature","properties":{"code":"91.11","name":"Keerom","prov_name":"Papua Pegunungan","leafCount":13},"geometry":{"type":"Polygon","coordinates":[[[125.86496078497474,-4.17437265879995],[126.01068271770575,-4.17437265879995],[126.01068271770575,-4.011679216866616],[125.86496078497474,-4.011679216866616],[125.86496078497474,-4.17437265879995]]]}},{"type":"Feature","properties":{"code":"91.15","name":"Waropen","prov_name":"Papua Pegunungan","leafCount":28},"geometry":{"type":"Polygon","coordinates":[[[119.5989176775412,-4.66245298459995],[119.7446396102722,-4.66245298459995],[119.7446396102722,-4.499759542666617],[119.5989176775412,-4.499759542666617],[119.5989176775412,-4.66245298459995]]]}},{"type":"Feature","properties":{"code":"91.21","name":"Mamberamo Tengah","prov_name":"Papua Pegunungan","leafCount":18},"geometry":{"type":"Polygon","coordinates":[[[124.84490725585766,-4.17437265879995],[124.99062918858867,-4.17437265879995],[124.99062918858867,-4.011679216866616],[124.84490725585766,-4.011679216866616],[124.84490725585766,-4.17437265879995]]]}},{"type":"Feature","properties":{"code":"91.28","name":"Deiyai","prov_name":"Papua Pegunungan","leafCount":14},"geometry":{"type":"Polygon","coordinates":[[[119.01602994661715,-2.8728251233332838],[119.16175187934816,-2.8728251233332838],[119.16175187934816,-2.7101316813999503],[119.01602994661715,-2.7101316813999503],[119.01602994661715,-2.8728251233332838]]]}},{"type":"Feature","properties":{"code":"91.20","name":"Mamberamo Raya","prov_name":"Papua Pegunungan","leafCount":13},"geometry":{"type":"Polygon","coordinates":[[[119.5989176775412,-5.638613636199949],[119.7446396102722,-5.638613636199949],[119.7446396102722,-5.475920194266616],[119.5989176775412,-5.475920194266616],[119.5989176775412,-5.638613636199949]]]}},{"type":"Feature","properties":{"code":"91.26","name":"Dogiyai","prov_name":"Papua Pegunungan","leafCount":20},"geometry":{"type":"Polygon","coordinates":[[[118.72458608115512,-2.8728251233332838],[118.87030801388613,-2.8728251233332838],[118.87030801388613,-2.7101316813999503],[118.72458608115512,-2.7101316813999503],[118.72458608115512,-2.8728251233332838]]]}},{"type":"Feature","properties":{"code":"91.27","name":"Intan Jaya","prov_name":"Papua Pegunungan","leafCount":22},"geometry":{"type":"Polygon","coordinates":[[[119.5989176775412,-6.126693961999949],[119.7446396102722,-6.126693961999949],[119.7446396102722,-5.964000520066616],[119.5989176775412,-5.964000520066616],[119.5989176775412,-6.126693961999949]]]}},{"type":"Feature","properties":{"code":"91.05","name":"Kepulauan Yapen","prov_name":"Papua Pegunungan","leafCount":49},"geometry":{"type":"Polygon","coordinates":[[[118.14169835023108,-4.66245298459995],[118.28742028296209,-4.66245298459995],[118.28742028296209,-4.499759542666617],[118.14169835023108,-4.499759542666617],[118.14169835023108,-4.66245298459995]]]}},{"type":"Feature","properties":{"code":"91.10","name":"Sarmi","prov_name":"Papua Pegunungan","leafCount":18},"geometry":{"type":"Polygon","coordinates":[[[125.86496078497474,-2.8728251233332838],[126.01068271770575,-2.8728251233332838],[126.01068271770575,-2.7101316813999503],[125.86496078497474,-2.7101316813999503],[125.86496078497474,-2.8728251233332838]]]}},{"type":"Feature","properties":{"code":"91.06","name":"Biak Numfor","prov_name":"Papua Pegunungan","leafCount":61},"geometry":{"type":"Polygon","coordinates":[[[118.14169835023108,-5.638613636199949],[118.28742028296209,-5.638613636199949],[118.28742028296209,-5.475920194266616],[118.14169835023108,-5.475920194266616],[118.14169835023108,-5.638613636199949]]]}},{"type":"Feature","properties":{"code":"91.19","name":"Supiori","prov_name":"Papua Pegunungan","leafCount":4},"geometry":{"type":"Polygon","coordinates":[[[118.14169835023108,-5.475920194266616],[118.28742028296209,-5.475920194266616],[118.28742028296209,-5.313226752333282],[118.14169835023108,-5.313226752333282],[118.14169835023108,-5.475920194266616]]]}},{"type":"Feature","properties":{"code":"76.02","name":"Mamuju","prov_name":"Sulawesi Barat","leafCount":20},"geometry":{"type":"Polygon","coordinates":[[[129.65373103598108,-3.1982120071999507],[129.7994529687121,-3.1982120071999507],[129.7994529687121,-3.0355185652666172],[129.65373103598108,-3.0355185652666172],[129.65373103598108,-3.1982120071999507]]]}},{"type":"Feature","properties":{"code":"76.03","name":"Mamasa","prov_name":"Sulawesi Barat","leafCount":51},"geometry":{"type":"Polygon","coordinates":[[[135.33688641249057,-3.1982120071999507],[135.4826083452216,-3.1982120071999507],[135.4826083452216,-3.0355185652666172],[135.33688641249057,-3.0355185652666172],[135.33688641249057,-3.1982120071999507]]]}},{"type":"Feature","properties":{"code":"76.05","name":"Majene","prov_name":"Sulawesi Barat","leafCount":17},"geometry":{"type":"Polygon","coordinates":[[[129.65373103598108,-3.360905449133284],[129.7994529687121,-3.360905449133284],[129.7994529687121,-3.1982120071999507],[129.65373103598108,-3.1982120071999507],[129.65373103598108,-3.360905449133284]]]}},{"type":"Feature","properties":{"code":"76.04","name":"Polewali Mandar","prov_name":"Sulawesi Barat","leafCount":38},"geometry":{"type":"Polygon","coordinates":[[[135.33688641249057,-2.8728251233332838],[135.4826083452216,-2.8728251233332838],[135.4826083452216,-2.7101316813999503],[135.33688641249057,-2.7101316813999503],[135.33688641249057,-2.8728251233332838]]]}},{"type":"Feature","properties":{"code":"76.01","name":"Pasangkayu","prov_name":"Sulawesi Barat","leafCount":20},"geometry":{"type":"Polygon","coordinates":[[[129.65373103598108,-3.0355185652666172],[129.7994529687121,-3.0355185652666172],[129.7994529687121,-2.8728251233332838],[129.65373103598108,-2.8728251233332838],[129.65373103598108,-3.0355185652666172]]]}},{"type":"Feature","properties":{"code":"76.06","name":"Mamuju Tengah","prov_name":"Sulawesi Barat","leafCount":13},"geometry":{"type":"Polygon","coordinates":[[[129.65373103598108,-2.8728251233332838],[129.7994529687121,-2.8728251233332838],[129.7994529687121,-2.7101316813999503],[129.65373103598108,-2.7101316813999503],[129.65373103598108,-2.8728251233332838]]]}},{"type":"Feature","properties":{"code":"72.06","name":"Morowali","prov_name":"Sulawesi Tengah","leafCount":26},"geometry":{"type":"Polygon","coordinates":[[[135.33688641249057,-0.7578103781999512],[135.4826083452216,-0.7578103781999512],[135.4826083452216,-0.595116936266618],[135.33688641249057,-0.595116936266618],[135.33688641249057,-0.7578103781999512]]]}},{"type":"Feature","properties":{"code":"72.07","name":"Banggai Kepulauan","prov_name":"Sulawesi Tengah","leafCount":33},"geometry":{"type":"Polygon","coordinates":[[[133.00533548879437,-0.7578103781999512],[133.1510574215254,-0.7578103781999512],[133.1510574215254,-0.595116936266618],[133.00533548879437,-0.595116936266618],[133.00533548879437,-0.7578103781999512]]]}},{"type":"Feature","properties":{"code":"72.08","name":"Parigi Moutong","prov_name":"Sulawesi Tengah","leafCount":65},"geometry":{"type":"Polygon","coordinates":[[[129.7994529687121,1.1945109250000476],[129.94517490144312,1.1945109250000476],[129.94517490144312,1.3572043669333809],[129.7994529687121,1.3572043669333809],[129.7994529687121,1.1945109250000476]]]}},{"type":"Feature","properties":{"code":"72.11","name":"Banggai Laut","prov_name":"Sulawesi Tengah","leafCount":17},"geometry":{"type":"Polygon","coordinates":[[[134.60827674883552,1.1945109250000476],[134.75399868156654,1.1945109250000476],[134.75399868156654,1.3572043669333809],[134.60827674883552,1.3572043669333809],[134.60827674883552,1.1945109250000476]]]}},{"type":"Feature","properties":{"code":"72.09","name":"Tojo Una Una","prov_name":"Sulawesi Tengah","leafCount":27},"geometry":{"type":"Polygon","coordinates":[[[133.00533548879437,1.1945109250000476],[133.1510574215254,1.1945109250000476],[133.1510574215254,1.3572043669333809],[133.00533548879437,1.3572043669333809],[133.00533548879437,1.1945109250000476]]]}},{"type":"Feature","properties":{"code":"72.01","name":"Banggai","prov_name":"Sulawesi Tengah","leafCount":73},"geometry":{"type":"Polygon","coordinates":[[[133.87966708518044,-0.7578103781999512],[134.02538901791146,-0.7578103781999512],[134.02538901791146,-0.595116936266618],[133.87966708518044,-0.595116936266618],[133.87966708518044,-0.7578103781999512]]]}},{"type":"Feature","properties":{"code":"72.04","name":"Toli Toli","prov_name":"Sulawesi Tengah","leafCount":22},"geometry":{"type":"Polygon","coordinates":[[[129.65373103598108,-0.1070366104666183],[129.7994529687121,-0.1070366104666183],[129.7994529687121,0.05565683146671496],[129.65373103598108,0.05565683146671496],[129.65373103598108,-0.1070366104666183]]]}},{"type":"Feature","properties":{"code":"72.12","name":"Morowali Utara","prov_name":"Sulawesi Tengah","leafCount":25},"geometry":{"type":"Polygon","coordinates":[[[129.7994529687121,-0.7578103781999512],[129.94517490144312,-0.7578103781999512],[129.94517490144312,-0.595116936266618],[129.7994529687121,-0.595116936266618],[129.7994529687121,-0.7578103781999512]]]}},{"type":"Feature","properties":{"code":"72.10","name":"Sigi","prov_name":"Sulawesi Tengah","leafCount":36},"geometry":{"type":"Polygon","coordinates":[[[131.40239422875322,-0.7578103781999512],[131.54811616148424,-0.7578103781999512],[131.54811616148424,-0.595116936266618],[131.40239422875322,-0.595116936266618],[131.40239422875322,-0.7578103781999512]]]}},{"type":"Feature","properties":{"code":"72.05","name":"Buol","prov_name":"Sulawesi Tengah","leafCount":23},"geometry":{"type":"Polygon","coordinates":[[[133.00533548879437,0.21835027340004862],[133.1510574215254,0.21835027340004862],[133.1510574215254,0.3810437153333819],[133.00533548879437,0.3810437153333819],[133.00533548879437,0.21835027340004862]]]}},{"type":"Feature","properties":{"code":"72.02","name":"Poso","prov_name":"Sulawesi Tengah","leafCount":25},"geometry":{"type":"Polygon","coordinates":[[[130.67378456509817,-0.7578103781999512],[130.8195064978292,-0.7578103781999512],[130.8195064978292,-0.595116936266618],[130.67378456509817,-0.595116936266618],[130.67378456509817,-0.7578103781999512]]]}},{"type":"Feature","properties":{"code":"72.03","name":"Donggala","prov_name":"Sulawesi Tengah","leafCount":22},"geometry":{"type":"Polygon","coordinates":[[[129.65373103598108,0.3810437153333812],[129.7994529687121,0.3810437153333812],[129.7994529687121,0.5437371572667145],[129.65373103598108,0.5437371572667145],[129.65373103598108,0.3810437153333812]]]}},{"type":"Feature","properties":{"code":"72.71","name":"Kota Palu","prov_name":"Sulawesi Tengah","leafCount":11},"geometry":{"type":"Polygon","coordinates":[[[131.40239422875322,-2.0593579136666174],[131.54811616148424,-2.0593579136666174],[131.54811616148424,-1.896664471733284],[131.40239422875322,-1.896664471733284],[131.40239422875322,-2.0593579136666174]]]}},{"type":"Feature","properties":{"code":"74.02","name":"Konawe","prov_name":"Sulawesi Tenggara","leafCount":79},"geometry":{"type":"Polygon","coordinates":[[[129.7994529687121,-5.964000520066616],[129.94517490144312,-5.964000520066616],[129.94517490144312,-5.8013070781332825],[129.7994529687121,-5.8013070781332825],[129.7994529687121,-5.964000520066616]]]}},{"type":"Feature","properties":{"code":"74.05","name":"Konawe Selatan","prov_name":"Sulawesi Tenggara","leafCount":102},"geometry":{"type":"Polygon","coordinates":[[[135.19116447975955,-4.011679216866616],[135.33688641249057,-4.011679216866616],[135.33688641249057,-3.8489857749332828],[135.19116447975955,-3.8489857749332828],[135.19116447975955,-4.011679216866616]]]}},{"type":"Feature","properties":{"code":"74.11","name":"Kolaka Timur","prov_name":"Sulawesi Tenggara","leafCount":31},"geometry":{"type":"Polygon","coordinates":[[[133.4425012869874,-5.964000520066616],[133.58822321971843,-5.964000520066616],[133.58822321971843,-5.8013070781332825],[133.4425012869874,-5.8013070781332825],[133.4425012869874,-5.964000520066616]]]}},{"type":"Feature","properties":{"code":"74.08","name":"Kolaka Utara","prov_name":"Sulawesi Tenggara","leafCount":32},"geometry":{"type":"Polygon","coordinates":[[[129.65373103598108,-4.987839868466617],[129.7994529687121,-4.987839868466617],[129.7994529687121,-4.8251464265332835],[129.65373103598108,-4.8251464265332835],[129.65373103598108,-4.987839868466617]]]}},{"type":"Feature","properties":{"code":"74.09","name":"Konawe Utara","prov_name":"Sulawesi Tenggara","leafCount":44},"geometry":{"type":"Polygon","coordinates":[[[129.65373103598108,-5.313226752333282],[129.7994529687121,-5.313226752333282],[129.7994529687121,-5.150533310399949],[129.65373103598108,-5.150533310399949],[129.65373103598108,-5.313226752333282]]]}},{"type":"Feature","properties":{"code":"74.01","name":"Kolaka","prov_name":"Sulawesi Tenggara","leafCount":37},"geometry":{"type":"Polygon","coordinates":[[[129.65373103598108,-4.499759542666617],[129.7994529687121,-4.499759542666617],[129.7994529687121,-4.337066100733283],[129.65373103598108,-4.337066100733283],[129.65373103598108,-4.499759542666617]]]}},{"type":"Feature","properties":{"code":"74.15","name":"Buton Selatan","prov_name":"Sulawesi Tenggara","leafCount":18},"geometry":{"type":"Polygon","coordinates":[[[137.95988120164878,-5.313226752333282],[138.1056031343798,-5.313226752333282],[138.1056031343798,-5.150533310399949],[137.95988120164878,-5.150533310399949],[137.95988120164878,-5.313226752333282]]]}},{"type":"Feature","properties":{"code":"74.12","name":"Konawe Kepulauan","prov_name":"Sulawesi Tenggara","leafCount":31},"geometry":{"type":"Polygon","coordinates":[[[138.68849086530386,-4.011679216866616],[138.83421279803488,-4.011679216866616],[138.83421279803488,-3.8489857749332828],[138.68849086530386,-3.8489857749332828],[138.68849086530386,-4.011679216866616]]]}},{"type":"Feature","properties":{"code":"74.06","name":"Bombana","prov_name":"Sulawesi Tenggara","leafCount":37},"geometry":{"type":"Polygon","coordinates":[[[129.65373103598108,-4.17437265879995],[129.7994529687121,-4.17437265879995],[129.7994529687121,-4.011679216866616],[129.65373103598108,-4.011679216866616],[129.65373103598108,-4.17437265879995]]]}},{"type":"Feature","properties":{"code":"74.03","name":"Muna","prov_name":"Sulawesi Tenggara","leafCount":34},"geometry":{"type":"Polygon","coordinates":[[[136.64838380706968,-5.313226752333282],[136.7941057398007,-5.313226752333282],[136.7941057398007,-5.150533310399949],[136.64838380706968,-5.150533310399949],[136.64838380706968,-5.313226752333282]]]}},{"type":"Feature","properties":{"code":"74.13","name":"Muna Barat","prov_name":"Sulawesi Tenggara","leafCount":20},"geometry":{"type":"Polygon","coordinates":[[[136.06549607614562,-5.313226752333282],[136.21121800887664,-5.313226752333282],[136.21121800887664,-5.150533310399949],[136.06549607614562,-5.150533310399949],[136.06549607614562,-5.313226752333282]]]}},{"type":"Feature","properties":{"code":"74.04","name":"Buton","prov_name":"Sulawesi Tenggara","leafCount":16},"geometry":{"type":"Polygon","coordinates":[[[139.27137859622792,-5.313226752333282],[139.41710052895894,-5.313226752333282],[139.41710052895894,-5.150533310399949],[139.27137859622792,-5.150533310399949],[139.27137859622792,-5.313226752333282]]]}},{"type":"Feature","properties":{"code":"74.10","name":"Buton Utara","prov_name":"Sulawesi Tenggara","leafCount":22},"geometry":{"type":"Polygon","coordinates":[[[135.19116447975955,-5.313226752333282],[135.33688641249057,-5.313226752333282],[135.33688641249057,-5.150533310399949],[135.19116447975955,-5.150533310399949],[135.19116447975955,-5.313226752333282]]]}},{"type":"Feature","properties":{"code":"74.14","name":"Buton Tengah","prov_name":"Sulawesi Tenggara","leafCount":15},"geometry":{"type":"Polygon","coordinates":[[[129.65373103598108,-3.8489857749332828],[129.7994529687121,-3.8489857749332828],[129.7994529687121,-3.6862923329999493],[129.65373103598108,-3.6862923329999493],[129.65373103598108,-3.8489857749332828]]]}},{"type":"Feature","properties":{"code":"74.07","name":"Wakatobi","prov_name":"Sulawesi Tenggara","leafCount":25},"geometry":{"type":"Polygon","coordinates":[[[139.99998825988297,-5.313226752333282],[140.145710192614,-5.313226752333282],[140.145710192614,-5.150533310399949],[139.99998825988297,-5.150533310399949],[139.99998825988297,-5.313226752333282]]]}},{"type":"Feature","properties":{"code":"74.71","name":"Kota Kendari","prov_name":"Sulawesi Tenggara","leafCount":15},"geometry":{"type":"Polygon","coordinates":[[[140.145710192614,-4.011679216866616],[140.291432125345,-4.011679216866616],[140.291432125345,-3.8489857749332828],[140.145710192614,-3.8489857749332828],[140.145710192614,-4.011679216866616]]]}},{"type":"Feature","properties":{"code":"74.72","name":"Kota Bau Bau","prov_name":"Sulawesi Tenggara","leafCount":13},"geometry":{"type":"Polygon","coordinates":[[[137.95988120164878,-6.126693961999949],[138.1056031343798,-6.126693961999949],[138.1056031343798,-5.964000520066616],[137.95988120164878,-5.964000520066616],[137.95988120164878,-6.126693961999949]]]}},{"type":"Feature","properties":{"code":"92.03","name":"Fak Fak","prov_name":"Papua Barat Daya","leafCount":41},"geometry":{"type":"Polygon","coordinates":[[[121.93046860123741,-9.217869358733282],[122.07619053396841,-9.217869358733282],[122.07619053396841,-9.055175916799948],[121.93046860123741,-9.055175916799948],[121.93046860123741,-9.217869358733282]]]}},{"type":"Feature","properties":{"code":"92.06","name":"Teluk Bintuni","prov_name":"Papua Barat Daya","leafCount":32},"geometry":{"type":"Polygon","coordinates":[[[124.69918532312664,-7.265548055533282],[124.84490725585765,-7.265548055533282],[124.84490725585765,-7.102854613599948],[124.69918532312664,-7.102854613599948],[124.69918532312664,-7.265548055533282]]]}},{"type":"Feature","properties":{"code":"92.08","name":"Kaimana","prov_name":"Papua Barat Daya","leafCount":21},"geometry":{"type":"Polygon","coordinates":[[[127.6136239777469,-9.217869358733282],[127.7593459104779,-9.217869358733282],[127.7593459104779,-9.055175916799948],[127.6136239777469,-9.055175916799948],[127.6136239777469,-9.217869358733282]]]}},{"type":"Feature","properties":{"code":"92.07","name":"Teluk Wondama","prov_name":"Papua Barat Daya","leafCount":18},"geometry":{"type":"Polygon","coordinates":[[[125.71923885224373,-9.217869358733282],[125.86496078497474,-9.217869358733282],[125.86496078497474,-9.055175916799948],[125.71923885224373,-9.055175916799948],[125.71923885224373,-9.217869358733282]]]}},{"type":"Feature","properties":{"code":"92.11","name":"Manokwari Selatan","prov_name":"Papua Barat Daya","leafCount":15},"geometry":{"type":"Polygon","coordinates":[[[125.71923885224373,-10.19403001033328],[125.86496078497474,-10.19403001033328],[125.86496078497474,-10.031336568399947],[125.71923885224373,-10.031336568399947],[125.71923885224373,-10.19403001033328]]]}},{"type":"Feature","properties":{"code":"92.10","name":"Maybrat","prov_name":"Papua Barat Daya","leafCount":67},"geometry":{"type":"Polygon","coordinates":[[[121.93046860123741,-7.265548055533282],[122.07619053396841,-7.265548055533282],[122.07619053396841,-7.102854613599948],[121.93046860123741,-7.102854613599948],[121.93046860123741,-7.265548055533282]]]}},{"type":"Feature","properties":{"code":"92.12","name":"Pegunungan Arfak","prov_name":"Papua Barat Daya","leafCount":45},"geometry":{"type":"Polygon","coordinates":[[[127.17645817955386,-7.265548055533282],[127.32218011228487,-7.265548055533282],[127.32218011228487,-7.102854613599948],[127.17645817955386,-7.102854613599948],[127.17645817955386,-7.265548055533282]]]}},{"type":"Feature","properties":{"code":"92.01","name":"Sorong","prov_name":"Papua Barat Daya","leafCount":62},"geometry":{"type":"Polygon","coordinates":[[[122.80480019762348,-10.19403001033328],[122.95052213035449,-10.19403001033328],[122.95052213035449,-10.031336568399947],[122.80480019762348,-10.031336568399947],[122.80480019762348,-10.19403001033328]]]}},{"type":"Feature","properties":{"code":"92.09","name":"Tambrauw","prov_name":"Papua Barat Daya","leafCount":52},"geometry":{"type":"Polygon","coordinates":[[[125.71923885224373,-7.265548055533282],[125.86496078497474,-7.265548055533282],[125.86496078497474,-7.102854613599948],[125.71923885224373,-7.102854613599948],[125.71923885224373,-7.265548055533282]]]}},{"type":"Feature","properties":{"code":"92.02","name":"Manokwari","prov_name":"Papua Barat Daya","leafCount":41},"geometry":{"type":"Polygon","coordinates":[[[127.17645817955386,-8.24170870713328],[127.32218011228487,-8.24170870713328],[127.32218011228487,-8.079015265199947],[127.17645817955386,-8.079015265199947],[127.17645817955386,-8.24170870713328]]]}},{"type":"Feature","properties":{"code":"92.05","name":"Raja Ampat","prov_name":"Papua Barat Daya","leafCount":25},"geometry":{"type":"Polygon","coordinates":[[[124.11629759220259,-9.217869358733282],[124.26201952493359,-9.217869358733282],[124.26201952493359,-9.055175916799948],[124.11629759220259,-9.055175916799948],[124.11629759220259,-9.217869358733282]]]}},{"type":"Feature","properties":{"code":"92.04","name":"Sorong Selatan","prov_name":"Papua Barat Daya","leafCount":32},"geometry":{"type":"Polygon","coordinates":[[[123.67913179400955,-7.265548055533282],[123.82485372674056,-7.265548055533282],[123.82485372674056,-7.102854613599948],[123.67913179400955,-7.102854613599948],[123.67913179400955,-7.265548055533282]]]}},{"type":"Feature","properties":{"code":"92.71","name":"Kota Sorong","prov_name":"Papua Barat Daya","leafCount":11},"geometry":{"type":"Polygon","coordinates":[[[121.93046860123741,-10.19403001033328],[122.07619053396841,-10.19403001033328],[122.07619053396841,-10.031336568399947],[121.93046860123741,-10.031336568399947],[121.93046860123741,-10.19403001033328]]]}},{"type":"Feature","properties":{"code":"14.71","name":"Kota Pekanbaru","prov_name":"Riau","leafCount":15},"geometry":{"type":"Polygon","coordinates":[[[103.27806121166778,0.8691240411333816],[103.42378314439878,0.8691240411333816],[103.42378314439878,1.0318174830667148],[103.27806121166778,1.0318174830667148],[103.27806121166778,0.8691240411333816]]]}},{"type":"Feature","properties":{"code":"14.04","name":"Indragiri Hilir","prov_name":"Riau","leafCount":54},"geometry":{"type":"Polygon","coordinates":[[[113.9157623010317,0.7064305992000481],[114.06148423376271,0.7064305992000481],[114.06148423376271,0.8691240411333814],[113.9157623010317,0.8691240411333814],[113.9157623010317,0.7064305992000481]]]}},{"type":"Feature","properties":{"code":"14.03","name":"Bengkalis","prov_name":"Riau","leafCount":40},"geometry":{"type":"Polygon","coordinates":[[[105.60961213536399,0.8691240411333816],[105.755334068095,0.8691240411333816],[105.755334068095,1.0318174830667148],[105.60961213536399,1.0318174830667148],[105.60961213536399,0.8691240411333816]]]}},{"type":"Feature","properties":{"code":"14.02","name":"Indragiri Hulu","prov_name":"Riau","leafCount":50},"geometry":{"type":"Polygon","coordinates":[[[110.12699205002538,0.7064305992000481],[110.27271398275639,0.7064305992000481],[110.27271398275639,0.8691240411333814],[110.12699205002538,0.8691240411333814],[110.12699205002538,0.7064305992000481]]]}},{"type":"Feature","properties":{"code":"14.01","name":"Kampar","prov_name":"Riau","leafCount":55},"geometry":{"type":"Polygon","coordinates":[[[95.11763297873107,0.7064305992000481],[95.26335491146207,0.7064305992000481],[95.26335491146207,0.8691240411333814],[95.11763297873107,0.8691240411333814],[95.11763297873107,0.7064305992000481]]]}},{"type":"Feature","properties":{"code":"14.10","name":"Kepulauan Meranti","prov_name":"Riau","leafCount":34},"geometry":{"type":"Polygon","coordinates":[[[105.60961213536399,0.7064305992000481],[105.755334068095,0.7064305992000481],[105.755334068095,0.8691240411333814],[105.60961213536399,0.8691240411333814],[105.60961213536399,0.7064305992000481]]]}},{"type":"Feature","properties":{"code":"14.07","name":"Rokan Hilir","prov_name":"Riau","leafCount":39},"geometry":{"type":"Polygon","coordinates":[[[102.11228574981968,0.7064305992000481],[102.25800768255068,0.7064305992000481],[102.25800768255068,0.8691240411333814],[102.11228574981968,0.8691240411333814],[102.11228574981968,0.7064305992000481]]]}},{"type":"Feature","properties":{"code":"14.05","name":"Pelalawan","prov_name":"Riau","leafCount":26},"geometry":{"type":"Polygon","coordinates":[[[108.23260692452222,0.7064305992000481],[108.37832885725322,0.7064305992000481],[108.37832885725322,0.8691240411333814],[108.23260692452222,0.8691240411333814],[108.23260692452222,0.7064305992000481]]]}},{"type":"Feature","properties":{"code":"14.09","name":"Kuantan Singingi","prov_name":"Riau","leafCount":56},"geometry":{"type":"Polygon","coordinates":[[[95.11763297873107,0.8691240411333816],[95.26335491146207,0.8691240411333816],[95.26335491146207,1.0318174830667148],[95.11763297873107,1.0318174830667148],[95.11763297873107,0.8691240411333816]]]}},{"type":"Feature","properties":{"code":"14.08","name":"Siak","prov_name":"Riau","leafCount":40},"geometry":{"type":"Polygon","coordinates":[[[111.72993331006651,0.8691240411333816],[111.87565524279752,0.8691240411333816],[111.87565524279752,1.0318174830667148],[111.72993331006651,1.0318174830667148],[111.72993331006651,0.8691240411333816]]]}},{"type":"Feature","properties":{"code":"14.06","name":"Rokan Hulu","prov_name":"Riau","leafCount":37},"geometry":{"type":"Polygon","coordinates":[[[99.34356902793044,0.7064305992000481],[99.48929096066145,0.7064305992000481],[99.48929096066145,0.8691240411333814],[99.34356902793044,0.8691240411333814],[99.34356902793044,0.7064305992000481]]]}},{"type":"Feature","properties":{"code":"14.72","name":"Kota Dumai","prov_name":"Riau","leafCount":7},"geometry":{"type":"Polygon","coordinates":[[[105.02672440443993,0.7064305992000481],[105.17244633717094,0.7064305992000481],[105.17244633717094,0.8691240411333814],[105.02672440443993,0.8691240411333814],[105.02672440443993,0.7064305992000481]]]}},{"type":"Feature","properties":{"code":"21.71","name":"Kota Batam","prov_name":"Kepulauan Riau","leafCount":16},"geometry":{"type":"Polygon","coordinates":[[[118.87030801388613,-2.3847447975332834],[119.01602994661714,-2.3847447975332834],[119.01602994661714,-2.22205135559995],[118.87030801388613,-2.22205135559995],[118.87030801388613,-2.3847447975332834]]]}},{"type":"Feature","properties":{"code":"21.04","name":"Lingga","prov_name":"Kepulauan Riau","leafCount":15},"geometry":{"type":"Polygon","coordinates":[[[117.99597641750006,-2.547438239466617],[118.14169835023107,-2.547438239466617],[118.14169835023107,-2.3847447975332834],[117.99597641750006,-2.3847447975332834],[117.99597641750006,-2.547438239466617]]]}},{"type":"Feature","properties":{"code":"21.02","name":"Karimun","prov_name":"Kepulauan Riau","leafCount":21},"geometry":{"type":"Polygon","coordinates":[[[123.82485372674057,-2.3847447975332834],[123.97057565947158,-2.3847447975332834],[123.97057565947158,-2.22205135559995],[123.82485372674057,-2.22205135559995],[123.82485372674057,-2.3847447975332834]]]}},{"type":"Feature","properties":{"code":"21.72","name":"Kota Tanjung Pinang","prov_name":"Kepulauan Riau","leafCount":3},"geometry":{"type":"Polygon","coordinates":[[[117.99597641750006,-2.3847447975332834],[118.14169835023107,-2.3847447975332834],[118.14169835023107,-2.22205135559995],[117.99597641750006,-2.22205135559995],[117.99597641750006,-2.3847447975332834]]]}},{"type":"Feature","properties":{"code":"21.01","name":"Bintan","prov_name":"Kepulauan Riau","leafCount":6},"geometry":{"type":"Polygon","coordinates":[[[122.22191246669942,-2.547438239466617],[122.36763439943043,-2.547438239466617],[122.36763439943043,-2.3847447975332834],[122.22191246669942,-2.3847447975332834],[122.22191246669942,-2.547438239466617]]]}},{"type":"Feature","properties":{"code":"21.05","name":"Kepulauan Anambas","prov_name":"Kepulauan Riau","leafCount":11},"geometry":{"type":"Polygon","coordinates":[[[127.6136239777469,-2.3847447975332834],[127.7593459104779,-2.3847447975332834],[127.7593459104779,-2.22205135559995],[127.6136239777469,-2.22205135559995],[127.6136239777469,-2.3847447975332834]]]}},{"type":"Feature","properties":{"code":"21.03","name":"Natuna","prov_name":"Kepulauan Riau","leafCount":21},"geometry":{"type":"Polygon","coordinates":[[[123.82485372674057,-2.547438239466617],[123.97057565947158,-2.547438239466617],[123.97057565947158,-2.3847447975332834],[123.82485372674057,-2.3847447975332834],[123.82485372674057,-2.547438239466617]]]}},{"type":"Feature","properties":{"code":"12.03","name":"Tapanuli Selatan","prov_name":"Sumatera Utara","leafCount":54},"geometry":{"type":"Polygon","coordinates":[[[105.17244633717095,-2.0593579136666174],[105.31816826990196,-2.0593579136666174],[105.31816826990196,-1.896664471733284],[105.17244633717095,-1.896664471733284],[105.17244633717095,-2.0593579136666174]]]}},{"type":"Feature","properties":{"code":"12.21","name":"Padang Lawas","prov_name":"Sumatera Utara","leafCount":87},"geometry":{"type":"Polygon","coordinates":[[[95.11763297873107,-2.3847447975332834],[95.26335491146207,-2.3847447975332834],[95.26335491146207,-2.22205135559995],[95.11763297873107,-2.22205135559995],[95.11763297873107,-2.3847447975332834]]]}},{"type":"Feature","properties":{"code":"12.22","name":"Labuhanbatu Selatan","prov_name":"Sumatera Utara","leafCount":11},"geometry":{"type":"Polygon","coordinates":[[[100.94651028797158,-1.8966644717332846],[101.09223222070258,-1.8966644717332846],[101.09223222070258,-1.7339710297999513],[100.94651028797158,-1.7339710297999513],[100.94651028797158,-1.8966644717332846]]]}},{"type":"Feature","properties":{"code":"12.01","name":"Tapanuli Tengah","prov_name":"Sumatera Utara","leafCount":51},"geometry":{"type":"Polygon","coordinates":[[[95.11763297873107,-0.7578103781999512],[95.26335491146207,-0.7578103781999512],[95.26335491146207,-0.595116936266618],[95.11763297873107,-0.595116936266618],[95.11763297873107,-0.7578103781999512]]]}},{"type":"Feature","properties":{"code":"12.20","name":"Padang Lawas Utara","prov_name":"Sumatera Utara","leafCount":102},"geometry":{"type":"Polygon","coordinates":[[[102.54945154801271,-1.8966644717332846],[102.69517348074372,-1.8966644717332846],[102.69517348074372,-1.7339710297999513],[102.54945154801271,-1.7339710297999513],[102.54945154801271,-1.8966644717332846]]]}},{"type":"Feature","properties":{"code":"12.73","name":"Kota Sibolga","prov_name":"Sumatera Utara","leafCount":8},"geometry":{"type":"Polygon","coordinates":[[[104.00667087532284,-0.7578103781999512],[104.15239280805385,-0.7578103781999512],[104.15239280805385,-0.595116936266618],[104.00667087532284,-0.595116936266618],[104.00667087532284,-0.7578103781999512]]]}},{"type":"Feature","properties":{"code":"12.13","name":"Mandailing Natal","prov_name":"Sumatera Utara","leafCount":98},"geometry":{"type":"Polygon","coordinates":[[[95.11763297873107,-2.2220513555999517],[95.26335491146207,-2.2220513555999517],[95.26335491146207,-2.0593579136666182],[95.11763297873107,-2.0593579136666182],[95.11763297873107,-2.2220513555999517]]]}},{"type":"Feature","properties":{"code":"12.77","name":"Kota Padang Sidempuan","prov_name":"Sumatera Utara","leafCount":24},"geometry":{"type":"Polygon","coordinates":[[[113.9157623010317,-2.0593579136666174],[114.06148423376271,-2.0593579136666174],[114.06148423376271,-1.896664471733284],[113.9157623010317,-1.896664471733284],[113.9157623010317,-2.0593579136666174]]]}},{"type":"Feature","properties":{"code":"12.24","name":"Nias Utara","prov_name":"Sumatera Utara","leafCount":21},"geometry":{"type":"Polygon","coordinates":[[[99.63501289339247,-0.4324234943332843],[99.78073482612348,-0.4324234943332843],[99.78073482612348,-0.26973005239995107],[99.63501289339247,-0.26973005239995107],[99.63501289339247,-0.4324234943332843]]]}},{"type":"Feature","properties":{"code":"12.04","name":"Nias","prov_name":"Sumatera Utara","leafCount":46},"geometry":{"type":"Polygon","coordinates":[[[108.96121658817728,-0.4324234943332843],[109.10693852090829,-0.4324234943332843],[109.10693852090829,-0.26973005239995107],[108.96121658817728,-0.26973005239995107],[108.96121658817728,-0.4324234943332843]]]}},{"type":"Feature","properties":{"code":"12.14","name":"Nias Selatan","prov_name":"Sumatera Utara","leafCount":111},"geometry":{"type":"Polygon","coordinates":[[[95.11763297873107,-0.5951169362666178],[95.26335491146207,-0.5951169362666178],[95.26335491146207,-0.43242349433328453],[95.11763297873107,-0.43242349433328453],[95.11763297873107,-0.5951169362666178]]]}},{"type":"Feature","properties":{"code":"12.02","name":"Tapanuli Utara","prov_name":"Sumatera Utara","leafCount":62},"geometry":{"type":"Polygon","coordinates":[[[95.11763297873107,-2.0593579136666174],[95.26335491146207,-2.0593579136666174],[95.26335491146207,-1.896664471733284],[95.11763297873107,-1.896664471733284],[95.11763297873107,-2.0593579136666174]]]}},{"type":"Feature","properties":{"code":"12.78","name":"Kota Gunungsitoli","prov_name":"Sumatera Utara","leafCount":27},"geometry":{"type":"Polygon","coordinates":[[[103.71522700986083,-0.4324234943332843],[103.86094894259183,-0.4324234943332843],[103.86094894259183,-0.26973005239995107],[103.71522700986083,-0.26973005239995107],[103.71522700986083,-0.4324234943332843]]]}},{"type":"Feature","properties":{"code":"12.25","name":"Nias Barat","prov_name":"Sumatera Utara","leafCount":23},"geometry":{"type":"Polygon","coordinates":[[[95.11763297873107,-0.4324234943332843],[95.26335491146207,-0.4324234943332843],[95.26335491146207,-0.26973005239995107],[95.11763297873107,-0.26973005239995107],[95.11763297873107,-0.4324234943332843]]]}},{"type":"Feature","properties":{"code":"12.--","name":"12.--","prov_name":"Sumatera Utara","leafCount":1},"geometry":{"type":"Polygon","coordinates":[[[103.86094894259183,-0.7578103781999512],[104.00667087532284,-0.7578103781999512],[104.00667087532284,-0.595116936266618],[103.86094894259183,-0.595116936266618],[103.86094894259183,-0.7578103781999512]]]}},{"type":"Feature","properties":{"code":"12.11","name":"Dairi","prov_name":"Sumatera Utara","leafCount":39},"geometry":{"type":"Polygon","coordinates":[[[99.34356902793044,-1.2458907039999507],[99.48929096066145,-1.2458907039999507],[99.48929096066145,-1.0831972620666175],[99.34356902793044,-1.0831972620666175],[99.34356902793044,-1.2458907039999507]]]}},{"type":"Feature","properties":{"code":"12.18","name":"Serdang Bedagai","prov_name":"Sumatera Utara","leafCount":58},"geometry":{"type":"Polygon","coordinates":[[[105.755334068095,-1.5712775878666176],[105.901056000826,-1.5712775878666176],[105.901056000826,-1.4085841459332844],[105.755334068095,-1.4085841459332844],[105.755334068095,-1.5712775878666176]]]}},{"type":"Feature","properties":{"code":"12.12","name":"Toba","prov_name":"Sumatera Utara","leafCount":63},"geometry":{"type":"Polygon","coordinates":[[[110.27271398275639,-1.2458907039999507],[110.4184359154874,-1.2458907039999507],[110.4184359154874,-1.0831972620666175],[110.27271398275639,-1.0831972620666175],[110.27271398275639,-1.2458907039999507]]]}},{"type":"Feature","properties":{"code":"12.16","name":"Humbang Hasundutan","prov_name":"Sumatera Utara","leafCount":37},"geometry":{"type":"Polygon","coordinates":[[[105.901056000826,-1.2458907039999507],[106.04677793355701,-1.2458907039999507],[106.04677793355701,-1.0831972620666175],[105.901056000826,-1.0831972620666175],[105.901056000826,-1.2458907039999507]]]}},{"type":"Feature","properties":{"code":"12.09","name":"Asahan","prov_name":"Sumatera Utara","leafCount":53},"geometry":{"type":"Polygon","coordinates":[[[112.16709910825955,-1.5712775878666176],[112.31282104099056,-1.5712775878666176],[112.31282104099056,-1.4085841459332844],[112.16709910825955,-1.4085841459332844],[112.16709910825955,-1.5712775878666176]]]}},{"type":"Feature","properties":{"code":"12.72","name":"Kota Pematangsiantar","prov_name":"Sumatera Utara","leafCount":9},"geometry":{"type":"Polygon","coordinates":[[[104.88100247170892,-1.5712775878666176],[105.02672440443993,-1.5712775878666176],[105.02672440443993,-1.4085841459332844],[104.88100247170892,-1.4085841459332844],[104.88100247170892,-1.5712775878666176]]]}},{"type":"Feature","properties":{"code":"12.23","name":"Labuhanbatu Utara","prov_name":"Sumatera Utara","leafCount":21},"geometry":{"type":"Polygon","coordinates":[[[95.11763297873107,-1.8966644717332846],[95.26335491146207,-1.8966644717332846],[95.26335491146207,-1.7339710297999513],[95.11763297873107,-1.7339710297999513],[95.11763297873107,-1.8966644717332846]]]}},{"type":"Feature","properties":{"code":"12.06","name":"Karo","prov_name":"Sumatera Utara","leafCount":71},"geometry":{"type":"Polygon","coordinates":[[[105.46389020263297,-0.7578103781999512],[105.60961213536397,-0.7578103781999512],[105.60961213536397,-0.595116936266618],[105.46389020263297,-0.595116936266618],[105.46389020263297,-0.7578103781999512]]]}},{"type":"Feature","properties":{"code":"12.05","name":"Langkat","prov_name":"Sumatera Utara","leafCount":79},"geometry":{"type":"Polygon","coordinates":[[[96.72057423877222,-0.9205038201332847],[96.86629617150322,-0.9205038201332847],[96.86629617150322,-0.7578103781999515],[96.72057423877222,-0.7578103781999515],[96.72057423877222,-0.9205038201332847]]]}},{"type":"Feature","properties":{"code":"12.08","name":"Simalungun","prov_name":"Sumatera Utara","leafCount":104},"geometry":{"type":"Polygon","coordinates":[[[95.11763297873107,-1.5712775878666176],[95.26335491146207,-1.5712775878666176],[95.26335491146207,-1.4085841459332844],[95.11763297873107,-1.4085841459332844],[95.11763297873107,-1.5712775878666176]]]}},{"type":"Feature","properties":{"code":"12.17","name":"Samosir","prov_name":"Sumatera Utara","leafCount":35},"geometry":{"type":"Polygon","coordinates":[[[95.11763297873107,-1.2458907039999507],[95.26335491146207,-1.2458907039999507],[95.26335491146207,-1.0831972620666175],[95.11763297873107,-1.0831972620666175],[95.11763297873107,-1.2458907039999507]]]}},{"type":"Feature","properties":{"code":"12.07","name":"Deli Serdang","prov_name":"Sumatera Utara","leafCount":98},"geometry":{"type":"Polygon","coordinates":[[[107.94116305906019,-0.9205038201332847],[108.0868849917912,-0.9205038201332847],[108.0868849917912,-0.7578103781999515],[107.94116305906019,-0.7578103781999515],[107.94116305906019,-0.9205038201332847]]]}},{"type":"Feature","properties":{"code":"12.15","name":"Pakpak Bharat","prov_name":"Sumatera Utara","leafCount":16},"geometry":{"type":"Polygon","coordinates":[[[99.34356902793044,-1.4085841459332842],[99.48929096066145,-1.4085841459332842],[99.48929096066145,-1.245890703999951],[99.34356902793044,-1.245890703999951],[99.34356902793044,-1.4085841459332842]]]}},{"type":"Feature","properties":{"code":"12.71","name":"Kota Medan","prov_name":"Sumatera Utara","leafCount":33},"geometry":{"type":"Polygon","coordinates":[[[104.5895586062469,-0.9205038201332847],[104.7352805389779,-0.9205038201332847],[104.7352805389779,-0.7578103781999515],[104.5895586062469,-0.7578103781999515],[104.5895586062469,-0.9205038201332847]]]}},{"type":"Feature","properties":{"code":"12.75","name":"Kota Binjai","prov_name":"Sumatera Utara","leafCount":15},"geometry":{"type":"Polygon","coordinates":[[[95.11763297873107,-0.9205038201332847],[95.26335491146207,-0.9205038201332847],[95.26335491146207,-0.7578103781999515],[95.11763297873107,-0.7578103781999515],[95.11763297873107,-0.9205038201332847]]]}},{"type":"Feature","properties":{"code":"12.76","name":"Kota Tebing Tinggi","prov_name":"Sumatera Utara","leafCount":9},"geometry":{"type":"Polygon","coordinates":[[[111.29276751187348,-1.5712775878666176],[111.43848944460449,-1.5712775878666176],[111.43848944460449,-1.4085841459332844],[111.29276751187348,-1.4085841459332844],[111.29276751187348,-1.5712775878666176]]]}},{"type":"Feature","properties":{"code":"12.74","name":"Kota Tanjung Balai","prov_name":"Sumatera Utara","leafCount":7},"geometry":{"type":"Polygon","coordinates":[[[117.267366753845,-1.5712775878666176],[117.413088686576,-1.5712775878666176],[117.413088686576,-1.4085841459332844],[117.267366753845,-1.4085841459332844],[117.267366753845,-1.5712775878666176]]]}},{"type":"Feature","properties":{"code":"12.10","name":"Labuhanbatu","prov_name":"Sumatera Utara","leafCount":17},"geometry":{"type":"Polygon","coordinates":[[[98.32351549881335,-1.8966644717332846],[98.46923743154436,-1.8966644717332846],[98.46923743154436,-1.7339710297999513],[98.32351549881335,-1.7339710297999513],[98.32351549881335,-1.8966644717332846]]]}},{"type":"Feature","properties":{"code":"64.07","name":"Kutai Barat","prov_name":"Kalimantan Timur","leafCount":52},"geometry":{"type":"Polygon","coordinates":[[[125.13635112131968,4.77376664753338],[125.28207305405068,4.77376664753338],[125.28207305405068,4.936460089466713],[125.13635112131968,4.936460089466713],[125.13635112131968,4.77376664753338]]]}},{"type":"Feature","properties":{"code":"64.72","name":"Kota Samarinda","prov_name":"Kalimantan Timur","leafCount":18},"geometry":{"type":"Polygon","coordinates":[[[126.73929238136083,5.749927299133379],[126.88501431409183,5.749927299133379],[126.88501431409183,5.912620741066712],[126.73929238136083,5.912620741066712],[126.73929238136083,5.749927299133379]]]}},{"type":"Feature","properties":{"code":"64.02","name":"Kutai Kartanegara","prov_name":"Kalimantan Timur","leafCount":58},"geometry":{"type":"Polygon","coordinates":[[[126.73929238136083,4.77376664753338],[126.88501431409183,4.77376664753338],[126.88501431409183,4.936460089466713],[126.73929238136083,4.936460089466713],[126.73929238136083,4.77376664753338]]]}},{"type":"Feature","properties":{"code":"64.09","name":"Penajam Paser Utara","prov_name":"Kalimantan Timur","leafCount":10},"geometry":{"type":"Polygon","coordinates":[[[126.73929238136083,4.122992879800046],[126.88501431409183,4.122992879800046],[126.88501431409183,4.28568632173338],[126.73929238136083,4.28568632173338],[126.73929238136083,4.122992879800046]]]}},{"type":"Feature","properties":{"code":"64.--","name":"64.--","prov_name":"Kalimantan Timur","leafCount":1},"geometry":{"type":"Polygon","coordinates":[[[128.05078977593993,4.122992879800046],[128.19651170867095,4.122992879800046],[128.19651170867095,4.28568632173338],[128.05078977593993,4.28568632173338],[128.05078977593993,4.122992879800046]]]}},{"type":"Feature","properties":{"code":"64.01","name":"Paser","prov_name":"Kalimantan Timur","leafCount":40},"geometry":{"type":"Polygon","coordinates":[[[123.97057565947158,4.77376664753338],[124.11629759220259,4.77376664753338],[124.11629759220259,4.936460089466713],[123.97057565947158,4.936460089466713],[123.97057565947158,4.77376664753338]]]}},{"type":"Feature","properties":{"code":"64.08","name":"Kutai Timur","prov_name":"Kalimantan Timur","leafCount":41},"geometry":{"type":"Polygon","coordinates":[[[123.97057565947158,5.2618469733333795],[124.11629759220259,5.2618469733333795],[124.11629759220259,5.424540415266713],[123.97057565947158,5.424540415266713],[123.97057565947158,5.2618469733333795]]]}},{"type":"Feature","properties":{"code":"64.11","name":"Mahakam Ulu","prov_name":"Kalimantan Timur","leafCount":12},"geometry":{"type":"Polygon","coordinates":[[[123.97057565947158,3.9602994378667127],[124.11629759220259,3.9602994378667127],[124.11629759220259,4.122992879800046],[123.97057565947158,4.122992879800046],[123.97057565947158,3.9602994378667127]]]}},{"type":"Feature","properties":{"code":"64.71","name":"Kota Balikpapan","prov_name":"Kalimantan Timur","leafCount":10},"geometry":{"type":"Polygon","coordinates":[[[128.19651170867095,4.122992879800046],[128.34223364140198,4.122992879800046],[128.34223364140198,4.28568632173338],[128.19651170867095,4.28568632173338],[128.19651170867095,4.122992879800046]]]}},{"type":"Feature","properties":{"code":"64.74","name":"Kota Bontang","prov_name":"Kalimantan Timur","leafCount":3},"geometry":{"type":"Polygon","coordinates":[[[126.73929238136083,5.2618469733333795],[126.88501431409183,5.2618469733333795],[126.88501431409183,5.424540415266713],[126.73929238136083,5.424540415266713],[126.73929238136083,5.2618469733333795]]]}},{"type":"Feature","properties":{"code":"64.03","name":"Berau","prov_name":"Kalimantan Timur","leafCount":31},"geometry":{"type":"Polygon","coordinates":[[[123.97057565947158,5.749927299133379],[124.11629759220259,5.749927299133379],[124.11629759220259,5.912620741066712],[123.97057565947158,5.912620741066712],[123.97057565947158,5.749927299133379]]]}},{"type":"Feature","properties":{"code":"65.02","name":"Malinau","prov_name":"Kalimantan Utara","leafCount":29},"geometry":{"type":"Polygon","coordinates":[[[118.28742028296209,5.5872338572000455],[118.4331422156931,5.5872338572000455],[118.4331422156931,5.749927299133379],[118.28742028296209,5.749927299133379],[118.28742028296209,5.5872338572000455]]]}},{"type":"Feature","properties":{"code":"65.03","name":"Nunukan","prov_name":"Kalimantan Utara","leafCount":57},"geometry":{"type":"Polygon","coordinates":[[[118.28742028296209,4.77376664753338],[118.4331422156931,4.77376664753338],[118.4331422156931,4.936460089466713],[118.28742028296209,4.936460089466713],[118.28742028296209,4.77376664753338]]]}},{"type":"Feature","properties":{"code":"65.04","name":"Tana Tidung","prov_name":"Kalimantan Utara","leafCount":7},"geometry":{"type":"Polygon","coordinates":[[[121.78474666850639,5.5872338572000455],[121.9304686012374,5.5872338572000455],[121.9304686012374,5.749927299133379],[121.78474666850639,5.749927299133379],[121.78474666850639,5.5872338572000455]]]}},{"type":"Feature","properties":{"code":"65.01","name":"Bulungan","prov_name":"Kalimantan Utara","leafCount":23},"geometry":{"type":"Polygon","coordinates":[[[121.78474666850639,4.6110732056000465],[121.9304686012374,4.6110732056000465],[121.9304686012374,4.77376664753338],[121.78474666850639,4.77376664753338],[121.78474666850639,4.6110732056000465]]]}},{"type":"Feature","properties":{"code":"65.71","name":"Kota Tarakan","prov_name":"Kalimantan Utara","leafCount":6},"geometry":{"type":"Polygon","coordinates":[[[122.80480019762348,5.5872338572000455],[122.95052213035449,5.5872338572000455],[122.95052213035449,5.749927299133379],[122.80480019762348,5.749927299133379],[122.80480019762348,5.5872338572000455]]]}},{"type":"Feature","properties":{"code":"11.11","name":"Bireuen","prov_name":"Aceh","leafCount":142},"geometry":{"type":"Polygon","coordinates":[[[118.14169835023108,-0.26973005239995174],[118.28742028296209,-0.26973005239995174],[118.28742028296209,-0.1070366104666185],[118.14169835023108,-0.1070366104666185],[118.14169835023108,-0.26973005239995174]]]}},{"type":"Feature","properties":{"code":"11.08","name":"Aceh Utara","prov_name":"Aceh","leafCount":237},"geometry":{"type":"Polygon","coordinates":[[[118.72458608115512,-0.5951169362666178],[118.87030801388613,-0.5951169362666178],[118.87030801388613,-0.43242349433328453],[118.72458608115512,-0.43242349433328453],[118.72458608115512,-0.5951169362666178]]]}},{"type":"Feature","properties":{"code":"11.12","name":"Aceh Barat Daya","prov_name":"Aceh","leafCount":40},"geometry":{"type":"Polygon","coordinates":[[[118.14169835023108,-1.8966644717332846],[118.28742028296209,-1.8966644717332846],[118.28742028296209,-1.7339710297999513],[118.14169835023108,-1.7339710297999513],[118.14169835023108,-1.8966644717332846]]]}},{"type":"Feature","properties":{"code":"11.13","name":"Gayo Lues","prov_name":"Aceh","leafCount":35},"geometry":{"type":"Polygon","coordinates":[[[126.30212658316779,-1.5712775878666176],[126.4478485158988,-1.5712775878666176],[126.4478485158988,-1.4085841459332844],[126.30212658316779,-1.4085841459332844],[126.30212658316779,-1.5712775878666176]]]}},{"type":"Feature","properties":{"code":"11.01","name":"Aceh Selatan","prov_name":"Aceh","leafCount":70},"geometry":{"type":"Polygon","coordinates":[[[121.05613700485132,-1.8966644717332846],[121.20185893758233,-1.8966644717332846],[121.20185893758233,-1.7339710297999513],[121.05613700485132,-1.7339710297999513],[121.05613700485132,-1.8966644717332846]]]}},{"type":"Feature","properties":{"code":"11.06","name":"Aceh Besar","prov_name":"Aceh","leafCount":141},"geometry":{"type":"Polygon","coordinates":[[[122.36763439943044,1.357204366933381],[122.51335633216145,1.357204366933381],[122.51335633216145,1.5198978088667143],[122.36763439943044,1.5198978088667143],[122.36763439943044,1.357204366933381]]]}},{"type":"Feature","properties":{"code":"11.02","name":"Aceh Tenggara","prov_name":"Aceh","leafCount":96},"geometry":{"type":"Polygon","coordinates":[[[118.14169835023108,-1.5712775878666176],[118.28742028296209,-1.5712775878666176],[118.28742028296209,-1.4085841459332844],[118.14169835023108,-1.4085841459332844],[118.14169835023108,-1.5712775878666176]]]}},{"type":"Feature","properties":{"code":"11.07","name":"Pidie","prov_name":"Aceh","leafCount":189},"geometry":{"type":"Polygon","coordinates":[[[118.4331422156931,0.8691240411333816],[118.5788641484241,0.8691240411333816],[118.5788641484241,1.0318174830667148],[118.4331422156931,1.0318174830667148],[118.4331422156931,0.8691240411333816]]]}},{"type":"Feature","properties":{"code":"11.14","name":"Aceh Jaya","prov_name":"Aceh","leafCount":31},"geometry":{"type":"Polygon","coordinates":[[[119.5989176775412,1.357204366933381],[119.7446396102722,1.357204366933381],[119.7446396102722,1.5198978088667143],[119.5989176775412,1.5198978088667143],[119.5989176775412,1.357204366933381]]]}},{"type":"Feature","properties":{"code":"11.03","name":"Aceh Timur","prov_name":"Aceh","leafCount":122},"geometry":{"type":"Polygon","coordinates":[[[125.71923885224373,-0.5951169362666178],[125.86496078497474,-0.5951169362666178],[125.86496078497474,-0.43242349433328453],[125.71923885224373,-0.43242349433328453],[125.71923885224373,-0.5951169362666178]]]}},{"type":"Feature","properties":{"code":"11.74","name":"Kota Langsa","prov_name":"Aceh","leafCount":15},"geometry":{"type":"Polygon","coordinates":[[[118.14169835023108,-1.4085841459332842],[118.28742028296209,-1.4085841459332842],[118.28742028296209,-1.245890703999951],[118.14169835023108,-1.245890703999951],[118.14169835023108,-1.4085841459332842]]]}},{"type":"Feature","properties":{"code":"11.15","name":"Nagan Raya","prov_name":"Aceh","leafCount":48},"geometry":{"type":"Polygon","coordinates":[[[127.90506784320891,0.8691240411333816],[128.05078977593993,0.8691240411333816],[128.05078977593993,1.0318174830667148],[127.90506784320891,1.0318174830667148],[127.90506784320891,0.8691240411333816]]]}},{"type":"Feature","properties":{"code":"11.16","name":"Aceh Tamiang","prov_name":"Aceh","leafCount":61},"geometry":{"type":"Polygon","coordinates":[[[120.32752734119626,-1.4085841459332842],[120.47324927392727,-1.4085841459332842],[120.47324927392727,-1.245890703999951],[120.32752734119626,-1.245890703999951],[120.32752734119626,-1.4085841459332842]]]}},{"type":"Feature","properties":{"code":"11.05","name":"Aceh Barat","prov_name":"Aceh","leafCount":80},"geometry":{"type":"Polygon","coordinates":[[[125.4277949867817,0.8691240411333816],[125.57351691951271,0.8691240411333816],[125.57351691951271,1.0318174830667148],[125.4277949867817,1.0318174830667148],[125.4277949867817,0.8691240411333816]]]}},{"type":"Feature","properties":{"code":"11.73","name":"Kota Lhokseumawe","prov_name":"Aceh","leafCount":22},"geometry":{"type":"Polygon","coordinates":[[[118.14169835023108,-0.5951169362666178],[118.28742028296209,-0.5951169362666178],[118.28742028296209,-0.43242349433328453],[118.14169835023108,-0.43242349433328453],[118.14169835023108,-0.5951169362666178]]]}},{"type":"Feature","properties":{"code":"11.71","name":"Kota Banda Aceh","prov_name":"Aceh","leafCount":24},"geometry":{"type":"Polygon","coordinates":[[[121.20185893758234,1.357204366933381],[121.34758087031335,1.357204366933381],[121.34758087031335,1.5198978088667143],[121.20185893758234,1.5198978088667143],[121.20185893758234,1.357204366933381]]]}},{"type":"Feature","properties":{"code":"11.17","name":"Bener Meriah","prov_name":"Aceh","leafCount":69},"geometry":{"type":"Polygon","coordinates":[[[118.14169835023108,-0.1070366104666183],[118.28742028296209,-0.1070366104666183],[118.28742028296209,0.05565683146671496],[118.14169835023108,0.05565683146671496],[118.14169835023108,-0.1070366104666183]]]}},{"type":"Feature","properties":{"code":"11.09","name":"Simeulue","prov_name":"Aceh","leafCount":29},"geometry":{"type":"Polygon","coordinates":[[[118.14169835023108,1.357204366933381],[118.28742028296209,1.357204366933381],[118.28742028296209,1.5198978088667143],[118.14169835023108,1.5198978088667143],[118.14169835023108,1.357204366933381]]]}},{"type":"Feature","properties":{"code":"11.72","name":"Kota Sabang","prov_name":"Aceh","leafCount":7},"geometry":{"type":"Polygon","coordinates":[[[118.14169835023108,0.8691240411333816],[118.28742028296209,0.8691240411333816],[118.28742028296209,1.0318174830667148],[118.14169835023108,1.0318174830667148],[118.14169835023108,0.8691240411333816]]]}},{"type":"Feature","properties":{"code":"11.04","name":"Aceh Tengah","prov_name":"Aceh","leafCount":73},"geometry":{"type":"Polygon","coordinates":[[[118.14169835023108,0.055656831466715156],[118.28742028296209,0.055656831466715156],[118.28742028296209,0.21835027340004842],[118.14169835023108,0.21835027340004842],[118.14169835023108,0.055656831466715156]]]}},{"type":"Feature","properties":{"code":"11.18","name":"Pidie Jaya","prov_name":"Aceh","leafCount":49},"geometry":{"type":"Polygon","coordinates":[[[123.97057565947158,0.8691240411333816],[124.11629759220259,0.8691240411333816],[124.11629759220259,1.0318174830667148],[123.97057565947158,1.0318174830667148],[123.97057565947158,0.8691240411333816]]]}},{"type":"Feature","properties":{"code":"11.75","name":"Kota Subulussalam","prov_name":"Aceh","leafCount":19},"geometry":{"type":"Polygon","coordinates":[[[126.15640465043677,-1.8966644717332846],[126.30212658316778,-1.8966644717332846],[126.30212658316778,-1.7339710297999513],[126.15640465043677,-1.7339710297999513],[126.15640465043677,-1.8966644717332846]]]}},{"type":"Feature","properties":{"code":"11.10","name":"Aceh Singkil","prov_name":"Aceh","leafCount":25},"geometry":{"type":"Polygon","coordinates":[[[127.6136239777469,-1.8966644717332846],[127.7593459104779,-1.8966644717332846],[127.7593459104779,-1.7339710297999513],[127.6136239777469,-1.7339710297999513],[127.6136239777469,-1.8966644717332846]]]}},{"type":"Feature","properties":{"code":"82.07","name":"Pulau Morotai","prov_name":"Maluku Utara","leafCount":28},"geometry":{"type":"Polygon","coordinates":[[[138.68849086530386,1.1945109250000476],[138.83421279803488,1.1945109250000476],[138.83421279803488,1.3572043669333809],[138.68849086530386,1.3572043669333809],[138.68849086530386,1.1945109250000476]]]}},{"type":"Feature","properties":{"code":"82.01","name":"Halmahera Barat","prov_name":"Maluku Utara","leafCount":34},"geometry":{"type":"Polygon","coordinates":[[[136.35693994160766,1.1945109250000476],[136.50266187433868,1.1945109250000476],[136.50266187433868,1.3572043669333809],[136.35693994160766,1.3572043669333809],[136.35693994160766,1.1945109250000476]]]}},{"type":"Feature","properties":{"code":"82.06","name":"Halmahera Timur","prov_name":"Maluku Utara","leafCount":29},"geometry":{"type":"Polygon","coordinates":[[[138.68849086530386,0.21835027340004862],[138.83421279803488,0.21835027340004862],[138.83421279803488,0.3810437153333819],[138.68849086530386,0.3810437153333819],[138.68849086530386,0.21835027340004862]]]}},{"type":"Feature","properties":{"code":"82.72","name":"Kota Tidore Kepulauan","prov_name":"Maluku Utara","leafCount":27},"geometry":{"type":"Polygon","coordinates":[[[137.52271540345575,-1.4085841459332842],[137.66843733618677,-1.4085841459332842],[137.66843733618677,-1.245890703999951],[137.52271540345575,-1.245890703999951],[137.52271540345575,-1.4085841459332842]]]}},{"type":"Feature","properties":{"code":"82.04","name":"Halmahera Selatan","prov_name":"Maluku Utara","leafCount":62},"geometry":{"type":"Polygon","coordinates":[[[139.1256566634969,-0.7578103781999512],[139.27137859622792,-0.7578103781999512],[139.27137859622792,-0.595116936266618],[139.1256566634969,-0.595116936266618],[139.1256566634969,-0.7578103781999512]]]}},{"type":"Feature","properties":{"code":"82.03","name":"Halmahera Utara","prov_name":"Maluku Utara","leafCount":54},"geometry":{"type":"Polygon","coordinates":[[[137.37699347072476,1.1945109250000476],[137.52271540345578,1.1945109250000476],[137.52271540345578,1.3572043669333809],[137.37699347072476,1.3572043669333809],[137.37699347072476,1.1945109250000476]]]}},{"type":"Feature","properties":{"code":"82.08","name":"Pulau Taliabu","prov_name":"Maluku Utara","leafCount":16},"geometry":{"type":"Polygon","coordinates":[[[136.35693994160766,-0.7578103781999512],[136.50266187433868,-0.7578103781999512],[136.50266187433868,-0.595116936266618],[136.35693994160766,-0.595116936266618],[136.35693994160766,-0.7578103781999512]]]}},{"type":"Feature","properties":{"code":"82.05","name":"Kepulauan Sula","prov_name":"Maluku Utara","leafCount":18},"geometry":{"type":"Polygon","coordinates":[[[136.9398276725317,-0.7578103781999512],[137.0855496052627,-0.7578103781999512],[137.0855496052627,-0.595116936266618],[136.9398276725317,-0.595116936266618],[136.9398276725317,-0.7578103781999512]]]}},{"type":"Feature","properties":{"code":"82.02","name":"Halmahera Tengah","prov_name":"Maluku Utara","leafCount":9},"geometry":{"type":"Polygon","coordinates":[[[138.68849086530386,-0.7578103781999512],[138.83421279803488,-0.7578103781999512],[138.83421279803488,-0.595116936266618],[138.68849086530386,-0.595116936266618],[138.68849086530386,-0.7578103781999512]]]}},{"type":"Feature","properties":{"code":"82.71","name":"Kota Ternate","prov_name":"Maluku Utara","leafCount":17},"geometry":{"type":"Polygon","coordinates":[[[137.52271540345575,-0.7578103781999512],[137.66843733618677,-0.7578103781999512],[137.66843733618677,-0.595116936266618],[137.52271540345575,-0.595116936266618],[137.52271540345575,-0.7578103781999512]]]}},{"type":"Feature","properties":{"code":"75.03","name":"Bone Bolango","prov_name":"Gorontalo","leafCount":49},"geometry":{"type":"Polygon","coordinates":[[[120.03608347573424,-9.217869358733282],[120.18180540846525,-9.217869358733282],[120.18180540846525,-9.055175916799948],[120.03608347573424,-9.055175916799948],[120.03608347573424,-9.217869358733282]]]}},{"type":"Feature","properties":{"code":"75.02","name":"Boalemo","prov_name":"Gorontalo","leafCount":21},"geometry":{"type":"Polygon","coordinates":[[[118.28742028296209,-10.031336568399947],[118.4331422156931,-10.031336568399947],[118.4331422156931,-9.868643126466614],[118.28742028296209,-9.868643126466614],[118.28742028296209,-10.031336568399947]]]}},{"type":"Feature","properties":{"code":"75.04","name":"Pohuwato","prov_name":"Gorontalo","leafCount":24},"geometry":{"type":"Polygon","coordinates":[[[118.28742028296209,-7.265548055533282],[118.4331422156931,-7.265548055533282],[118.4331422156931,-7.102854613599948],[118.28742028296209,-7.102854613599948],[118.28742028296209,-7.265548055533282]]]}},{"type":"Feature","properties":{"code":"75.01","name":"Gorontalo","prov_name":"Gorontalo","leafCount":46},"geometry":{"type":"Polygon","coordinates":[[[120.03608347573424,-7.265548055533282],[120.18180540846525,-7.265548055533282],[120.18180540846525,-7.102854613599948],[120.03608347573424,-7.102854613599948],[120.03608347573424,-7.265548055533282]]]}},{"type":"Feature","properties":{"code":"75.71","name":"Kota Gorontalo","prov_name":"Gorontalo","leafCount":13},"geometry":{"type":"Polygon","coordinates":[[[120.03608347573424,-8.729789032933281],[120.18180540846525,-8.729789032933281],[120.18180540846525,-8.567095590999948],[120.03608347573424,-8.567095590999948],[120.03608347573424,-8.729789032933281]]]}},{"type":"Feature","properties":{"code":"75.05","name":"Gorontalo Utara","prov_name":"Gorontalo","leafCount":33},"geometry":{"type":"Polygon","coordinates":[[[118.28742028296209,-8.567095590999948],[118.4331422156931,-8.567095590999948],[118.4331422156931,-8.404402149066614],[118.28742028296209,-8.404402149066614],[118.28742028296209,-8.567095590999948]]]}}]}