{"type":"FeatureCollection","features":[{"type":"Feature","properties":{"code":"51.05","name":"Klungkung","prov_name":"Bali","leafCount":15},"geometry":{"type":"Polygon","coordinates":[[[133.15105742152537,0.21835027340004862],[133.2967793542564,0.21835027340004862],[133.2967793542564,0.3810437153333819],[133.15105742152537,0.3810437153333819],[133.15105742152537,0.21835027340004862]]]}},{"type":"Feature","properties":{"code":"51.02","name":"Tabanan","prov_name":"Bali","leafCount":29},"geometry":{"type":"Polygon","coordinates":[[[125.86496078497474,0.3810437153333812],[126.01068271770575,0.3810437153333812],[126.01068271770575,0.5437371572667145],[125.86496078497474,0.5437371572667145],[125.86496078497474,0.3810437153333812]]]}},{"type":"Feature","properties":{"code":"51.03","name":"Badung","prov_name":"Bali","leafCount":20},"geometry":{"type":"Polygon","coordinates":[[[133.00533548879437,0.3810437153333812],[133.1510574215254,0.3810437153333812],[133.1510574215254,0.5437371572667145],[133.00533548879437,0.5437371572667145],[133.00533548879437,0.3810437153333812]]]}},{"type":"Feature","properties":{"code":"51.08","name":"Buleleng","prov_name":"Bali","leafCount":38},"geometry":{"type":"Polygon","coordinates":[[[121.20185893758234,0.3810437153333812],[121.34758087031335,0.3810437153333812],[121.34758087031335,0.5437371572667145],[121.20185893758234,0.5437371572667145],[121.20185893758234,0.3810437153333812]]]}},{"type":"Feature","properties":{"code":"51.04","name":"Gianyar","prov_name":"Bali","leafCount":14},"geometry":{"type":"Polygon","coordinates":[[[125.86496078497474,0.21835027340004862],[126.01068271770575,0.21835027340004862],[126.01068271770575,0.3810437153333819],[125.86496078497474,0.3810437153333819],[125.86496078497474,0.21835027340004862]]]}},{"type":"Feature","properties":{"code":"51.07","name":"Karangasem","prov_name":"Bali","leafCount":19},"geometry":{"type":"Polygon","coordinates":[[[136.64838380706968,0.21835027340004862],[136.7941057398007,0.21835027340004862],[136.7941057398007,0.3810437153333819],[136.64838380706968,0.3810437153333819],[136.64838380706968,0.21835027340004862]]]}},{"type":"Feature","properties":{"code":"51.06","name":"Bangli","prov_name":"Bali","leafCount":17},"geometry":{"type":"Polygon","coordinates":[[[129.21656523778805,0.21835027340004862],[129.36228717051907,0.21835027340004862],[129.36228717051907,0.3810437153333819],[129.21656523778805,0.3810437153333819],[129.21656523778805,0.21835027340004862]]]}},{"type":"Feature","properties":{"code":"51.01","name":"Jembrana","prov_name":"Bali","leafCount":16},"geometry":{"type":"Polygon","coordinates":[[[119.30747381207917,0.3810437153333812],[119.45319574481017,0.3810437153333812],[119.45319574481017,0.5437371572667145],[119.30747381207917,0.5437371572667145],[119.30747381207917,0.3810437153333812]]]}},{"type":"Feature","properties":{"code":"51.71","name":"Kota Denpasar","prov_name":"Bali","leafCount":12},"geometry":{"type":"Polygon","coordinates":[[[137.95988120164878,0.3810437153333812],[138.1056031343798,0.3810437153333812],[138.1056031343798,0.5437371572667145],[137.95988120164878,0.5437371572667145],[137.95988120164878,0.3810437153333812]]]}},{"type":"Feature","properties":{"code":"52.02","name":"Lombok Tengah","prov_name":"Nusa Tenggara Barat","leafCount":42},"geometry":{"type":"Polygon","coordinates":[[[125.57351691951271,-0.9205038201332847],[125.71923885224372,-0.9205038201332847],[125.71923885224372,-0.7578103781999515],[125.57351691951271,-0.7578103781999515],[125.57351691951271,-0.9205038201332847]]]}},{"type":"Feature","properties":{"code":"52.03","name":"Lombok Timur","prov_name":"Nusa Tenggara Barat","leafCount":59},"geometry":{"type":"Polygon","coordinates":[[[131.98528195967728,-0.9205038201332847],[132.1310038924083,-0.9205038201332847],[132.1310038924083,-0.7578103781999515],[131.98528195967728,-0.7578103781999515],[131.98528195967728,-0.9205038201332847]]]}},{"type":"Feature","properties":{"code":"52.08","name":"Lombok Utara","prov_name":"Nusa Tenggara Barat","leafCount":9},"geometry":{"type":"Polygon","coordinates":[[[119.45319574481019,-1.0831972620666181],[119.5989176775412,-1.0831972620666181],[119.5989176775412,-0.9205038201332849],[119.45319574481019,-0.9205038201332849],[119.45319574481019,-1.0831972620666181]]]}},{"type":"Feature","properties":{"code":"52.07","name":"Sumbawa Barat","prov_name":"Nusa Tenggara Barat","leafCount":14},"geometry":{"type":"Polygon","coordinates":[[[120.7646931393893,-1.0831972620666181],[120.9104150721203,-1.0831972620666181],[120.9104150721203,-0.9205038201332849],[120.7646931393893,-0.9205038201332849],[120.7646931393893,-1.0831972620666181]]]}},{"type":"Feature","properties":{"code":"52.01","name":"Lombok Barat","prov_name":"Nusa Tenggara Barat","leafCount":30},"geometry":{"type":"Polygon","coordinates":[[[121.05613700485132,-0.9205038201332847],[121.20185893758233,-0.9205038201332847],[121.20185893758233,-0.7578103781999515],[121.05613700485132,-0.7578103781999515],[121.05613700485132,-0.9205038201332847]]]}},{"type":"Feature","properties":{"code":"52.04","name":"Sumbawa","prov_name":"Nusa Tenggara Barat","leafCount":44},"geometry":{"type":"Polygon","coordinates":[[[122.80480019762348,-1.0831972620666181],[122.95052213035449,-1.0831972620666181],[122.95052213035449,-0.9205038201332849],[122.80480019762348,-0.9205038201332849],[122.80480019762348,-1.0831972620666181]]]}},{"type":"Feature","properties":{"code":"52.05","name":"Dompu","prov_name":"Nusa Tenggara Barat","leafCount":16},"geometry":{"type":"Polygon","coordinates":[[[129.36228717051904,-1.0831972620666181],[129.50800910325006,-1.0831972620666181],[129.50800910325006,-0.9205038201332849],[129.36228717051904,-0.9205038201332849],[129.36228717051904,-1.0831972620666181]]]}},{"type":"Feature","properties":{"code":"52.71","name":"Kota Mataram","prov_name":"Nusa Tenggara Barat","leafCount":11},"geometry":{"type":"Polygon","coordinates":[[[119.45319574481019,-0.9205038201332847],[119.5989176775412,-0.9205038201332847],[119.5989176775412,-0.7578103781999515],[119.45319574481019,-0.7578103781999515],[119.45319574481019,-0.9205038201332847]]]}},{"type":"Feature","properties":{"code":"52.06","name":"Bima","prov_name":"Nusa Tenggara Barat","leafCount":48},"geometry":{"type":"Polygon","coordinates":[[[131.83956002694626,-1.0831972620666181],[131.98528195967728,-1.0831972620666181],[131.98528195967728,-0.9205038201332849],[131.83956002694626,-0.9205038201332849],[131.83956002694626,-1.0831972620666181]]]}},{"type":"Feature","properties":{"code":"52.72","name":"Kota Bima","prov_name":"Nusa Tenggara Barat","leafCount":13},"geometry":{"type":"Polygon","coordinates":[[[138.97993473076588,-1.0831972620666181],[139.1256566634969,-1.0831972620666181],[139.1256566634969,-0.9205038201332849],[138.97993473076588,-0.9205038201332849],[138.97993473076588,-1.0831972620666181]]]}},{"type":"Feature","properties":{"code":"32.06","name":"Tasikmalaya","prov_name":"Jawa Barat","leafCount":84},"geometry":{"type":"Polygon","coordinates":[[[106.9211095299431,-5.964000520066616],[107.0668314626741,-5.964000520066616],[107.0668314626741,-5.8013070781332825],[106.9211095299431,-5.8013070781332825],[106.9211095299431,-5.964000520066616]]]}},{"type":"Feature","properties":{"code":"32.05","name":"Garut","prov_name":"Jawa Barat","leafCount":119},"geometry":{"type":"Polygon","coordinates":[[[106.9211095299431,-5.15053331039995],[107.0668314626741,-5.15053331039995],[107.0668314626741,-4.987839868466617],[106.9211095299431,-4.987839868466617],[106.9211095299431,-5.15053331039995]]]}},{"type":"Feature","properties":{"code":"32.02","name":"Sukabumi","prov_name":"Jawa Barat","leafCount":76},"geometry":{"type":"Polygon","coordinates":[[[95.11763297873107,-5.15053331039995],[95.26335491146207,-5.15053331039995],[95.26335491146207,-4.987839868466617],[95.11763297873107,-4.987839868466617],[95.11763297873107,-5.15053331039995]]]}},{"type":"Feature","properties":{"code":"32.10","name":"Majalengka","prov_name":"Jawa Barat","leafCount":83},"geometry":{"type":"Polygon","coordinates":[[[106.9211095299431,-5.8013070781332825],[107.0668314626741,-5.8013070781332825],[107.0668314626741,-5.638613636199949],[106.9211095299431,-5.638613636199949],[106.9211095299431,-5.8013070781332825]]]}},{"type":"Feature","properties":{"code":"32.72","name":"Kota Sukabumi","prov_name":"Jawa Barat","leafCount":4},"geometry":{"type":"Polygon","coordinates":[[[98.61495936427538,-5.15053331039995],[98.76068129700639,-5.15053331039995],[98.76068129700639,-4.987839868466617],[98.61495936427538,-4.987839868466617],[98.61495936427538,-5.15053331039995]]]}},{"type":"Feature","properties":{"code":"32.18","name":"Pangandaran","prov_name":"Jawa Barat","leafCount":23},"geometry":{"type":"Polygon","coordinates":[[[113.33287457010766,-6.289387403933283],[113.47859650283867,-6.289387403933283],[113.47859650283867,-6.126693961999949],[113.33287457010766,-6.126693961999949],[113.33287457010766,-6.289387403933283]]]}},{"type":"Feature","properties":{"code":"32.11","name":"Sumedang","prov_name":"Jawa Barat","leafCount":61},"geometry":{"type":"Polygon","coordinates":[[[106.9211095299431,-5.475920194266616],[107.0668314626741,-5.475920194266616],[107.0668314626741,-5.313226752333282],[106.9211095299431,-5.313226752333282],[106.9211095299431,-5.475920194266616]]]}},{"type":"Feature","properties":{"code":"32.78","name":"Kota Tasikmalaya","prov_name":"Jawa Barat","leafCount":20},"geometry":{"type":"Polygon","coordinates":[[[106.9211095299431,-6.289387403933283],[107.0668314626741,-6.289387403933283],[107.0668314626741,-6.126693961999949],[106.9211095299431,-6.126693961999949],[106.9211095299431,-6.289387403933283]]]}},{"type":"Feature","properties":{"code":"32.17","name":"Bandung Barat","prov_name":"Jawa Barat","leafCount":36},"geometry":{"type":"Polygon","coordinates":[[[102.69517348074373,-5.475920194266616],[102.84089541347474,-5.475920194266616],[102.84089541347474,-5.313226752333282],[102.69517348074373,-5.313226752333282],[102.69517348074373,-5.475920194266616]]]}},{"type":"Feature","properties":{"code":"32.79","name":"Kota Banjar","prov_name":"Jawa Barat","leafCount":7},"geometry":{"type":"Polygon","coordinates":[[[117.85025448476905,-6.289387403933283],[117.99597641750006,-6.289387403933283],[117.99597641750006,-6.126693961999949],[117.85025448476905,-6.126693961999949],[117.85025448476905,-6.289387403933283]]]}},{"type":"Feature","properties":{"code":"32.73","name":"Kota Bandung","prov_name":"Jawa Barat","leafCount":35},"geometry":{"type":"Polygon","coordinates":[[[103.86094894259183,-5.475920194266616],[104.00667087532284,-5.475920194266616],[104.00667087532284,-5.313226752333282],[103.86094894259183,-5.313226752333282],[103.86094894259183,-5.475920194266616]]]}},{"type":"Feature","properties":{"code":"32.08","name":"Kuningan","prov_name":"Jawa Barat","leafCount":86},"geometry":{"type":"Polygon","coordinates":[[[106.9211095299431,-6.452080845866616],[107.0668314626741,-6.452080845866616],[107.0668314626741,-6.289387403933283],[106.9211095299431,-6.289387403933283],[106.9211095299431,-6.452080845866616]]]}},{"type":"Feature","properties":{"code":"32.03","name":"Cianjur","prov_name":"Jawa Barat","leafCount":88},"geometry":{"type":"Polygon","coordinates":[[[98.76068129700639,-5.15053331039995],[98.90640322973739,-5.15053331039995],[98.90640322973739,-4.987839868466617],[98.76068129700639,-4.987839868466617],[98.76068129700639,-5.15053331039995]]]}},{"type":"Feature","properties":{"code":"32.04","name":"Bandung","prov_name":"Jawa Barat","leafCount":67},"geometry":{"type":"Polygon","coordinates":[[[104.88100247170892,-5.475920194266616],[105.02672440443993,-5.475920194266616],[105.02672440443993,-5.313226752333282],[104.88100247170892,-5.313226752333282],[104.88100247170892,-5.475920194266616]]]}},{"type":"Feature","properties":{"code":"32.07","name":"Ciamis","prov_name":"Jawa Barat","leafCount":66},"geometry":{"type":"Polygon","coordinates":[[[113.33287457010766,-5.964000520066616],[113.47859650283867,-5.964000520066616],[113.47859650283867,-5.8013070781332825],[113.33287457010766,-5.8013070781332825],[113.33287457010766,-5.964000520066616]]]}},{"type":"Feature","properties":{"code":"32.15","name":"Karawang","prov_name":"Jawa Barat","leafCount":77},"geometry":{"type":"Polygon","coordinates":[[[100.65506642250955,-5.8013070781332825],[100.80078835524056,-5.8013070781332825],[100.80078835524056,-5.638613636199949],[100.65506642250955,-5.638613636199949],[100.65506642250955,-5.8013070781332825]]]}},{"type":"Feature","properties":{"code":"32.01","name":"Bogor","prov_name":"Jawa Barat","leafCount":111},"geometry":{"type":"Polygon","coordinates":[[[95.11763297873107,-5.8013070781332825],[95.26335491146207,-5.8013070781332825],[95.26335491146207,-5.638613636199949],[95.11763297873107,-5.638613636199949],[95.11763297873107,-5.8013070781332825]]]}},{"type":"Feature","properties":{"code":"32.14","name":"Purwakarta","prov_name":"Jawa Barat","leafCount":51},"geometry":{"type":"Polygon","coordinates":[[[102.69517348074373,-5.15053331039995],[102.84089541347474,-5.15053331039995],[102.84089541347474,-4.987839868466617],[102.69517348074373,-4.987839868466617],[102.69517348074373,-5.15053331039995]]]}},{"type":"Feature","properties":{"code":"32.77","name":"Kota Cimahi","prov_name":"Jawa Barat","leafCount":4},"geometry":{"type":"Polygon","coordinates":[[[103.71522700986083,-5.475920194266616],[103.86094894259183,-5.475920194266616],[103.86094894259183,-5.313226752333282],[103.71522700986083,-5.313226752333282],[103.71522700986083,-5.475920194266616]]]}},{"type":"Feature","properties":{"code":"32.76","name":"Kota Depok","prov_name":"Jawa Barat","leafCount":21},"geometry":{"type":"Polygon","coordinates":[[[95.11763297873107,-6.7774677297332815],[95.26335491146207,-6.7774677297332815],[95.26335491146207,-6.614774287799948],[95.11763297873107,-6.614774287799948],[95.11763297873107,-6.7774677297332815]]]}},{"type":"Feature","properties":{"code":"32.75","name":"Kota Bekasi","prov_name":"Jawa Barat","leafCount":14},"geometry":{"type":"Polygon","coordinates":[[[99.05212516246841,-5.8013070781332825],[99.19784709519942,-5.8013070781332825],[99.19784709519942,-5.638613636199949],[99.05212516246841,-5.638613636199949],[99.05212516246841,-5.8013070781332825]]]}},{"type":"Feature","properties":{"code":"32.71","name":"Kota Bogor","prov_name":"Jawa Barat","leafCount":17},"geometry":{"type":"Polygon","coordinates":[[[95.11763297873107,-6.61477428779995],[95.26335491146207,-6.61477428779995],[95.26335491146207,-6.452080845866616],[95.11763297873107,-6.452080845866616],[95.11763297873107,-6.61477428779995]]]}},{"type":"Feature","properties":{"code":"32.13","name":"Subang","prov_name":"Jawa Barat","leafCount":63},"geometry":{"type":"Polygon","coordinates":[[[102.69517348074373,-6.452080845866616],[102.84089541347474,-6.452080845866616],[102.84089541347474,-6.289387403933283],[102.69517348074373,-6.289387403933283],[102.69517348074373,-6.452080845866616]]]}},{"type":"Feature","properties":{"code":"32.16","name":"Bekasi","prov_name":"Jawa Barat","leafCount":46},"geometry":{"type":"Polygon","coordinates":[[[99.48929096066145,-5.8013070781332825],[99.63501289339246,-5.8013070781332825],[99.63501289339246,-5.638613636199949],[99.48929096066145,-5.638613636199949],[99.48929096066145,-5.8013070781332825]]]}},{"type":"Feature","properties":{"code":"32.12","name":"Indramayu","prov_name":"Jawa Barat","leafCount":66},"geometry":{"type":"Polygon","coordinates":[[[106.9211095299431,-5.638613636199949],[107.0668314626741,-5.638613636199949],[107.0668314626741,-5.475920194266616],[106.9211095299431,-5.475920194266616],[106.9211095299431,-5.638613636199949]]]}},{"type":"Feature","properties":{"code":"32.74","name":"Kota Cirebon","prov_name":"Jawa Barat","leafCount":8},"geometry":{"type":"Polygon","coordinates":[[[112.16709910825955,-6.452080845866616],[112.31282104099056,-6.452080845866616],[112.31282104099056,-6.289387403933283],[112.16709910825955,-6.289387403933283],[112.16709910825955,-6.452080845866616]]]}},{"type":"Feature","properties":{"code":"32.09","name":"Cirebon","prov_name":"Jawa Barat","leafCount":111},"geometry":{"type":"Polygon","coordinates":[[[112.60426490645258,-6.452080845866616],[112.74998683918359,-6.452080845866616],[112.74998683918359,-6.289387403933283],[112.60426490645258,-6.289387403933283],[112.60426490645258,-6.452080845866616]]]}},{"type":"Feature","properties":{"code":"34.02","name":"Bantul","prov_name":"Daerah Istimewa Yogyakarta","leafCount":22},"geometry":{"type":"Polygon","coordinates":[[[119.74463961027222,5.749927299133379],[119.89036154300322,5.749927299133379],[119.89036154300322,5.912620741066712],[119.74463961027222,5.912620741066712],[119.74463961027222,5.749927299133379]]]}},{"type":"Feature","properties":{"code":"34.01","name":"Kulon Progo","prov_name":"Daerah Istimewa Yogyakarta","leafCount":22},"geometry":{"type":"Polygon","coordinates":[[[119.45319574481019,5.749927299133379],[119.5989176775412,5.749927299133379],[119.5989176775412,5.912620741066712],[119.45319574481019,5.912620741066712],[119.45319574481019,5.749927299133379]]]}},{"type":"Feature","properties":{"code":"34.71","name":"Kota Yogyakarta","prov_name":"Daerah Istimewa Yogyakarta","leafCount":8},"geometry":{"type":"Polygon","coordinates":[[[119.74463961027222,3.1468322282000467],[119.89036154300322,3.1468322282000467],[119.89036154300322,3.30952567013338],[119.74463961027222,3.30952567013338],[119.74463961027222,3.1468322282000467]]]}},{"type":"Feature","properties":{"code":"34.04","name":"Sleman","prov_name":"Daerah Istimewa Yogyakarta","leafCount":22},"geometry":{"type":"Polygon","coordinates":[[[120.03608347573424,5.749927299133379],[120.18180540846525,5.749927299133379],[120.18180540846525,5.912620741066712],[120.03608347573424,5.912620741066712],[120.03608347573424,5.749927299133379]]]}},{"type":"Feature","properties":{"code":"34.03","name":"Gunungkidul","prov_name":"Daerah Istimewa Yogyakarta","leafCount":35},"geometry":{"type":"Polygon","coordinates":[[[120.03608347573424,4.448379763666713],[120.18180540846525,4.448379763666713],[120.18180540846525,4.6110732056000465],[120.03608347573424,4.6110732056000465],[120.03608347573424,4.448379763666713]]]}},{"type":"Feature","properties":{"code":"33.08","name":"Magelang","prov_name":"Jawa Tengah","leafCount":107},"geometry":{"type":"Polygon","coordinates":[[[106.62966566448107,-9.055175916799948],[106.77538759721207,-9.055175916799948],[106.77538759721207,-8.892482474866615],[106.62966566448107,-8.892482474866615],[106.62966566448107,-9.055175916799948]]]}},{"type":"Feature","properties":{"code":"33.05","name":"Kebumen","prov_name":"Jawa Tengah","leafCount":107},"geometry":{"type":"Polygon","coordinates":[[[108.0868849917912,-8.07901526519995],[108.2326069245222,-8.07901526519995],[108.2326069245222,-7.916321823266616],[108.0868849917912,-7.916321823266616],[108.0868849917912,-8.07901526519995]]]}},{"type":"Feature","properties":{"code":"33.29","name":"Brebes","prov_name":"Jawa Tengah","leafCount":65},"geometry":{"type":"Polygon","coordinates":[[[95.11763297873107,-8.07901526519995],[95.26335491146207,-8.07901526519995],[95.26335491146207,-7.916321823266616],[95.11763297873107,-7.916321823266616],[95.11763297873107,-8.07901526519995]]]}},{"type":"Feature","properties":{"code":"33.01","name":"Cilacap","prov_name":"Jawa Tengah","leafCount":76},"geometry":{"type":"Polygon","coordinates":[[[95.11763297873107,-8.892482474866615],[95.26335491146207,-8.892482474866615],[95.26335491146207,-8.729789032933281],[95.11763297873107,-8.729789032933281],[95.11763297873107,-8.892482474866615]]]}},{"type":"Feature","properties":{"code":"33.06","name":"Purworejo","prov_name":"Jawa Tengah","leafCount":123},"geometry":{"type":"Polygon","coordinates":[[[113.33287457010766,-8.07901526519995],[113.47859650283867,-8.07901526519995],[113.47859650283867,-7.916321823266616],[113.33287457010766,-7.916321823266616],[113.33287457010766,-8.07901526519995]]]}},{"type":"Feature","properties":{"code":"33.04","name":"Banjarnegara","prov_name":"Jawa Tengah","leafCount":61},"geometry":{"type":"Polygon","coordinates":[[[100.94651028797158,-8.892482474866615],[101.09223222070258,-8.892482474866615],[101.09223222070258,-8.729789032933281],[100.94651028797158,-8.729789032933281],[100.94651028797158,-8.892482474866615]]]}},{"type":"Feature","properties":{"code":"33.23","name":"Temanggung","prov_name":"Jawa Tengah","leafCount":78},"geometry":{"type":"Polygon","coordinates":[[[104.44383667351588,-8.892482474866615],[104.58955860624688,-8.892482474866615],[104.58955860624688,-8.729789032933281],[104.44383667351588,-8.729789032933281],[104.44383667351588,-8.892482474866615]]]}},{"type":"Feature","properties":{"code":"33.10","name":"Klaten","prov_name":"Jawa Tengah","leafCount":87},"geometry":{"type":"Polygon","coordinates":[[[105.02672440443993,-10.031336568399947],[105.17244633717094,-10.031336568399947],[105.17244633717094,-9.868643126466614],[105.02672440443993,-9.868643126466614],[105.02672440443993,-10.031336568399947]]]}},{"type":"Feature","properties":{"code":"33.28","name":"Tegal","prov_name":"Jawa Tengah","leafCount":67},"geometry":{"type":"Polygon","coordinates":[[[95.11763297873107,-8.567095590999948],[95.26335491146207,-8.567095590999948],[95.26335491146207,-8.404402149066614],[95.11763297873107,-8.404402149066614],[95.11763297873107,-8.567095590999948]]]}},{"type":"Feature","properties":{"code":"33.02","name":"Banyumas","prov_name":"Jawa Tengah","leafCount":81},"geometry":{"type":"Polygon","coordinates":[[[97.15774003696525,-8.892482474866615],[97.30346196969626,-8.892482474866615],[97.30346196969626,-8.729789032933281],[97.15774003696525,-8.729789032933281],[97.15774003696525,-8.892482474866615]]]}},{"type":"Feature","properties":{"code":"33.09","name":"Boyolali","prov_name":"Jawa Tengah","leafCount":73},"geometry":{"type":"Polygon","coordinates":[[[95.11763297873107,-10.19403001033328],[95.26335491146207,-10.19403001033328],[95.26335491146207,-10.031336568399947],[95.11763297873107,-10.031336568399947],[95.11763297873107,-10.19403001033328]]]}},{"type":"Feature","properties":{"code":"33.22","name":"Semarang","prov_name":"Jawa Tengah","leafCount":57},"geometry":{"type":"Polygon","coordinates":[[[95.11763297873107,-10.031336568399947],[95.26335491146207,-10.031336568399947],[95.26335491146207,-9.868643126466614],[95.11763297873107,-9.868643126466614],[95.11763297873107,-10.031336568399947]]]}},{"type":"Feature","properties":{"code":"33.21","name":"Demak","prov_name":"Jawa Tengah","leafCount":58},"geometry":{"type":"Polygon","coordinates":[[[106.62966566448107,-9.380562800666615],[106.77538759721207,-9.380562800666615],[106.77538759721207,-9.217869358733282],[106.62966566448107,-9.217869358733282],[106.62966566448107,-9.380562800666615]]]}},{"type":"Feature","properties":{"code":"33.74","name":"Kota Semarang","prov_name":"Jawa Tengah","leafCount":40},"geometry":{"type":"Polygon","coordinates":[[[115.81014742653487,-9.055175916799948],[115.95586935926588,-9.055175916799948],[115.95586935926588,-8.892482474866615],[115.81014742653487,-8.892482474866615],[115.81014742653487,-9.055175916799948]]]}},{"type":"Feature","properties":{"code":"33.24","name":"Kendal","prov_name":"Jawa Tengah","leafCount":69},"geometry":{"type":"Polygon","coordinates":[[[106.62966566448107,-8.892482474866615],[106.77538759721207,-8.892482474866615],[106.77538759721207,-8.729789032933281],[106.62966566448107,-8.729789032933281],[106.62966566448107,-8.892482474866615]]]}},{"type":"Feature","properties":{"code":"33.26","name":"Pekalongan","prov_name":"Jawa Tengah","leafCount":69},"geometry":{"type":"Polygon","coordinates":[[[102.98661734620576,-8.07901526519995],[103.13233927893677,-8.07901526519995],[103.13233927893677,-7.916321823266616],[102.98661734620576,-7.916321823266616],[102.98661734620576,-8.07901526519995]]]}},{"type":"Feature","properties":{"code":"33.15","name":"Grobogan","prov_name":"Jawa Tengah","leafCount":74},"geometry":{"type":"Polygon","coordinates":[[[95.11763297873107,-10.519416894199948],[95.26335491146207,-10.519416894199948],[95.26335491146207,-10.356723452266614],[95.11763297873107,-10.356723452266614],[95.11763297873107,-10.519416894199948]]]}},{"type":"Feature","properties":{"code":"33.71","name":"Kota Magelang","prov_name":"Jawa Tengah","leafCount":3},"geometry":{"type":"Polygon","coordinates":[[[118.57886414842412,-8.892482474866615],[118.72458608115512,-8.892482474866615],[118.72458608115512,-8.729789032933281],[118.57886414842412,-8.729789032933281],[118.57886414842412,-8.892482474866615]]]}},{"type":"Feature","properties":{"code":"33.73","name":"Kota Salatiga","prov_name":"Jawa Tengah","leafCount":4},"geometry":{"type":"Polygon","coordinates":[[[104.44383667351588,-10.031336568399947],[104.58955860624688,-10.031336568399947],[104.58955860624688,-9.868643126466614],[104.44383667351588,-9.868643126466614],[104.44383667351588,-10.031336568399947]]]}},{"type":"Feature","properties":{"code":"33.07","name":"Wonosobo","prov_name":"Jawa Tengah","leafCount":68},"geometry":{"type":"Polygon","coordinates":[[[102.54945154801271,-8.892482474866615],[102.69517348074372,-8.892482474866615],[102.69517348074372,-8.729789032933281],[102.54945154801271,-8.729789032933281],[102.54945154801271,-8.892482474866615]]]}},{"type":"Feature","properties":{"code":"33.03","name":"Purbalingga","prov_name":"Jawa Tengah","leafCount":59},"geometry":{"type":"Polygon","coordinates":[[[97.15774003696525,-9.543256242599949],[97.30346196969626,-9.543256242599949],[97.30346196969626,-9.380562800666615],[97.15774003696525,-9.380562800666615],[97.15774003696525,-9.543256242599949]]]}},{"type":"Feature","properties":{"code":"33.25","name":"Batang","prov_name":"Jawa Tengah","leafCount":55},"geometry":{"type":"Polygon","coordinates":[[[105.755334068095,-8.24170870713328],[105.901056000826,-8.24170870713328],[105.901056000826,-8.079015265199947],[105.755334068095,-8.079015265199947],[105.755334068095,-8.24170870713328]]]}},{"type":"Feature","properties":{"code":"33.27","name":"Pemalang","prov_name":"Jawa Tengah","leafCount":52},"geometry":{"type":"Polygon","coordinates":[[[100.80078835524057,-8.07901526519995],[100.94651028797158,-8.07901526519995],[100.94651028797158,-7.916321823266616],[100.80078835524057,-7.916321823266616],[100.80078835524057,-8.07901526519995]]]}},{"type":"Feature","properties":{"code":"33.11","name":"Sukoharjo","prov_name":"Jawa Tengah","leafCount":46},"geometry":{"type":"Polygon","coordinates":[[[109.83554818456335,-10.19403001033328],[109.98127011729436,-10.19403001033328],[109.98127011729436,-10.031336568399947],[109.83554818456335,-10.031336568399947],[109.83554818456335,-10.19403001033328]]]}},{"type":"Feature","properties":{"code":"33.14","name":"Sragen","prov_name":"Jawa Tengah","leafCount":48},"geometry":{"type":"Polygon","coordinates":[[[98.61495936427538,-10.356723452266616],[98.76068129700639,-10.356723452266616],[98.76068129700639,-10.194030010333282],[98.61495936427538,-10.194030010333282],[98.61495936427538,-10.356723452266616]]]}},{"type":"Feature","properties":{"code":"33.12","name":"Wonogiri","prov_name":"Jawa Tengah","leafCount":82},"geometry":{"type":"Polygon","coordinates":[[[101.2379541534336,-10.519416894199948],[101.38367608616461,-10.519416894199948],[101.38367608616461,-10.356723452266614],[101.2379541534336,-10.356723452266614],[101.2379541534336,-10.519416894199948]]]}},{"type":"Feature","properties":{"code":"33.16","name":"Blora","prov_name":"Jawa Tengah","leafCount":63},"geometry":{"type":"Polygon","coordinates":[[[107.94116305906019,-10.519416894199948],[108.0868849917912,-10.519416894199948],[108.0868849917912,-10.356723452266614],[107.94116305906019,-10.356723452266614],[107.94116305906019,-10.519416894199948]]]}},{"type":"Feature","properties":{"code":"33.13","name":"Karanganyar","prov_name":"Jawa Tengah","leafCount":33},"geometry":{"type":"Polygon","coordinates":[[[110.85560171368044,-10.356723452266616],[111.00132364641145,-10.356723452266616],[111.00132364641145,-10.194030010333282],[110.85560171368044,-10.194030010333282],[110.85560171368044,-10.356723452266616]]]}},{"type":"Feature","properties":{"code":"33.72","name":"Kota Surakarta","prov_name":"Jawa Tengah","leafCount":14},"geometry":{"type":"Polygon","coordinates":[[[95.11763297873107,-10.356723452266616],[95.26335491146207,-10.356723452266616],[95.26335491146207,-10.194030010333282],[95.11763297873107,-10.194030010333282],[95.11763297873107,-10.356723452266616]]]}},{"type":"Feature","properties":{"code":"33.75","name":"Kota Pekalongan","prov_name":"Jawa Tengah","leafCount":4},"geometry":{"type":"Polygon","coordinates":[[[105.755334068095,-8.07901526519995],[105.901056000826,-8.07901526519995],[105.901056000826,-7.916321823266616],[105.755334068095,-7.916321823266616],[105.755334068095,-8.07901526519995]]]}},{"type":"Feature","properties":{"code":"33.20","name":"Jepara","prov_name":"Jawa Tengah","leafCount":52},"geometry":{"type":"Polygon","coordinates":[[[106.62966566448107,-9.543256242599949],[106.77538759721207,-9.543256242599949],[106.77538759721207,-9.380562800666615],[106.62966566448107,-9.380562800666615],[106.62966566448107,-9.543256242599949]]]}},{"type":"Feature","properties":{"code":"33.76","name":"Kota Tegal","prov_name":"Jawa Tengah","leafCount":6},"geometry":{"type":"Polygon","coordinates":[[[95.11763297873107,-8.404402149066614],[95.26335491146207,-8.404402149066614],[95.26335491146207,-8.24170870713328],[95.11763297873107,-8.24170870713328],[95.11763297873107,-8.404402149066614]]]}},{"type":"Feature","properties":{"code":"33.18","name":"Pati","prov_name":"Jawa Tengah","leafCount":97},"geometry":{"type":"Polygon","coordinates":[[[109.98127011729436,-9.705949684533282],[110.12699205002536,-9.705949684533282],[110.12699205002536,-9.543256242599949],[109.98127011729436,-9.543256242599949],[109.98127011729436,-9.705949684533282]]]}},{"type":"Feature","properties":{"code":"33.17","name":"Rembang","prov_name":"Jawa Tengah","leafCount":69},"geometry":{"type":"Polygon","coordinates":[[[113.33287457010766,-10.519416894199948],[113.47859650283867,-10.519416894199948],[113.47859650283867,-10.356723452266614],[113.33287457010766,-10.356723452266614],[113.33287457010766,-10.519416894199948]]]}},{"type":"Feature","properties":{"code":"33.19","name":"Kudus","prov_name":"Jawa Tengah","leafCount":34},"geometry":{"type":"Polygon","coordinates":[[[106.62966566448107,-9.705949684533282],[106.77538759721207,-9.705949684533282],[106.77538759721207,-9.543256242599949],[106.62966566448107,-9.543256242599949],[106.62966566448107,-9.705949684533282]]]}},{"type":"Feature","properties":{"code":"35.29","name":"Sumenep","prov_name":"Jawa Timur","leafCount":84},"geometry":{"type":"Polygon","coordinates":[[[130.67378456509817,2.658751902400047],[130.8195064978292,2.658751902400047],[130.8195064978292,2.8214453443333807],[130.67378456509817,2.8214453443333807],[130.67378456509817,2.658751902400047]]]}},{"type":"Feature","properties":{"code":"35.78","name":"Kota Surabaya","prov_name":"Jawa Timur","leafCount":47},"geometry":{"type":"Polygon","coordinates":[[[130.67378456509817,4.9364600894667126],[130.8195064978292,4.9364600894667126],[130.8195064978292,5.099153531400046],[130.67378456509817,5.099153531400046],[130.67378456509817,4.9364600894667126]]]}},{"type":"Feature","properties":{"code":"35.17","name":"Jombang","prov_name":"Jawa Timur","leafCount":78},"geometry":{"type":"Polygon","coordinates":[[[130.67378456509817,5.749927299133379],[130.8195064978292,5.749927299133379],[130.8195064978292,5.912620741066712],[130.67378456509817,5.912620741066712],[130.67378456509817,5.749927299133379]]]}},{"type":"Feature","properties":{"code":"35.14","name":"Pasuruan","prov_name":"Jawa Timur","leafCount":89},"geometry":{"type":"Polygon","coordinates":[[[130.67378456509817,4.28568632173338],[130.8195064978292,4.28568632173338],[130.8195064978292,4.448379763666713],[130.67378456509817,4.448379763666713],[130.67378456509817,4.28568632173338]]]}},{"type":"Feature","properties":{"code":"35.26","name":"Bangkalan","prov_name":"Jawa Timur","leafCount":58},"geometry":{"type":"Polygon","coordinates":[[[130.67378456509817,3.9602994378667127],[130.8195064978292,3.9602994378667127],[130.8195064978292,4.122992879800046],[130.67378456509817,4.122992879800046],[130.67378456509817,3.9602994378667127]]]}},{"type":"Feature","properties":{"code":"35.13","name":"Probolinggo","prov_name":"Jawa Timur","leafCount":75},"geometry":{"type":"Polygon","coordinates":[[[134.17111095064246,3.6349125540000466],[134.31683288337348,3.6349125540000466],[134.31683288337348,3.79760599593338],[134.17111095064246,3.79760599593338],[134.17111095064246,3.6349125540000466]]]}},{"type":"Feature","properties":{"code":"35.12","name":"Situbondo","prov_name":"Jawa Timur","leafCount":31},"geometry":{"type":"Polygon","coordinates":[[[130.67378456509817,2.8214453443333802],[130.8195064978292,2.8214453443333802],[130.8195064978292,2.9841387862667137],[130.67378456509817,2.9841387862667137],[130.67378456509817,2.8214453443333802]]]}},{"type":"Feature","properties":{"code":"35.10","name":"Banyuwangi","prov_name":"Jawa Timur","leafCount":65},"geometry":{"type":"Polygon","coordinates":[[[130.67378456509817,2.3333650185333807],[130.8195064978292,2.3333650185333807],[130.8195064978292,2.496058460466714],[130.67378456509817,2.496058460466714],[130.67378456509817,2.3333650185333807]]]}},{"type":"Feature","properties":{"code":"35.28","name":"Pamekasan","prov_name":"Jawa Timur","leafCount":43},"geometry":{"type":"Polygon","coordinates":[[[130.67378456509817,3.30952567013338],[130.8195064978292,3.30952567013338],[130.8195064978292,3.4722191120667136],[130.67378456509817,3.4722191120667136],[130.67378456509817,3.30952567013338]]]}},{"type":"Feature","properties":{"code":"35.11","name":"Bondowoso","prov_name":"Jawa Timur","leafCount":53},"geometry":{"type":"Polygon","coordinates":[[[130.67378456509817,2.9841387862667137],[130.8195064978292,2.9841387862667137],[130.8195064978292,3.146832228200047],[130.67378456509817,3.146832228200047],[130.67378456509817,2.9841387862667137]]]}},{"type":"Feature","properties":{"code":"35.05","name":"Blitar","prov_name":"Jawa Timur","leafCount":56},"geometry":{"type":"Polygon","coordinates":[[[128.34223364140195,4.6110732056000465],[128.48795557413297,4.6110732056000465],[128.48795557413297,4.77376664753338],[128.34223364140195,4.77376664753338],[128.34223364140195,4.6110732056000465]]]}},{"type":"Feature","properties":{"code":"35.15","name":"Sidoarjo","prov_name":"Jawa Timur","leafCount":76},"geometry":{"type":"Polygon","coordinates":[[[130.67378456509817,5.2618469733333795],[130.8195064978292,5.2618469733333795],[130.8195064978292,5.424540415266713],[130.67378456509817,5.424540415266713],[130.67378456509817,5.2618469733333795]]]}},{"type":"Feature","properties":{"code":"35.25","name":"Gresik","prov_name":"Jawa Timur","leafCount":91},"geometry":{"type":"Polygon","coordinates":[[[120.91041507212032,2.4960584604667138],[121.05613700485132,2.4960584604667138],[121.05613700485132,2.658751902400047],[120.91041507212032,2.658751902400047],[120.91041507212032,2.4960584604667138]]]}},{"type":"Feature","properties":{"code":"35.24","name":"Lamongan","prov_name":"Jawa Timur","leafCount":125},"geometry":{"type":"Polygon","coordinates":[[[120.91041507212032,2.9841387862667137],[121.05613700485132,2.9841387862667137],[121.05613700485132,3.146832228200047],[120.91041507212032,3.146832228200047],[120.91041507212032,2.9841387862667137]]]}},{"type":"Feature","properties":{"code":"35.09","name":"Jember","prov_name":"Jawa Timur","leafCount":60},"geometry":{"type":"Polygon","coordinates":[[[130.67378456509817,3.1468322282000467],[130.8195064978292,3.1468322282000467],[130.8195064978292,3.30952567013338],[130.67378456509817,3.30952567013338],[130.67378456509817,3.1468322282000467]]]}},{"type":"Feature","properties":{"code":"35.01","name":"Pacitan","prov_name":"Jawa Timur","leafCount":45},"geometry":{"type":"Polygon","coordinates":[[[120.91041507212032,5.749927299133379],[121.05613700485132,5.749927299133379],[121.05613700485132,5.912620741066712],[120.91041507212032,5.912620741066712],[120.91041507212032,5.749927299133379]]]}},{"type":"Feature","properties":{"code":"35.27","name":"Sampang","prov_name":"Jawa Timur","leafCount":33},"geometry":{"type":"Polygon","coordinates":[[[130.67378456509817,3.6349125540000466],[130.8195064978292,3.6349125540000466],[130.8195064978292,3.79760599593338],[130.67378456509817,3.79760599593338],[130.67378456509817,3.6349125540000466]]]}},{"type":"Feature","properties":{"code":"35.02","name":"Ponorogo","prov_name":"Jawa Timur","leafCount":78},"geometry":{"type":"Polygon","coordinates":[[[120.91041507212032,4.6110732056000465],[121.05613700485132,4.6110732056000465],[121.05613700485132,4.77376664753338],[120.91041507212032,4.77376664753338],[120.91041507212032,4.6110732056000465]]]}},{"type":"Feature","properties":{"code":"35.19","name":"Madiun","prov_name":"Jawa Timur","leafCount":50},"geometry":{"type":"Polygon","coordinates":[[[126.5935704486298,5.424540415266713],[126.73929238136081,5.424540415266713],[126.73929238136081,5.587233857200046],[126.5935704486298,5.587233857200046],[126.5935704486298,5.424540415266713]]]}},{"type":"Feature","properties":{"code":"35.06","name":"Kediri","prov_name":"Jawa Timur","leafCount":86},"geometry":{"type":"Polygon","coordinates":[[[122.07619053396841,3.30952567013338],[122.22191246669942,3.30952567013338],[122.22191246669942,3.4722191120667136],[122.07619053396841,3.4722191120667136],[122.07619053396841,3.30952567013338]]]}},{"type":"Feature","properties":{"code":"35.08","name":"Lumajang","prov_name":"Jawa Timur","leafCount":58},"geometry":{"type":"Polygon","coordinates":[[[130.67378456509817,3.79760599593338],[130.8195064978292,3.79760599593338],[130.8195064978292,3.9602994378667136],[130.67378456509817,3.9602994378667136],[130.67378456509817,3.79760599593338]]]}},{"type":"Feature","properties":{"code":"35.20","name":"Magetan","prov_name":"Jawa Timur","leafCount":65},"geometry":{"type":"Polygon","coordinates":[[[120.91041507212032,5.424540415266713],[121.05613700485132,5.424540415266713],[121.05613700485132,5.587233857200046],[120.91041507212032,5.587233857200046],[120.91041507212032,5.424540415266713]]]}},{"type":"Feature","properties":{"code":"35.22","name":"Bojonegoro","prov_name":"Jawa Timur","leafCount":118},"geometry":{"type":"Polygon","coordinates":[[[120.91041507212032,4.9364600894667126],[121.05613700485132,4.9364600894667126],[121.05613700485132,5.099153531400046],[120.91041507212032,5.099153531400046],[120.91041507212032,4.9364600894667126]]]}},{"type":"Feature","properties":{"code":"35.18","name":"Nganjuk","prov_name":"Jawa Timur","leafCount":62},"geometry":{"type":"Polygon","coordinates":[[[120.91041507212032,3.4722191120667136],[121.05613700485132,3.4722191120667136],[121.05613700485132,3.634912554000047],[120.91041507212032,3.634912554000047],[120.91041507212032,3.4722191120667136]]]}},{"type":"Feature","properties":{"code":"35.16","name":"Mojokerto","prov_name":"Jawa Timur","leafCount":83},"geometry":{"type":"Polygon","coordinates":[[[135.62833027795259,5.749927299133379],[135.7740522106836,5.749927299133379],[135.7740522106836,5.912620741066712],[135.62833027795259,5.912620741066712],[135.62833027795259,5.749927299133379]]]}},{"type":"Feature","properties":{"code":"35.71","name":"Kota Kediri","prov_name":"Jawa Timur","leafCount":11},"geometry":{"type":"Polygon","coordinates":[[[120.91041507212032,3.30952567013338],[121.05613700485132,3.30952567013338],[121.05613700485132,3.4722191120667136],[120.91041507212032,3.4722191120667136],[120.91041507212032,3.30952567013338]]]}},{"type":"Feature","properties":{"code":"35.75","name":"Kota Pasuruan","prov_name":"Jawa Timur","leafCount":11},"geometry":{"type":"Polygon","coordinates":[[[139.85426632715195,4.28568632173338],[139.99998825988297,4.28568632173338],[139.99998825988297,4.448379763666713],[139.85426632715195,4.448379763666713],[139.85426632715195,4.28568632173338]]]}},{"type":"Feature","properties":{"code":"35.03","name":"Trenggalek","prov_name":"Jawa Timur","leafCount":34},"geometry":{"type":"Polygon","coordinates":[[[120.91041507212032,4.122992879800046],[121.05613700485132,4.122992879800046],[121.05613700485132,4.28568632173338],[120.91041507212032,4.28568632173338],[120.91041507212032,4.122992879800046]]]}},{"type":"Feature","properties":{"code":"35.04","name":"Tulungagung","prov_name":"Jawa Timur","leafCount":56},"geometry":{"type":"Polygon","coordinates":[[[125.71923885224373,4.6110732056000465],[125.86496078497474,4.6110732056000465],[125.86496078497474,4.77376664753338],[125.71923885224373,4.77376664753338],[125.71923885224373,4.6110732056000465]]]}},{"type":"Feature","properties":{"code":"35.21","name":"Ngawi","prov_name":"Jawa Timur","leafCount":61},"geometry":{"type":"Polygon","coordinates":[[[120.91041507212032,5.5872338572000455],[121.05613700485132,5.5872338572000455],[121.05613700485132,5.749927299133379],[120.91041507212032,5.749927299133379],[120.91041507212032,5.5872338572000455]]]}},{"type":"Feature","properties":{"code":"35.23","name":"Tuban","prov_name":"Jawa Timur","leafCount":76},"geometry":{"type":"Polygon","coordinates":[[[120.91041507212032,3.79760599593338],[121.05613700485132,3.79760599593338],[121.05613700485132,3.9602994378667136],[120.91041507212032,3.9602994378667136],[120.91041507212032,3.79760599593338]]]}},{"type":"Feature","properties":{"code":"35.79","name":"Kota Batu","prov_name":"Jawa Timur","leafCount":5},"geometry":{"type":"Polygon","coordinates":[[[130.67378456509817,4.77376664753338],[130.8195064978292,4.77376664753338],[130.8195064978292,4.936460089466713],[130.67378456509817,4.936460089466713],[130.67378456509817,4.77376664753338]]]}},{"type":"Feature","properties":{"code":"35.72","name":"Kota Blitar","prov_name":"Jawa Timur","leafCount":6},"geometry":{"type":"Polygon","coordinates":[[[128.05078977593993,4.6110732056000465],[128.19651170867095,4.6110732056000465],[128.19651170867095,4.77376664753338],[128.05078977593993,4.77376664753338],[128.05078977593993,4.6110732056000465]]]}},{"type":"Feature","properties":{"code":"35.76","name":"Kota Mojokerto","prov_name":"Jawa Timur","leafCount":2},"geometry":{"type":"Polygon","coordinates":[[[135.4826083452216,5.749927299133379],[135.6283302779526,5.749927299133379],[135.6283302779526,5.912620741066712],[135.4826083452216,5.912620741066712],[135.4826083452216,5.749927299133379]]]}},{"type":"Feature","properties":{"code":"35.07","name":"Malang","prov_name":"Jawa Timur","leafCount":94},"geometry":{"type":"Polygon","coordinates":[[[131.1109503632912,4.77376664753338],[131.25667229602223,4.77376664753338],[131.25667229602223,4.936460089466713],[131.1109503632912,4.936460089466713],[131.1109503632912,4.77376664753338]]]}},{"type":"Feature","properties":{"code":"35.74","name":"Kota Probolinggo","prov_name":"Jawa Timur","leafCount":6},"geometry":{"type":"Polygon","coordinates":[[[133.58822321971843,3.6349125540000466],[133.73394515244945,3.6349125540000466],[133.73394515244945,3.79760599593338],[133.58822321971843,3.79760599593338],[133.58822321971843,3.6349125540000466]]]}},{"type":"Feature","properties":{"code":"35.77","name":"Kota Madiun","prov_name":"Jawa Timur","leafCount":5},"geometry":{"type":"Polygon","coordinates":[[[126.15640465043677,5.424540415266713],[126.30212658316778,5.424540415266713],[126.30212658316778,5.587233857200046],[126.15640465043677,5.587233857200046],[126.15640465043677,5.424540415266713]]]}},{"type":"Feature","properties":{"code":"35.73","name":"Kota Malang","prov_name":"Jawa Timur","leafCount":14},"geometry":{"type":"Polygon","coordinates":[[[130.67378456509817,4.448379763666713],[130.8195064978292,4.448379763666713],[130.8195064978292,4.6110732056000465],[130.67378456509817,4.6110732056000465],[130.67378456509817,4.448379763666713]]]}},{"type":"Feature","properties":{"code":"73.10","name":"Pangkajene Kepulauan","prov_name":"Sulawesi Selatan","leafCount":27},"geometry":{"type":"Polygon","coordinates":[[[126.4478485158988,-2.3847447975332834],[126.5935704486298,-2.3847447975332834],[126.5935704486298,-2.22205135559995],[126.4478485158988,-2.22205135559995],[126.4478485158988,-2.3847447975332834]]]}},{"type":"Feature","properties":{"code":"73.01","name":"Kepulauan Selayar","prov_name":"Sulawesi Selatan","leafCount":16},"geometry":{"type":"Polygon","coordinates":[[[139.99998825988297,-2.3847447975332834],[140.145710192614,-2.3847447975332834],[140.145710192614,-2.22205135559995],[139.99998825988297,-2.22205135559995],[139.99998825988297,-2.3847447975332834]]]}},{"type":"Feature","properties":{"code":"73.13","name":"Wajo","prov_name":"Sulawesi Selatan","leafCount":40},"geometry":{"type":"Polygon","coordinates":[[[136.7941057398007,-1.8966644717332846],[136.93982767253172,-1.8966644717332846],[136.93982767253172,-1.7339710297999513],[136.7941057398007,-1.7339710297999513],[136.7941057398007,-1.8966644717332846]]]}},{"type":"Feature","properties":{"code":"73.05","name":"Takalar","prov_name":"Sulawesi Selatan","leafCount":34},"geometry":{"type":"Polygon","coordinates":[[[132.13100389240827,-2.3847447975332834],[132.2767258251393,-2.3847447975332834],[132.2767258251393,-2.22205135559995],[132.13100389240827,-2.22205135559995],[132.13100389240827,-2.3847447975332834]]]}},{"type":"Feature","properties":{"code":"73.14","name":"Sidenreng Rappang","prov_name":"Sulawesi Selatan","leafCount":24},"geometry":{"type":"Polygon","coordinates":[[[135.04544254702853,-1.8966644717332846],[135.19116447975955,-1.8966644717332846],[135.19116447975955,-1.7339710297999513],[135.04544254702853,-1.7339710297999513],[135.04544254702853,-1.8966644717332846]]]}},{"type":"Feature","properties":{"code":"73.09","name":"Maros","prov_name":"Sulawesi Selatan","leafCount":29},"geometry":{"type":"Polygon","coordinates":[[[124.84490725585766,-2.3847447975332834],[124.99062918858867,-2.3847447975332834],[124.99062918858867,-2.22205135559995],[124.84490725585766,-2.22205135559995],[124.84490725585766,-2.3847447975332834]]]}},{"type":"Feature","properties":{"code":"73.15","name":"Pinrang","prov_name":"Sulawesi Selatan","leafCount":31},"geometry":{"type":"Polygon","coordinates":[[[133.2967793542564,-1.8966644717332846],[133.4425012869874,-1.8966644717332846],[133.4425012869874,-1.7339710297999513],[133.2967793542564,-1.7339710297999513],[133.2967793542564,-1.8966644717332846]]]}},{"type":"Feature","properties":{"code":"73.17","name":"Luwu","prov_name":"Sulawesi Selatan","leafCount":62},"geometry":{"type":"Polygon","coordinates":[[[128.19651170867095,-1.8966644717332846],[128.34223364140198,-1.8966644717332846],[128.34223364140198,-1.7339710297999513],[128.19651170867095,-1.7339710297999513],[128.19651170867095,-1.8966644717332846]]]}},{"type":"Feature","properties":{"code":"73.07","name":"Sinjai","prov_name":"Sulawesi Selatan","leafCount":25},"geometry":{"type":"Polygon","coordinates":[[[134.02538901791144,-2.3847447975332834],[134.17111095064246,-2.3847447975332834],[134.17111095064246,-2.22205135559995],[134.02538901791144,-2.22205135559995],[134.02538901791144,-2.3847447975332834]]]}},{"type":"Feature","properties":{"code":"73.04","name":"Jeneponto","prov_name":"Sulawesi Selatan","leafCount":28},"geometry":{"type":"Polygon","coordinates":[[[138.39704699984185,-2.3847447975332834],[138.54276893257287,-2.3847447975332834],[138.54276893257287,-2.22205135559995],[138.39704699984185,-2.22205135559995],[138.39704699984185,-2.3847447975332834]]]}},{"type":"Feature","properties":{"code":"73.24","name":"Luwu Timur","prov_name":"Sulawesi Selatan","leafCount":28},"geometry":{"type":"Polygon","coordinates":[[[119.45319574481019,-1.8966644717332846],[119.5989176775412,-1.8966644717332846],[119.5989176775412,-1.7339710297999513],[119.45319574481019,-1.7339710297999513],[119.45319574481019,-1.8966644717332846]]]}},{"type":"Feature","properties":{"code":"73.03","name":"Bantaeng","prov_name":"Sulawesi Selatan","leafCount":16},"geometry":{"type":"Polygon","coordinates":[[[137.37699347072476,-2.3847447975332834],[137.52271540345578,-2.3847447975332834],[137.52271540345578,-2.22205135559995],[137.37699347072476,-2.22205135559995],[137.37699347072476,-2.3847447975332834]]]}},{"type":"Feature","properties":{"code":"73.22","name":"Luwu Utara","prov_name":"Sulawesi Selatan","leafCount":34},"geometry":{"type":"Polygon","coordinates":[[[121.05613700485132,-1.8966644717332846],[121.20185893758233,-1.8966644717332846],[121.20185893758233,-1.7339710297999513],[121.05613700485132,-1.7339710297999513],[121.05613700485132,-1.8966644717332846]]]}},{"type":"Feature","properties":{"code":"73.02","name":"Bulukumba","prov_name":"Sulawesi Selatan","leafCount":33},"geometry":{"type":"Polygon","coordinates":[[[135.4826083452216,-2.3847447975332834],[135.6283302779526,-2.3847447975332834],[135.6283302779526,-2.22205135559995],[135.4826083452216,-2.22205135559995],[135.4826083452216,-2.3847447975332834]]]}},{"type":"Feature","properties":{"code":"73.12","name":"Soppeng","prov_name":"Sulawesi Selatan","leafCount":19},"geometry":{"type":"Polygon","coordinates":[[[139.1256566634969,-1.8966644717332846],[139.27137859622792,-1.8966644717332846],[139.27137859622792,-1.7339710297999513],[139.1256566634969,-1.7339710297999513],[139.1256566634969,-1.8966644717332846]]]}},{"type":"Feature","properties":{"code":"73.16","name":"Enrekang","prov_name":"Sulawesi Selatan","leafCount":29},"geometry":{"type":"Polygon","coordinates":[[[131.69383809421527,-1.8966644717332846],[131.8395600269463,-1.8966644717332846],[131.8395600269463,-1.7339710297999513],[131.69383809421527,-1.7339710297999513],[131.69383809421527,-1.8966644717332846]]]}},{"type":"Feature","properties":{"code":"73.18","name":"Tana Toraja","prov_name":"Sulawesi Selatan","leafCount":44},"geometry":{"type":"Polygon","coordinates":[[[124.99062918858867,-1.8966644717332846],[125.13635112131968,-1.8966644717332846],[125.13635112131968,-1.7339710297999513],[124.99062918858867,-1.7339710297999513],[124.99062918858867,-1.8966644717332846]]]}},{"type":"Feature","properties":{"code":"73.06","name":"Gowa","prov_name":"Sulawesi Selatan","leafCount":36},"geometry":{"type":"Polygon","coordinates":[[[129.9451749014431,-2.3847447975332834],[130.09089683417412,-2.3847447975332834],[130.09089683417412,-2.22205135559995],[129.9451749014431,-2.22205135559995],[129.9451749014431,-2.3847447975332834]]]}},{"type":"Feature","properties":{"code":"73.11","name":"Barru","prov_name":"Sulawesi Selatan","leafCount":13},"geometry":{"type":"Polygon","coordinates":[[[140.145710192614,-1.8966644717332846],[140.291432125345,-1.8966644717332846],[140.291432125345,-1.7339710297999513],[140.145710192614,-1.7339710297999513],[140.145710192614,-1.8966644717332846]]]}},{"type":"Feature","properties":{"code":"73.71","name":"Kota Makassar","prov_name":"Sulawesi Selatan","leafCount":34},"geometry":{"type":"Polygon","coordinates":[[[128.05078977593993,-2.3847447975332834],[128.19651170867095,-2.3847447975332834],[128.19651170867095,-2.22205135559995],[128.05078977593993,-2.22205135559995],[128.05078977593993,-2.3847447975332834]]]}},{"type":"Feature","properties":{"code":"73.72","name":"Kota Pare Pare","prov_name":"Sulawesi Selatan","leafCount":7},"geometry":{"type":"Polygon","coordinates":[[[136.35693994160766,-1.8966644717332846],[136.50266187433868,-1.8966644717332846],[136.50266187433868,-1.7339710297999513],[136.35693994160766,-1.7339710297999513],[136.35693994160766,-1.8966644717332846]]]}},{"type":"Feature","properties":{"code":"73.73","name":"Kota Palopo","prov_name":"Sulawesi Selatan","leafCount":12},"geometry":{"type":"Polygon","coordinates":[[[127.46790204501588,-1.8966644717332846],[127.61362397774688,-1.8966644717332846],[127.61362397774688,-1.7339710297999513],[127.46790204501588,-1.7339710297999513],[127.46790204501588,-1.8966644717332846]]]}},{"type":"Feature","properties":{"code":"73.26","name":"Toraja Utara","prov_name":"Sulawesi Selatan","leafCount":38},"geometry":{"type":"Polygon","coordinates":[[[122.9505221303545,-1.8966644717332846],[123.0962440630855,-1.8966644717332846],[123.0962440630855,-1.7339710297999513],[122.9505221303545,-1.7339710297999513],[122.9505221303545,-1.8966644717332846]]]}},{"type":"Feature","properties":{"code":"73.08","name":"Bone","prov_name":"Sulawesi Selatan","leafCount":93},"geometry":{"type":"Polygon","coordinates":[[[119.45319574481019,-2.3847447975332834],[119.5989176775412,-2.3847447975332834],[119.5989176775412,-2.22205135559995],[119.45319574481019,-2.22205135559995],[119.45319574481019,-2.3847447975332834]]]}},{"type":"Feature","properties":{"code":"13.09","name":"Kepulauan Mentawai","prov_name":"Sumatera Barat","leafCount":6},"geometry":{"type":"Polygon","coordinates":[[[118.87030801388613,1.1945109250000476],[119.01602994661714,1.1945109250000476],[119.01602994661714,1.3572043669333809],[118.87030801388613,1.3572043669333809],[118.87030801388613,1.1945109250000476]]]}},{"type":"Feature","properties":{"code":"13.03","name":"Sijunjung","prov_name":"Sumatera Barat","leafCount":18},"geometry":{"type":"Polygon","coordinates":[[[106.04677793355702,1.1945109250000476],[106.19249986628803,1.1945109250000476],[106.19249986628803,1.3572043669333809],[106.04677793355702,1.3572043669333809],[106.04677793355702,1.1945109250000476]]]}},{"type":"Feature","properties":{"code":"13.02","name":"Solok","prov_name":"Sumatera Barat","leafCount":19},"geometry":{"type":"Polygon","coordinates":[[[107.50399726086715,1.031817483066715],[107.64971919359816,1.031817483066715],[107.64971919359816,1.1945109250000483],[107.50399726086715,1.1945109250000483],[107.50399726086715,1.031817483066715]]]}},{"type":"Feature","properties":{"code":"13.01","name":"Pesisir Selatan","prov_name":"Sumatera Barat","leafCount":59},"geometry":{"type":"Polygon","coordinates":[[[114.20720616649373,1.1945109250000476],[114.35292809922474,1.1945109250000476],[114.35292809922474,1.3572043669333809],[114.20720616649373,1.3572043669333809],[114.20720616649373,1.1945109250000476]]]}},{"type":"Feature","properties":{"code":"13.77","name":"Kota Pariaman","prov_name":"Sumatera Barat","leafCount":19},"geometry":{"type":"Polygon","coordinates":[[[102.54945154801271,0.8691240411333816],[102.69517348074372,0.8691240411333816],[102.69517348074372,1.0318174830667148],[102.54945154801271,1.0318174830667148],[102.54945154801271,0.8691240411333816]]]}},{"type":"Feature","properties":{"code":"13.71","name":"Kota Padang","prov_name":"Sumatera Barat","leafCount":34},"geometry":{"type":"Polygon","coordinates":[[[109.39838238637032,1.1945109250000476],[109.54410431910132,1.1945109250000476],[109.54410431910132,1.3572043669333809],[109.39838238637032,1.3572043669333809],[109.39838238637032,1.1945109250000476]]]}},{"type":"Feature","properties":{"code":"13.05","name":"Padang Pariaman","prov_name":"Sumatera Barat","leafCount":25},"geometry":{"type":"Polygon","coordinates":[[[98.61495936427538,0.8691240411333816],[98.76068129700639,0.8691240411333816],[98.76068129700639,1.0318174830667148],[98.61495936427538,1.0318174830667148],[98.61495936427538,0.8691240411333816]]]}},{"type":"Feature","properties":{"code":"13.76","name":"Kota Payakumbuh","prov_name":"Sumatera Barat","leafCount":11},"geometry":{"type":"Polygon","coordinates":[[[98.9064032297374,1.031817483066715],[99.05212516246841,1.031817483066715],[99.05212516246841,1.1945109250000483],[98.9064032297374,1.1945109250000483],[98.9064032297374,1.031817483066715]]]}},{"type":"Feature","properties":{"code":"13.06","name":"Agam","prov_name":"Sumatera Barat","leafCount":20},"geometry":{"type":"Polygon","coordinates":[[[101.09223222070258,1.031817483066715],[101.23795415343359,1.031817483066715],[101.23795415343359,1.1945109250000483],[101.09223222070258,1.1945109250000483],[101.09223222070258,1.031817483066715]]]}},{"type":"Feature","properties":{"code":"13.07","name":"Lima Puluh Kota","prov_name":"Sumatera Barat","leafCount":19},"geometry":{"type":"Polygon","coordinates":[[[94.97191104600006,1.031817483066715],[95.11763297873107,1.031817483066715],[95.11763297873107,1.1945109250000483],[94.97191104600006,1.1945109250000483],[94.97191104600006,1.031817483066715]]]}},{"type":"Feature","properties":{"code":"13.04","name":"Tanah Datar","prov_name":"Sumatera Barat","leafCount":21},"geometry":{"type":"Polygon","coordinates":[[[94.97191104600006,0.8691240411333816],[95.11763297873107,0.8691240411333816],[95.11763297873107,1.0318174830667148],[94.97191104600006,1.0318174830667148],[94.97191104600006,0.8691240411333816]]]}},{"type":"Feature","properties":{"code":"13.08","name":"Pasaman","prov_name":"Sumatera Barat","leafCount":9},"geometry":{"type":"Polygon","coordinates":[[[94.97191104600006,1.1945109250000476],[95.11763297873107,1.1945109250000476],[95.11763297873107,1.3572043669333809],[94.97191104600006,1.3572043669333809],[94.97191104600006,1.1945109250000476]]]}},{"type":"Feature","properties":{"code":"13.73","name":"Kota Sawahlunto","prov_name":"Sumatera Barat","leafCount":7},"geometry":{"type":"Polygon","coordinates":[[[105.46389020263297,1.1945109250000476],[105.60961213536397,1.1945109250000476],[105.60961213536397,1.3572043669333809],[105.46389020263297,1.3572043669333809],[105.46389020263297,1.1945109250000476]]]}},{"type":"Feature","properties":{"code":"13.72","name":"Kota Solok","prov_name":"Sumatera Barat","leafCount":4},"geometry":{"type":"Polygon","coordinates":[[[107.50399726086715,1.1945109250000476],[107.64971919359816,1.1945109250000476],[107.64971919359816,1.3572043669333809],[107.50399726086715,1.3572043669333809],[107.50399726086715,1.1945109250000476]]]}},{"type":"Feature","properties":{"code":"13.11","name":"Solok Selatan","prov_name":"Sumatera Barat","leafCount":13},"geometry":{"type":"Polygon","coordinates":[[[113.18715263737664,1.1945109250000476],[113.33287457010765,1.1945109250000476],[113.33287457010765,1.3572043669333809],[113.18715263737664,1.3572043669333809],[113.18715263737664,1.1945109250000476]]]}},{"type":"Feature","properties":{"code":"13.12","name":"Pasaman Barat","prov_name":"Sumatera Barat","leafCount":2},"geometry":{"type":"Polygon","coordinates":[[[103.71522700986083,1.1945109250000476],[103.86094894259183,1.1945109250000476],[103.86094894259183,1.3572043669333809],[103.71522700986083,1.3572043669333809],[103.71522700986083,1.1945109250000476]]]}},{"type":"Feature","properties":{"code":"13.10","name":"Dharmasraya","prov_name":"Sumatera Barat","leafCount":12},"geometry":{"type":"Polygon","coordinates":[[[112.16709910825955,1.1945109250000476],[112.31282104099056,1.1945109250000476],[112.31282104099056,1.3572043669333809],[112.16709910825955,1.3572043669333809],[112.16709910825955,1.1945109250000476]]]}},{"type":"Feature","properties":{"code":"13.75","name":"Kota Bukittinggi","prov_name":"Sumatera Barat","leafCount":2},"geometry":{"type":"Polygon","coordinates":[[[105.17244633717095,1.031817483066715],[105.31816826990196,1.031817483066715],[105.31816826990196,1.1945109250000483],[105.17244633717095,1.1945109250000483],[105.17244633717095,1.031817483066715]]]}},{"type":"Feature","properties":{"code":"13.74","name":"Kota Padang Panjang","prov_name":"Sumatera Barat","leafCount":3},"geometry":{"type":"Polygon","coordinates":[[[98.17779356608234,0.8691240411333816],[98.32351549881335,0.8691240411333816],[98.32351549881335,1.0318174830667148],[98.17779356608234,1.0318174830667148],[98.17779356608234,0.8691240411333816]]]}},{"type":"Feature","properties":{"code":"13.--","name":"13.--","prov_name":"Sumatera Barat","leafCount":1},"geometry":{"type":"Polygon","coordinates":[[[109.39838238637032,0.8691240411333816],[109.54410431910132,0.8691240411333816],[109.54410431910132,1.0318174830667148],[109.39838238637032,1.0318174830667148],[109.39838238637032,0.8691240411333816]]]}},{"type":"Feature","properties":{"code":"15.02","name":"Merangin","prov_name":"Jambi","leafCount":51},"geometry":{"type":"Polygon","coordinates":[[[105.02672440443993,-0.9205038201332847],[105.17244633717094,-0.9205038201332847],[105.17244633717094,-0.7578103781999515],[105.02672440443993,-0.7578103781999515],[105.02672440443993,-0.9205038201332847]]]}},{"type":"Feature","properties":{"code":"15.03","name":"Sarolangun","prov_name":"Jambi","leafCount":32},"geometry":{"type":"Polygon","coordinates":[[[101.82084188435765,-1.0831972620666181],[101.96656381708866,-1.0831972620666181],[101.96656381708866,-0.9205038201332849],[101.82084188435765,-0.9205038201332849],[101.82084188435765,-1.0831972620666181]]]}},{"type":"Feature","properties":{"code":"15.05","name":"Muaro Jambi","prov_name":"Jambi","leafCount":37},"geometry":{"type":"Polygon","coordinates":[[[101.52939801889563,-1.2458907039999507],[101.67511995162664,-1.2458907039999507],[101.67511995162664,-1.0831972620666175],[101.52939801889563,-1.0831972620666175],[101.52939801889563,-1.2458907039999507]]]}},{"type":"Feature","properties":{"code":"15.01","name":"Kerinci","prov_name":"Jambi","leafCount":85},"geometry":{"type":"Polygon","coordinates":[[[99.48929096066145,-0.7578103781999512],[99.63501289339246,-0.7578103781999512],[99.63501289339246,-0.595116936266618],[99.48929096066145,-0.595116936266618],[99.48929096066145,-0.7578103781999512]]]}},{"type":"Feature","properties":{"code":"15.72","name":"Kota Sungai Penuh","prov_name":"Jambi","leafCount":19},"geometry":{"type":"Polygon","coordinates":[[[94.97191104600006,-0.7578103781999512],[95.11763297873107,-0.7578103781999512],[95.11763297873107,-0.595116936266618],[94.97191104600006,-0.595116936266618],[94.97191104600006,-0.7578103781999512]]]}},{"type":"Feature","properties":{"code":"15.08","name":"Bungo","prov_name":"Jambi","leafCount":36},"geometry":{"type":"Polygon","coordinates":[[[94.97191104600006,-0.9205038201332847],[95.11763297873107,-0.9205038201332847],[95.11763297873107,-0.7578103781999515],[94.97191104600006,-0.7578103781999515],[94.97191104600006,-0.9205038201332847]]]}},{"type":"Feature","properties":{"code":"15.71","name":"Kota Jambi","prov_name":"Jambi","leafCount":20},"geometry":{"type":"Polygon","coordinates":[[[109.54410431910132,-1.2458907039999507],[109.68982625183233,-1.2458907039999507],[109.68982625183233,-1.0831972620666175],[109.54410431910132,-1.0831972620666175],[109.54410431910132,-1.2458907039999507]]]}},{"type":"Feature","properties":{"code":"15.07","name":"Tanjung Jabung Timur","prov_name":"Jambi","leafCount":25},"geometry":{"type":"Polygon","coordinates":[[[113.9157623010317,-1.2458907039999507],[114.06148423376271,-1.2458907039999507],[114.06148423376271,-1.0831972620666175],[113.9157623010317,-1.0831972620666175],[113.9157623010317,-1.2458907039999507]]]}},{"type":"Feature","properties":{"code":"15.04","name":"Batanghari","prov_name":"Jambi","leafCount":33},"geometry":{"type":"Polygon","coordinates":[[[110.41843591548741,-1.0831972620666181],[110.56415784821841,-1.0831972620666181],[110.56415784821841,-0.9205038201332849],[110.41843591548741,-0.9205038201332849],[110.41843591548741,-1.0831972620666181]]]}},{"type":"Feature","properties":{"code":"15.09","name":"Tebo","prov_name":"Jambi","leafCount":25},"geometry":{"type":"Polygon","coordinates":[[[94.97191104600006,-1.0831972620666181],[95.11763297873107,-1.0831972620666181],[95.11763297873107,-0.9205038201332849],[94.97191104600006,-0.9205038201332849],[94.97191104600006,-1.0831972620666181]]]}},{"type":"Feature","properties":{"code":"15.06","name":"Tanjung Jabung Barat","prov_name":"Jambi","leafCount":30},"geometry":{"type":"Polygon","coordinates":[[[94.97191104600006,-1.2458907039999507],[95.11763297873107,-1.2458907039999507],[95.11763297873107,-1.0831972620666175],[94.97191104600006,-1.0831972620666175],[94.97191104600006,-1.2458907039999507]]]}},{"type":"Feature","properties":{"code":"16.71","name":"Kota Palembang","prov_name":"Sumatera Selatan","leafCount":26},"geometry":{"type":"Polygon","coordinates":[[[107.35827532813613,-2.3847447975332834],[107.50399726086714,-2.3847447975332834],[107.50399726086714,-2.22205135559995],[107.35827532813613,-2.22205135559995],[107.35827532813613,-2.3847447975332834]]]}},{"type":"Feature","properties":{"code":"16.08","name":"Ogan Komering Ulu Timur","prov_name":"Sumatera Selatan","leafCount":77},"geometry":{"type":"Polygon","coordinates":[[[107.35827532813613,-1.733971029799951],[107.50399726086714,-1.733971029799951],[107.50399726086714,-1.5712775878666179],[107.35827532813613,-1.5712775878666179],[107.35827532813613,-1.733971029799951]]]}},{"type":"Feature","properties":{"code":"16.03","name":"Muara Enim","prov_name":"Sumatera Selatan","leafCount":54},"geometry":{"type":"Polygon","coordinates":[[[95.11763297873107,-2.3847447975332834],[95.26335491146207,-2.3847447975332834],[95.26335491146207,-2.22205135559995],[95.11763297873107,-2.22205135559995],[95.11763297873107,-2.3847447975332834]]]}},{"type":"Feature","properties":{"code":"16.07","name":"Banyuasin","prov_name":"Sumatera Selatan","leafCount":85},"geometry":{"type":"Polygon","coordinates":[[[107.35827532813613,-2.0593579136666174],[107.50399726086714,-2.0593579136666174],[107.50399726086714,-1.896664471733284],[107.35827532813613,-1.896664471733284],[107.35827532813613,-2.0593579136666174]]]}},{"type":"Feature","properties":{"code":"16.04","name":"Lahat","prov_name":"Sumatera Selatan","leafCount":99},"geometry":{"type":"Polygon","coordinates":[[[102.11228574981968,-1.5712775878666176],[102.25800768255068,-1.5712775878666176],[102.25800768255068,-1.4085841459332844],[102.11228574981968,-1.4085841459332844],[102.11228574981968,-1.5712775878666176]]]}},{"type":"Feature","properties":{"code":"16.12","name":"Penukal Abab Lematang Ilir","prov_name":"Sumatera Selatan","leafCount":18},"geometry":{"type":"Polygon","coordinates":[[[107.35827532813613,-1.5712775878666176],[107.50399726086714,-1.5712775878666176],[107.50399726086714,-1.4085841459332844],[107.35827532813613,-1.4085841459332844],[107.35827532813613,-1.5712775878666176]]]}},{"type":"Feature","properties":{"code":"16.11","name":"Empat Lawang","prov_name":"Sumatera Selatan","leafCount":42},"geometry":{"type":"Polygon","coordinates":[[[95.84624264238613,-1.5712775878666176],[95.99196457511714,-1.5712775878666176],[95.99196457511714,-1.4085841459332844],[95.84624264238613,-1.4085841459332844],[95.84624264238613,-1.5712775878666176]]]}},{"type":"Feature","properties":{"code":"16.05","name":"Musi Rawas","prov_name":"Sumatera Selatan","leafCount":58},"geometry":{"type":"Polygon","coordinates":[[[98.76068129700639,-1.5712775878666176],[98.90640322973739,-1.5712775878666176],[98.90640322973739,-1.4085841459332844],[98.76068129700639,-1.4085841459332844],[98.76068129700639,-1.5712775878666176]]]}},{"type":"Feature","properties":{"code":"16.06","name":"Musi Banyuasin","prov_name":"Sumatera Selatan","leafCount":58},"geometry":{"type":"Polygon","coordinates":[[[95.11763297873107,-2.0593579136666174],[95.26335491146207,-2.0593579136666174],[95.26335491146207,-1.896664471733284],[95.11763297873107,-1.896664471733284],[95.11763297873107,-2.0593579136666174]]]}},{"type":"Feature","properties":{"code":"16.01","name":"Ogan Komering Ulu","prov_name":"Sumatera Selatan","leafCount":37},"geometry":{"type":"Polygon","coordinates":[[[110.70987978094942,-1.5712775878666176],[110.85560171368043,-1.5712775878666176],[110.85560171368043,-1.4085841459332844],[110.70987978094942,-1.4085841459332844],[110.70987978094942,-1.5712775878666176]]]}},{"type":"Feature","properties":{"code":"16.72","name":"Kota Pagar Alam","prov_name":"Sumatera Selatan","leafCount":5},"geometry":{"type":"Polygon","coordinates":[[[101.82084188435765,-1.5712775878666176],[101.96656381708866,-1.5712775878666176],[101.96656381708866,-1.4085841459332844],[101.82084188435765,-1.4085841459332844],[101.82084188435765,-1.5712775878666176]]]}},{"type":"Feature","properties":{"code":"16.02","name":"Ogan Komering Ilir","prov_name":"Sumatera Selatan","leafCount":90},"geometry":{"type":"Polygon","coordinates":[[[113.9157623010317,-2.0593579136666174],[114.06148423376271,-2.0593579136666174],[114.06148423376271,-1.896664471733284],[113.9157623010317,-1.896664471733284],[113.9157623010317,-2.0593579136666174]]]}},{"type":"Feature","properties":{"code":"16.09","name":"Ogan Komering Ulu Selatan","prov_name":"Sumatera Selatan","leafCount":58},"geometry":{"type":"Polygon","coordinates":[[[95.11763297873107,-2.2220513555999517],[95.26335491146207,-2.2220513555999517],[95.26335491146207,-2.0593579136666182],[95.11763297873107,-2.0593579136666182],[95.11763297873107,-2.2220513555999517]]]}},{"type":"Feature","properties":{"code":"16.73","name":"Kota Lubuk Linggau","prov_name":"Sumatera Selatan","leafCount":14},"geometry":{"type":"Polygon","coordinates":[[[98.03207163335132,-1.5712775878666176],[98.17779356608233,-1.5712775878666176],[98.17779356608233,-1.4085841459332844],[98.03207163335132,-1.4085841459332844],[98.03207163335132,-1.5712775878666176]]]}},{"type":"Feature","properties":{"code":"16.10","name":"Ogan Ilir","prov_name":"Sumatera Selatan","leafCount":50},"geometry":{"type":"Polygon","coordinates":[[[107.35827532813613,-1.8966644717332846],[107.50399726086714,-1.8966644717332846],[107.50399726086714,-1.7339710297999513],[107.35827532813613,-1.7339710297999513],[107.35827532813613,-1.8966644717332846]]]}},{"type":"Feature","properties":{"code":"16.13","name":"Musi Rawas Utara","prov_name":"Sumatera Selatan","leafCount":15},"geometry":{"type":"Polygon","coordinates":[[[95.11763297873107,-1.5712775878666176],[95.26335491146207,-1.5712775878666176],[95.26335491146207,-1.4085841459332844],[95.11763297873107,-1.4085841459332844],[95.11763297873107,-1.5712775878666176]]]}},{"type":"Feature","properties":{"code":"16.74","name":"Kota Prabumulih","prov_name":"Sumatera Selatan","leafCount":9},"geometry":{"type":"Polygon","coordinates":[[[117.55881061930702,-1.5712775878666176],[117.70453255203803,-1.5712775878666176],[117.70453255203803,-1.4085841459332844],[117.55881061930702,-1.4085841459332844],[117.55881061930702,-1.5712775878666176]]]}},{"type":"Feature","properties":{"code":"18.02","name":"Lampung Tengah","prov_name":"Lampung","leafCount":68},"geometry":{"type":"Polygon","coordinates":[[[111.14704557914246,-2.8728251233332838],[111.29276751187346,-2.8728251233332838],[111.29276751187346,-2.7101316813999503],[111.14704557914246,-2.7101316813999503],[111.14704557914246,-2.8728251233332838]]]}},{"type":"Feature","properties":{"code":"18.11","name":"Mesuji","prov_name":"Lampung","leafCount":29},"geometry":{"type":"Polygon","coordinates":[[[108.52405078998424,-3.1982120071999507],[108.66977272271525,-3.1982120071999507],[108.66977272271525,-3.0355185652666172],[108.52405078998424,-3.0355185652666172],[108.52405078998424,-3.1982120071999507]]]}},{"type":"Feature","properties":{"code":"18.10","name":"Pringsewu","prov_name":"Lampung","leafCount":37},"geometry":{"type":"Polygon","coordinates":[[[104.5895586062469,-2.8728251233332838],[104.7352805389779,-2.8728251233332838],[104.7352805389779,-2.7101316813999503],[104.5895586062469,-2.7101316813999503],[104.5895586062469,-2.8728251233332838]]]}},{"type":"Feature","properties":{"code":"18.01","name":"Lampung Selatan","prov_name":"Lampung","leafCount":75},"geometry":{"type":"Polygon","coordinates":[[[108.52405078998424,-3.360905449133284],[108.66977272271525,-3.360905449133284],[108.66977272271525,-3.1982120071999507],[108.52405078998424,-3.1982120071999507],[108.52405078998424,-3.360905449133284]]]}},{"type":"Feature","properties":{"code":"18.12","name":"Tulang Bawang Barat","prov_name":"Lampung","leafCount":25},"geometry":{"type":"Polygon","coordinates":[[[108.52405078998424,-2.8728251233332838],[108.66977272271525,-2.8728251233332838],[108.66977272271525,-2.7101316813999503],[108.52405078998424,-2.7101316813999503],[108.52405078998424,-2.8728251233332838]]]}},{"type":"Feature","properties":{"code":"18.06","name":"Tanggamus","prov_name":"Lampung","leafCount":66},"geometry":{"type":"Polygon","coordinates":[[[102.11228574981968,-2.8728251233332838],[102.25800768255068,-2.8728251233332838],[102.25800768255068,-2.7101316813999503],[102.11228574981968,-2.7101316813999503],[102.11228574981968,-2.8728251233332838]]]}},{"type":"Feature","properties":{"code":"18.05","name":"Tulang Bawang","prov_name":"Lampung","leafCount":33},"geometry":{"type":"Polygon","coordinates":[[[113.47859650283867,-3.1982120071999507],[113.62431843556968,-3.1982120071999507],[113.62431843556968,-3.0355185652666172],[113.47859650283867,-3.0355185652666172],[113.47859650283867,-3.1982120071999507]]]}},{"type":"Feature","properties":{"code":"18.04","name":"Lampung Barat","prov_name":"Lampung","leafCount":37},"geometry":{"type":"Polygon","coordinates":[[[96.28340844057918,-2.8728251233332838],[96.42913037331019,-2.8728251233332838],[96.42913037331019,-2.7101316813999503],[96.28340844057918,-2.7101316813999503],[96.28340844057918,-2.8728251233332838]]]}},{"type":"Feature","properties":{"code":"18.09","name":"Pesawaran","prov_name":"Lampung","leafCount":36},"geometry":{"type":"Polygon","coordinates":[[[105.901056000826,-2.8728251233332838],[106.04677793355701,-2.8728251233332838],[106.04677793355701,-2.7101316813999503],[105.901056000826,-2.7101316813999503],[105.901056000826,-2.8728251233332838]]]}},{"type":"Feature","properties":{"code":"18.08","name":"Way Kanan","prov_name":"Lampung","leafCount":59},"geometry":{"type":"Polygon","coordinates":[[[97.59490583515829,-2.8728251233332838],[97.7406277678893,-2.8728251233332838],[97.7406277678893,-2.7101316813999503],[97.59490583515829,-2.7101316813999503],[97.59490583515829,-2.8728251233332838]]]}},{"type":"Feature","properties":{"code":"18.07","name":"Lampung Timur","prov_name":"Lampung","leafCount":56},"geometry":{"type":"Polygon","coordinates":[[[114.64437196468677,-3.360905449133284],[114.79009389741778,-3.360905449133284],[114.79009389741778,-3.1982120071999507],[114.64437196468677,-3.1982120071999507],[114.64437196468677,-3.360905449133284]]]}},{"type":"Feature","properties":{"code":"18.13","name":"Pesisir Barat","prov_name":"Lampung","leafCount":30},"geometry":{"type":"Polygon","coordinates":[[[95.11763297873107,-2.8728251233332838],[95.26335491146207,-2.8728251233332838],[95.26335491146207,-2.7101316813999503],[95.11763297873107,-2.7101316813999503],[95.11763297873107,-2.8728251233332838]]]}},{"type":"Feature","properties":{"code":"18.03","name":"Lampung Utara","prov_name":"Lampung","leafCount":65},"geometry":{"type":"Polygon","coordinates":[[[97.59490583515829,-3.1982120071999507],[97.7406277678893,-3.1982120071999507],[97.7406277678893,-3.0355185652666172],[97.59490583515829,-3.0355185652666172],[97.59490583515829,-3.1982120071999507]]]}},{"type":"Feature","properties":{"code":"18.71","name":"Kota Bandar Lampung","prov_name":"Lampung","leafCount":34},"geometry":{"type":"Polygon","coordinates":[[[107.21255339540512,-2.8728251233332838],[107.35827532813613,-2.8728251233332838],[107.35827532813613,-2.7101316813999503],[107.21255339540512,-2.7101316813999503],[107.21255339540512,-2.8728251233332838]]]}},{"type":"Feature","properties":{"code":"18.72","name":"Kota Metro","prov_name":"Lampung","leafCount":8},"geometry":{"type":"Polygon","coordinates":[[[118.28742028296209,-2.8728251233332838],[118.4331422156931,-2.8728251233332838],[118.4331422156931,-2.7101316813999503],[118.28742028296209,-2.7101316813999503],[118.28742028296209,-2.8728251233332838]]]}},{"type":"Feature","properties":{"code":"17.02","name":"Rejang Lebong","prov_name":"Bengkulu","leafCount":39},"geometry":{"type":"Polygon","coordinates":[[[102.11228574981968,-0.5951169362666178],[102.25800768255068,-0.5951169362666178],[102.25800768255068,-0.43242349433328453],[102.11228574981968,-0.43242349433328453],[102.11228574981968,-0.5951169362666178]]]}},{"type":"Feature","properties":{"code":"17.03","name":"Bengkulu Utara","prov_name":"Bengkulu","leafCount":46},"geometry":{"type":"Polygon","coordinates":[[[96.86629617150322,-0.1070366104666183],[97.01201810423423,-0.1070366104666183],[97.01201810423423,0.05565683146671496],[96.86629617150322,0.05565683146671496],[96.86629617150322,-0.1070366104666183]]]}},{"type":"Feature","properties":{"code":"17.06","name":"Muko Muko","prov_name":"Bengkulu","leafCount":22},"geometry":{"type":"Polygon","coordinates":[[[95.11763297873107,-0.26973005239995174],[95.26335491146207,-0.26973005239995174],[95.26335491146207,-0.1070366104666185],[95.11763297873107,-0.1070366104666185],[95.11763297873107,-0.26973005239995174]]]}},{"type":"Feature","properties":{"code":"17.04","name":"Kaur","prov_name":"Bengkulu","leafCount":52},"geometry":{"type":"Polygon","coordinates":[[[115.81014742653487,-0.1070366104666183],[115.95586935926588,-0.1070366104666183],[115.95586935926588,0.05565683146671496],[115.81014742653487,0.05565683146671496],[115.81014742653487,-0.1070366104666183]]]}},{"type":"Feature","properties":{"code":"17.05","name":"Seluma","prov_name":"Bengkulu","leafCount":52},"geometry":{"type":"Polygon","coordinates":[[[109.39838238637032,-0.1070366104666183],[109.54410431910132,-0.1070366104666183],[109.54410431910132,0.05565683146671496],[109.39838238637032,0.05565683146671496],[109.39838238637032,-0.1070366104666183]]]}},{"type":"Feature","properties":{"code":"17.07","name":"Lebong","prov_name":"Bengkulu","leafCount":28},"geometry":{"type":"Polygon","coordinates":[[[99.92645675885448,-0.1070366104666183],[100.07217869158549,-0.1070366104666183],[100.07217869158549,0.05565683146671496],[99.92645675885448,0.05565683146671496],[99.92645675885448,-0.1070366104666183]]]}},{"type":"Feature","properties":{"code":"17.71","name":"Kota Bengkulu","prov_name":"Bengkulu","leafCount":18},"geometry":{"type":"Polygon","coordinates":[[[102.11228574981968,-0.1070366104666183],[102.25800768255068,-0.1070366104666183],[102.25800768255068,0.05565683146671496],[102.11228574981968,0.05565683146671496],[102.11228574981968,-0.1070366104666183]]]}},{"type":"Feature","properties":{"code":"17.09","name":"Bengkulu Tengah","prov_name":"Bengkulu","leafCount":42},"geometry":{"type":"Polygon","coordinates":[[[102.11228574981968,-0.26973005239995174],[102.25800768255068,-0.26973005239995174],[102.25800768255068,-0.1070366104666185],[102.11228574981968,-0.1070366104666185],[102.11228574981968,-0.26973005239995174]]]}},{"type":"Feature","properties":{"code":"17.08","name":"Kepahiang","prov_name":"Bengkulu","leafCount":33},"geometry":{"type":"Polygon","coordinates":[[[102.11228574981968,-0.4324234943332843],[102.25800768255068,-0.4324234943332843],[102.25800768255068,-0.26973005239995107],[102.11228574981968,-0.26973005239995107],[102.11228574981968,-0.4324234943332843]]]}},{"type":"Feature","properties":{"code":"17.01","name":"Bengkulu Selatan","prov_name":"Bengkulu","leafCount":41},"geometry":{"type":"Polygon","coordinates":[[[112.89570877191461,-0.1070366104666183],[113.04143070464562,-0.1070366104666183],[113.04143070464562,0.05565683146671496],[112.89570877191461,0.05565683146671496],[112.89570877191461,-0.1070366104666183]]]}},{"type":"Feature","properties":{"code":"36.01","name":"Pandeglang","prov_name":"Banten","leafCount":76},"geometry":{"type":"Polygon","coordinates":[[[94.97191104600006,-4.011679216866616],[95.11763297873107,-4.011679216866616],[95.11763297873107,-3.8489857749332828],[94.97191104600006,-3.8489857749332828],[94.97191104600006,-4.011679216866616]]]}},{"type":"Feature","properties":{"code":"36.04","name":"Serang","prov_name":"Banten","leafCount":79},"geometry":{"type":"Polygon","coordinates":[[[94.97191104600006,-4.499759542666617],[95.11763297873107,-4.499759542666617],[95.11763297873107,-4.337066100733283],[94.97191104600006,-4.337066100733283],[94.97191104600006,-4.499759542666617]]]}},{"type":"Feature","properties":{"code":"36.02","name":"Lebak","prov_name":"Banten","leafCount":85},"geometry":{"type":"Polygon","coordinates":[[[107.21255339540512,-4.011679216866616],[107.35827532813613,-4.011679216866616],[107.35827532813613,-3.8489857749332828],[107.21255339540512,-3.8489857749332828],[107.21255339540512,-4.011679216866616]]]}},{"type":"Feature","properties":{"code":"36.74","name":"Kota Tangerang Selatan","prov_name":"Banten","leafCount":14},"geometry":{"type":"Polygon","coordinates":[[[117.413088686576,-4.337066100733283],[117.55881061930701,-4.337066100733283],[117.55881061930701,-4.17437265879995],[117.413088686576,-4.17437265879995],[117.413088686576,-4.337066100733283]]]}},{"type":"Feature","properties":{"code":"36.72","name":"Kota Cilegon","prov_name":"Banten","leafCount":6},"geometry":{"type":"Polygon","coordinates":[[[94.97191104600006,-4.337066100733283],[95.11763297873107,-4.337066100733283],[95.11763297873107,-4.17437265879995],[94.97191104600006,-4.17437265879995],[94.97191104600006,-4.337066100733283]]]}},{"type":"Feature","properties":{"code":"36.03","name":"Tangerang","prov_name":"Banten","leafCount":72},"geometry":{"type":"Polygon","coordinates":[[[107.21255339540512,-4.337066100733283],[107.35827532813613,-4.337066100733283],[107.35827532813613,-4.17437265879995],[107.21255339540512,-4.17437265879995],[107.21255339540512,-4.337066100733283]]]}},{"type":"Feature","properties":{"code":"36.73","name":"Kota Serang","prov_name":"Banten","leafCount":15},"geometry":{"type":"Polygon","coordinates":[[[98.46923743154436,-4.337066100733283],[98.61495936427536,-4.337066100733283],[98.61495936427536,-4.17437265879995],[98.46923743154436,-4.17437265879995],[98.46923743154436,-4.337066100733283]]]}},{"type":"Feature","properties":{"code":"19.02","name":"Belitung","prov_name":"Kepulauan Bangka Belitung","leafCount":13},"geometry":{"type":"Polygon","coordinates":[[[113.18715263737664,-4.66245298459995],[113.33287457010765,-4.66245298459995],[113.33287457010765,-4.499759542666617],[113.18715263737664,-4.499759542666617],[113.18715263737664,-4.66245298459995]]]}},{"type":"Feature","properties":{"code":"19.04","name":"Bangka Tengah","prov_name":"Kepulauan Bangka Belitung","leafCount":12},"geometry":{"type":"Polygon","coordinates":[[[107.79544112632917,-4.66245298459995],[107.94116305906017,-4.66245298459995],[107.94116305906017,-4.499759542666617],[107.79544112632917,-4.499759542666617],[107.79544112632917,-4.66245298459995]]]}},{"type":"Feature","properties":{"code":"19.06","name":"Belitung Timur","prov_name":"Kepulauan Bangka Belitung","leafCount":11},"geometry":{"type":"Polygon","coordinates":[[[116.53875709018993,-4.66245298459995],[116.68447902292094,-4.66245298459995],[116.68447902292094,-4.499759542666617],[116.53875709018993,-4.499759542666617],[116.53875709018993,-4.66245298459995]]]}},{"type":"Feature","properties":{"code":"19.03","name":"Bangka Selatan","prov_name":"Kepulauan Bangka Belitung","leafCount":9},"geometry":{"type":"Polygon","coordinates":[[[110.85560171368044,-4.66245298459995],[111.00132364641145,-4.66245298459995],[111.00132364641145,-4.499759542666617],[110.85560171368044,-4.499759542666617],[110.85560171368044,-4.66245298459995]]]}},{"type":"Feature","properties":{"code":"19.01","name":"Bangka","prov_name":"Kepulauan Bangka Belitung","leafCount":28},"geometry":{"type":"Polygon","coordinates":[[[98.32351549881335,-4.66245298459995],[98.46923743154436,-4.66245298459995],[98.46923743154436,-4.499759542666617],[98.32351549881335,-4.499759542666617],[98.32351549881335,-4.66245298459995]]]}},{"type":"Feature","properties":{"code":"19.05","name":"Bangka Barat","prov_name":"Kepulauan Bangka Belitung","leafCount":13},"geometry":{"type":"Polygon","coordinates":[[[94.97191104600006,-4.66245298459995],[95.11763297873107,-4.66245298459995],[95.11763297873107,-4.499759542666617],[94.97191104600006,-4.499759542666617],[94.97191104600006,-4.66245298459995]]]}},{"type":"Feature","properties":{"code":"19.71","name":"Kota Pangkal Pinang","prov_name":"Kepulauan Bangka Belitung","leafCount":9},"geometry":{"type":"Polygon","coordinates":[[[105.46389020263297,-4.66245298459995],[105.60961213536397,-4.66245298459995],[105.60961213536397,-4.499759542666617],[105.46389020263297,-4.499759542666617],[105.46389020263297,-4.66245298459995]]]}},{"type":"Feature","properties":{"code":"31.75","name":"Kota Administrasi Jakarta Timur","prov_name":"DKI Jakarta","leafCount":12},"geometry":{"type":"Polygon","coordinates":[[[109.10693852090829,-4.8251464265332835],[109.2526604536393,-4.8251464265332835],[109.2526604536393,-4.66245298459995],[109.10693852090829,-4.66245298459995],[109.10693852090829,-4.8251464265332835]]]}},{"type":"Feature","properties":{"code":"31.74","name":"Kota Administrasi Jakarta Selatan","prov_name":"DKI Jakarta","leafCount":17},"geometry":{"type":"Polygon","coordinates":[[[113.33287457010766,-4.8251464265332835],[113.47859650283867,-4.8251464265332835],[113.47859650283867,-4.66245298459995],[113.33287457010766,-4.66245298459995],[113.33287457010766,-4.8251464265332835]]]}},{"type":"Feature","properties":{"code":"31.71","name":"Kota Administrasi Jakarta Pusat","prov_name":"DKI Jakarta","leafCount":15},"geometry":{"type":"Polygon","coordinates":[[[103.86094894259183,-4.8251464265332835],[104.00667087532284,-4.8251464265332835],[104.00667087532284,-4.66245298459995],[103.86094894259183,-4.66245298459995],[103.86094894259183,-4.8251464265332835]]]}},{"type":"Feature","properties":{"code":"31.73","name":"Kota Administrasi Jakarta Barat","prov_name":"DKI Jakarta","leafCount":17},"geometry":{"type":"Polygon","coordinates":[[[97.88634970062031,-4.8251464265332835],[98.03207163335132,-4.8251464265332835],[98.03207163335132,-4.66245298459995],[97.88634970062031,-4.66245298459995],[97.88634970062031,-4.8251464265332835]]]}},{"type":"Feature","properties":{"code":"31.72","name":"Kota Administrasi Jakarta Utara","prov_name":"DKI Jakarta","leafCount":4},"geometry":{"type":"Polygon","coordinates":[[[96.42913037331019,-4.8251464265332835],[96.5748523060412,-4.8251464265332835],[96.5748523060412,-4.66245298459995],[96.42913037331019,-4.66245298459995],[96.42913037331019,-4.8251464265332835]]]}},{"type":"Feature","properties":{"code":"31.01","name":"Administrasi Kepulauan Seribu","prov_name":"DKI Jakarta","leafCount":1},"geometry":{"type":"Polygon","coordinates":[[[94.97191104600006,-4.8251464265332835],[95.11763297873107,-4.8251464265332835],[95.11763297873107,-4.66245298459995],[94.97191104600006,-4.66245298459995],[94.97191104600006,-4.8251464265332835]]]}},{"type":"Feature","properties":{"code":"63.03","name":"Banjar","prov_name":"Kalimantan Selatan","leafCount":81},"geometry":{"type":"Polygon","coordinates":[[[130.67378456509817,0.8691240411333816],[130.8195064978292,0.8691240411333816],[130.8195064978292,1.0318174830667148],[130.67378456509817,1.0318174830667148],[130.67378456509817,0.8691240411333816]]]}},{"type":"Feature","properties":{"code":"63.10","name":"Tanah Bumbu","prov_name":"Kalimantan Selatan","leafCount":36},"geometry":{"type":"Polygon","coordinates":[[[122.80480019762348,0.8691240411333816],[122.95052213035449,0.8691240411333816],[122.95052213035449,1.0318174830667148],[122.80480019762348,1.0318174830667148],[122.80480019762348,0.8691240411333816]]]}},{"type":"Feature","properties":{"code":"63.71","name":"Kota Banjarmasin","prov_name":"Kalimantan Selatan","leafCount":13},"geometry":{"type":"Polygon","coordinates":[[[129.65373103598108,0.8691240411333816],[129.7994529687121,0.8691240411333816],[129.7994529687121,1.0318174830667148],[129.65373103598108,1.0318174830667148],[129.65373103598108,0.8691240411333816]]]}},{"type":"Feature","properties":{"code":"63.07","name":"Hulu Sungai Tengah","prov_name":"Kalimantan Selatan","leafCount":44},"geometry":{"type":"Polygon","coordinates":[[[133.58822321971843,1.1945109250000476],[133.73394515244945,1.1945109250000476],[133.73394515244945,1.3572043669333809],[133.58822321971843,1.3572043669333809],[133.58822321971843,1.1945109250000476]]]}},{"type":"Feature","properties":{"code":"63.06","name":"Hulu Sungai Selatan","prov_name":"Kalimantan Selatan","leafCount":39},"geometry":{"type":"Polygon","coordinates":[[[127.03073624682284,1.031817483066715],[127.17645817955385,1.031817483066715],[127.17645817955385,1.1945109250000483],[127.03073624682284,1.1945109250000483],[127.03073624682284,1.031817483066715]]]}},{"type":"Feature","properties":{"code":"63.01","name":"Tanah Laut","prov_name":"Kalimantan Selatan","leafCount":46},"geometry":{"type":"Polygon","coordinates":[[[137.23127153799373,0.8691240411333816],[137.37699347072476,0.8691240411333816],[137.37699347072476,1.0318174830667148],[137.23127153799373,1.0318174830667148],[137.23127153799373,0.8691240411333816]]]}},{"type":"Feature","properties":{"code":"63.04","name":"Barito Kuala","prov_name":"Kalimantan Selatan","leafCount":50},"geometry":{"type":"Polygon","coordinates":[[[125.57351691951271,0.8691240411333816],[125.71923885224372,0.8691240411333816],[125.71923885224372,1.0318174830667148],[125.57351691951271,1.0318174830667148],[125.57351691951271,0.8691240411333816]]]}},{"type":"Feature","properties":{"code":"63.05","name":"Tapin","prov_name":"Kalimantan Selatan","leafCount":26},"geometry":{"type":"Polygon","coordinates":[[[135.33688641249057,1.031817483066715],[135.4826083452216,1.031817483066715],[135.4826083452216,1.1945109250000483],[135.33688641249057,1.1945109250000483],[135.33688641249057,1.031817483066715]]]}},{"type":"Feature","properties":{"code":"63.08","name":"Hulu Sungai Utara","prov_name":"Kalimantan Selatan","leafCount":40},"geometry":{"type":"Polygon","coordinates":[[[127.03073624682284,1.1945109250000476],[127.17645817955385,1.1945109250000476],[127.17645817955385,1.3572043669333809],[127.03073624682284,1.3572043669333809],[127.03073624682284,1.1945109250000476]]]}},{"type":"Feature","properties":{"code":"63.02","name":"Kotabaru","prov_name":"Kalimantan Selatan","leafCount":41},"geometry":{"type":"Polygon","coordinates":[[[119.45319574481019,0.8691240411333816],[119.5989176775412,0.8691240411333816],[119.5989176775412,1.0318174830667148],[119.45319574481019,1.0318174830667148],[119.45319574481019,0.8691240411333816]]]}},{"type":"Feature","properties":{"code":"63.72","name":"Kota Banjarbaru","prov_name":"Kalimantan Selatan","leafCount":3},"geometry":{"type":"Polygon","coordinates":[[[136.9398276725317,0.8691240411333816],[137.0855496052627,0.8691240411333816],[137.0855496052627,1.0318174830667148],[136.9398276725317,1.0318174830667148],[136.9398276725317,0.8691240411333816]]]}},{"type":"Feature","properties":{"code":"63.11","name":"Balangan","prov_name":"Kalimantan Selatan","leafCount":45},"geometry":{"type":"Polygon","coordinates":[[[119.45319574481019,1.031817483066715],[119.5989176775412,1.031817483066715],[119.5989176775412,1.1945109250000483],[119.45319574481019,1.1945109250000483],[119.45319574481019,1.031817483066715]]]}},{"type":"Feature","properties":{"code":"63.09","name":"Tabalong","prov_name":"Kalimantan Selatan","leafCount":38},"geometry":{"type":"Polygon","coordinates":[[[119.45319574481019,1.1945109250000476],[119.5989176775412,1.1945109250000476],[119.5989176775412,1.3572043669333809],[119.45319574481019,1.3572043669333809],[119.45319574481019,1.1945109250000476]]]}},{"type":"Feature","properties":{"code":"61.04","name":"Ketapang","prov_name":"Kalimantan Barat","leafCount":75},"geometry":{"type":"Polygon","coordinates":[[[94.97191104600006,-7.753628381333282],[95.11763297873107,-7.753628381333282],[95.11763297873107,-7.590934939399949],[94.97191104600006,-7.590934939399949],[94.97191104600006,-7.753628381333282]]]}},{"type":"Feature","properties":{"code":"61.71","name":"Kota Pontianak","prov_name":"Kalimantan Barat","leafCount":7},"geometry":{"type":"Polygon","coordinates":[[[94.97191104600006,-7.265548055533282],[95.11763297873107,-7.265548055533282],[95.11763297873107,-7.102854613599948],[94.97191104600006,-7.102854613599948],[94.97191104600006,-7.265548055533282]]]}},{"type":"Feature","properties":{"code":"61.11","name":"Kayong Utara","prov_name":"Kalimantan Barat","leafCount":8},"geometry":{"type":"Polygon","coordinates":[[[105.901056000826,-7.428241497466615],[106.04677793355701,-7.428241497466615],[106.04677793355701,-7.265548055533282],[105.901056000826,-7.265548055533282],[105.901056000826,-7.428241497466615]]]}},{"type":"Feature","properties":{"code":"61.08","name":"Landak","prov_name":"Kalimantan Barat","leafCount":31},"geometry":{"type":"Polygon","coordinates":[[[94.97191104600006,-7.428241497466615],[95.11763297873107,-7.428241497466615],[95.11763297873107,-7.265548055533282],[94.97191104600006,-7.265548055533282],[94.97191104600006,-7.428241497466615]]]}},{"type":"Feature","properties":{"code":"61.05","name":"Sintang","prov_name":"Kalimantan Barat","leafCount":100},"geometry":{"type":"Polygon","coordinates":[[[109.83554818456335,-7.102854613599948],[109.98127011729436,-7.102854613599948],[109.98127011729436,-6.940161171666615],[109.83554818456335,-6.940161171666615],[109.83554818456335,-7.102854613599948]]]}},{"type":"Feature","properties":{"code":"61.02","name":"Mempawah","prov_name":"Kalimantan Barat","leafCount":19},"geometry":{"type":"Polygon","coordinates":[[[96.42913037331019,-7.102854613599948],[96.5748523060412,-7.102854613599948],[96.5748523060412,-6.940161171666615],[96.42913037331019,-6.940161171666615],[96.42913037331019,-7.102854613599948]]]}},{"type":"Feature","properties":{"code":"61.01","name":"Sambas","prov_name":"Kalimantan Barat","leafCount":47},"geometry":{"type":"Polygon","coordinates":[[[99.92645675885448,-7.102854613599948],[100.07217869158549,-7.102854613599948],[100.07217869158549,-6.940161171666615],[99.92645675885448,-6.940161171666615],[99.92645675885448,-7.102854613599948]]]}},{"type":"Feature","properties":{"code":"61.72","name":"Kota Singkawang","prov_name":"Kalimantan Barat","leafCount":8},"geometry":{"type":"Polygon","coordinates":[[[94.97191104600006,-7.102854613599948],[95.11763297873107,-7.102854613599948],[95.11763297873107,-6.940161171666615],[94.97191104600006,-6.940161171666615],[94.97191104600006,-7.102854613599948]]]}},{"type":"Feature","properties":{"code":"61.03","name":"Sanggau","prov_name":"Kalimantan Barat","leafCount":43},"geometry":{"type":"Polygon","coordinates":[[[94.97191104600006,-7.590934939399949],[95.11763297873107,-7.590934939399949],[95.11763297873107,-7.428241497466615],[94.97191104600006,-7.428241497466615],[94.97191104600006,-7.590934939399949]]]}},{"type":"Feature","properties":{"code":"61.07","name":"Bengkayang","prov_name":"Kalimantan Barat","leafCount":29},"geometry":{"type":"Polygon","coordinates":[[[101.82084188435765,-7.265548055533282],[101.96656381708866,-7.265548055533282],[101.96656381708866,-7.102854613599948],[101.82084188435765,-7.102854613599948],[101.82084188435765,-7.265548055533282]]]}},{"type":"Feature","properties":{"code":"61.06","name":"Kapuas Hulu","prov_name":"Kalimantan Barat","leafCount":64},"geometry":{"type":"Polygon","coordinates":[[[114.64437196468677,-7.428241497466615],[114.79009389741778,-7.428241497466615],[114.79009389741778,-7.265548055533282],[114.64437196468677,-7.265548055533282],[114.64437196468677,-7.428241497466615]]]}},{"type":"Feature","properties":{"code":"61.10","name":"Melawi","prov_name":"Kalimantan Barat","leafCount":35},"geometry":{"type":"Polygon","coordinates":[[[114.64437196468677,-7.102854613599948],[114.79009389741778,-7.102854613599948],[114.79009389741778,-6.940161171666615],[114.64437196468677,-6.940161171666615],[114.64437196468677,-7.102854613599948]]]}},{"type":"Feature","properties":{"code":"61.09","name":"Sekadau","prov_name":"Kalimantan Barat","leafCount":24},"geometry":{"type":"Polygon","coordinates":[[[108.66977272271525,-7.102854613599948],[108.81549465544626,-7.102854613599948],[108.81549465544626,-6.940161171666615],[108.66977272271525,-6.940161171666615],[108.66977272271525,-7.102854613599948]]]}},{"type":"Feature","properties":{"code":"61.12","name":"Kubu Raya","prov_name":"Kalimantan Barat","leafCount":22},"geometry":{"type":"Polygon","coordinates":[[[96.5748523060412,-7.265548055533282],[96.7205742387722,-7.265548055533282],[96.7205742387722,-7.102854613599948],[96.5748523060412,-7.102854613599948],[96.5748523060412,-7.265548055533282]]]}},{"type":"Feature","properties":{"code":"62.03","name":"Kapuas","prov_name":"Kalimantan Tengah","leafCount":54},"geometry":{"type":"Polygon","coordinates":[[[130.2366187669051,1.8452846927333806],[130.38234069963613,1.8452846927333806],[130.38234069963613,2.007978134666714],[130.2366187669051,2.007978134666714],[130.2366187669051,1.8452846927333806]]]}},{"type":"Feature","properties":{"code":"62.02","name":"Kotawaringin Timur","prov_name":"Kalimantan Tengah","leafCount":45},"geometry":{"type":"Polygon","coordinates":[[[125.71923885224373,2.007978134666714],[125.86496078497474,2.007978134666714],[125.86496078497474,2.1706715766000473],[125.71923885224373,2.1706715766000473],[125.71923885224373,2.007978134666714]]]}},{"type":"Feature","properties":{"code":"62.11","name":"Pulang Pisau","prov_name":"Kalimantan Tengah","leafCount":22},"geometry":{"type":"Polygon","coordinates":[[[132.56816969060134,2.007978134666714],[132.71389162333236,2.007978134666714],[132.71389162333236,2.1706715766000473],[132.56816969060134,2.1706715766000473],[132.56816969060134,2.007978134666714]]]}},{"type":"Feature","properties":{"code":"62.07","name":"Seruyan","prov_name":"Kalimantan Tengah","leafCount":23},"geometry":{"type":"Polygon","coordinates":[[[121.78474666850639,1.8452846927333806],[121.9304686012374,1.8452846927333806],[121.9304686012374,2.007978134666714],[121.78474666850639,2.007978134666714],[121.78474666850639,1.8452846927333806]]]}},{"type":"Feature","properties":{"code":"62.01","name":"Kotawaringin Barat","prov_name":"Kalimantan Tengah","leafCount":14},"geometry":{"type":"Polygon","coordinates":[[[119.30747381207917,1.8452846927333806],[119.45319574481017,1.8452846927333806],[119.45319574481017,2.007978134666714],[119.30747381207917,2.007978134666714],[119.30747381207917,1.8452846927333806]]]}},{"type":"Feature","properties":{"code":"62.06","name":"Katingan","prov_name":"Kalimantan Tengah","leafCount":41},"geometry":{"type":"Polygon","coordinates":[[[119.30747381207917,1.682591250800048],[119.45319574481017,1.682591250800048],[119.45319574481017,1.8452846927333812],[119.30747381207917,1.8452846927333812],[119.30747381207917,1.682591250800048]]]}},{"type":"Feature","properties":{"code":"62.08","name":"Sukamara","prov_name":"Kalimantan Tengah","leafCount":9},"geometry":{"type":"Polygon","coordinates":[[[119.30747381207917,2.007978134666714],[119.45319574481017,2.007978134666714],[119.45319574481017,2.1706715766000473],[119.30747381207917,2.1706715766000473],[119.30747381207917,2.007978134666714]]]}},{"type":"Feature","properties":{"code":"62.09","name":"Lamandau","prov_name":"Kalimantan Tengah","leafCount":17},"geometry":{"type":"Polygon","coordinates":[[[121.63902473577538,2.007978134666714],[121.78474666850639,2.007978134666714],[121.78474666850639,2.1706715766000473],[121.63902473577538,2.1706715766000473],[121.63902473577538,2.007978134666714]]]}},{"type":"Feature","properties":{"code":"62.04","name":"Barito Selatan","prov_name":"Kalimantan Tengah","leafCount":21},"geometry":{"type":"Polygon","coordinates":[[[136.50266187433868,1.682591250800048],[136.6483838070697,1.682591250800048],[136.6483838070697,1.8452846927333812],[136.50266187433868,1.8452846927333812],[136.50266187433868,1.682591250800048]]]}},{"type":"Feature","properties":{"code":"62.12","name":"Murung Raya","prov_name":"Kalimantan Tengah","leafCount":29},"geometry":{"type":"Polygon","coordinates":[[[130.2366187669051,1.682591250800048],[130.38234069963613,1.682591250800048],[130.38234069963613,1.8452846927333812],[130.2366187669051,1.8452846927333812],[130.2366187669051,1.682591250800048]]]}},{"type":"Feature","properties":{"code":"62.10","name":"Gunung Mas","prov_name":"Kalimantan Tengah","leafCount":35},"geometry":{"type":"Polygon","coordinates":[[[119.30747381207917,1.5198978088667146],[119.45319574481017,1.5198978088667146],[119.45319574481017,1.6825912508000478],[119.30747381207917,1.6825912508000478],[119.30747381207917,1.5198978088667146]]]}},{"type":"Feature","properties":{"code":"62.05","name":"Barito Utara","prov_name":"Kalimantan Tengah","leafCount":29},"geometry":{"type":"Polygon","coordinates":[[[130.2366187669051,1.5198978088667146],[130.38234069963613,1.5198978088667146],[130.38234069963613,1.6825912508000478],[130.2366187669051,1.6825912508000478],[130.2366187669051,1.5198978088667146]]]}},{"type":"Feature","properties":{"code":"62.13","name":"Barito Timur","prov_name":"Kalimantan Tengah","leafCount":23},"geometry":{"type":"Polygon","coordinates":[[[136.21121800887664,1.5198978088667146],[136.35693994160766,1.5198978088667146],[136.35693994160766,1.6825912508000478],[136.21121800887664,1.6825912508000478],[136.21121800887664,1.5198978088667146]]]}},{"type":"Feature","properties":{"code":"62.71","name":"Kota Palangkaraya","prov_name":"Kalimantan Tengah","leafCount":6},"geometry":{"type":"Polygon","coordinates":[[[130.2366187669051,2.007978134666714],[130.38234069963613,2.007978134666714],[130.38234069963613,2.1706715766000473],[130.2366187669051,2.1706715766000473],[130.2366187669051,2.007978134666714]]]}},{"type":"Feature","properties":{"code":"81.08","name":"Maluku Barat Daya","prov_name":"Maluku","leafCount":29},"geometry":{"type":"Polygon","coordinates":[[[119.30747381207917,-7.428241497466615],[119.45319574481017,-7.428241497466615],[119.45319574481017,-7.265548055533282],[119.30747381207917,-7.265548055533282],[119.30747381207917,-7.428241497466615]]]}},{"type":"Feature","properties":{"code":"81.03","name":"Kepulauan Tanimbar","prov_name":"Maluku","leafCount":22},"geometry":{"type":"Polygon","coordinates":[[[129.9451749014431,-7.428241497466615],[130.09089683417412,-7.428241497466615],[130.09089683417412,-7.265548055533282],[129.9451749014431,-7.265548055533282],[129.9451749014431,-7.428241497466615]]]}},{"type":"Feature","properties":{"code":"81.05","name":"Seram Bagian Timur","prov_name":"Maluku","leafCount":58},"geometry":{"type":"Polygon","coordinates":[[[129.9451749014431,-7.265548055533282],[130.09089683417412,-7.265548055533282],[130.09089683417412,-7.102854613599948],[129.9451749014431,-7.102854613599948],[129.9451749014431,-7.265548055533282]]]}},{"type":"Feature","properties":{"code":"81.09","name":"Buru Selatan","prov_name":"Maluku","leafCount":27},"geometry":{"type":"Polygon","coordinates":[[[119.30747381207917,-7.265548055533282],[119.45319574481017,-7.265548055533282],[119.45319574481017,-7.102854613599948],[119.30747381207917,-7.102854613599948],[119.30747381207917,-7.265548055533282]]]}},{"type":"Feature","properties":{"code":"81.01","name":"Maluku Tengah","prov_name":"Maluku","leafCount":40},"geometry":{"type":"Polygon","coordinates":[[[123.82485372674057,-7.590934939399949],[123.97057565947158,-7.590934939399949],[123.97057565947158,-7.428241497466615],[123.82485372674057,-7.428241497466615],[123.82485372674057,-7.590934939399949]]]}},{"type":"Feature","properties":{"code":"81.06","name":"Seram Bagian Barat","prov_name":"Maluku","leafCount":18},"geometry":{"type":"Polygon","coordinates":[[[119.30747381207917,-7.753628381333282],[119.45319574481017,-7.753628381333282],[119.45319574481017,-7.590934939399949],[119.30747381207917,-7.590934939399949],[119.30747381207917,-7.753628381333282]]]}},{"type":"Feature","properties":{"code":"81.04","name":"Buru","prov_name":"Maluku","leafCount":25},"geometry":{"type":"Polygon","coordinates":[[[124.84490725585766,-7.265548055533282],[124.99062918858867,-7.265548055533282],[124.99062918858867,-7.102854613599948],[124.84490725585766,-7.102854613599948],[124.84490725585766,-7.265548055533282]]]}},{"type":"Feature","properties":{"code":"81.71","name":"Kota Ambon","prov_name":"Maluku","leafCount":11},"geometry":{"type":"Polygon","coordinates":[[[119.30747381207917,-7.590934939399949],[119.45319574481017,-7.590934939399949],[119.45319574481017,-7.428241497466615],[119.30747381207917,-7.428241497466615],[119.30747381207917,-7.590934939399949]]]}},{"type":"Feature","properties":{"code":"81.02","name":"Maluku Tenggara","prov_name":"Maluku","leafCount":42},"geometry":{"type":"Polygon","coordinates":[[[131.1109503632912,-7.590934939399949],[131.25667229602223,-7.590934939399949],[131.25667229602223,-7.428241497466615],[131.1109503632912,-7.428241497466615],[131.1109503632912,-7.590934939399949]]]}},{"type":"Feature","properties":{"code":"81.07","name":"Kepulauan Aru","prov_name":"Maluku","leafCount":28},"geometry":{"type":"Polygon","coordinates":[[[137.0855496052627,-7.590934939399949],[137.23127153799373,-7.590934939399949],[137.23127153799373,-7.428241497466615],[137.0855496052627,-7.428241497466615],[137.0855496052627,-7.590934939399949]]]}},{"type":"Feature","properties":{"code":"81.72","name":"Kota Tual","prov_name":"Maluku","leafCount":8},"geometry":{"type":"Polygon","coordinates":[[[129.9451749014431,-7.590934939399949],[130.09089683417412,-7.590934939399949],[130.09089683417412,-7.428241497466615],[129.9451749014431,-7.428241497466615],[129.9451749014431,-7.590934939399949]]]}},{"type":"Feature","properties":{"code":"53.05","name":"Alor","prov_name":"Nusa Tenggara Timur","leafCount":39},"geometry":{"type":"Polygon","coordinates":[[[133.2967793542564,-4.8251464265332835],[133.4425012869874,-4.8251464265332835],[133.4425012869874,-4.66245298459995],[133.2967793542564,-4.66245298459995],[133.2967793542564,-4.8251464265332835]]]}},{"type":"Feature","properties":{"code":"53.08","name":"Ende","prov_name":"Nusa Tenggara Timur","leafCount":65},"geometry":{"type":"Polygon","coordinates":[[[129.07084330505702,-4.337066100733283],[129.21656523778805,-4.337066100733283],[129.21656523778805,-4.17437265879995],[129.07084330505702,-4.17437265879995],[129.07084330505702,-4.337066100733283]]]}},{"type":"Feature","properties":{"code":"53.16","name":"Nagekeo","prov_name":"Nusa Tenggara Timur","leafCount":22},"geometry":{"type":"Polygon","coordinates":[[[125.86496078497474,-4.337066100733283],[126.01068271770575,-4.337066100733283],[126.01068271770575,-4.17437265879995],[125.86496078497474,-4.17437265879995],[125.86496078497474,-4.337066100733283]]]}},{"type":"Feature","properties":{"code":"53.07","name":"Sikka","prov_name":"Nusa Tenggara Timur","leafCount":38},"geometry":{"type":"Polygon","coordinates":[[[119.45319574481019,-4.499759542666617],[119.5989176775412,-4.499759542666617],[119.5989176775412,-4.337066100733283],[119.45319574481019,-4.337066100733283],[119.45319574481019,-4.499759542666617]]]}},{"type":"Feature","properties":{"code":"53.03","name":"Timor Tengah Utara","prov_name":"Nusa Tenggara Timur","leafCount":50},"geometry":{"type":"Polygon","coordinates":[[[119.45319574481019,-4.987839868466617],[119.5989176775412,-4.987839868466617],[119.5989176775412,-4.8251464265332835],[119.45319574481019,-4.8251464265332835],[119.45319574481019,-4.987839868466617]]]}},{"type":"Feature","properties":{"code":"53.71","name":"Kota Kupang","prov_name":"Nusa Tenggara Timur","leafCount":9},"geometry":{"type":"Polygon","coordinates":[[[130.81950649782917,-4.66245298459995],[130.9652284305602,-4.66245298459995],[130.9652284305602,-4.499759542666617],[130.81950649782917,-4.499759542666617],[130.81950649782917,-4.66245298459995]]]}},{"type":"Feature","properties":{"code":"53.01","name":"Kupang","prov_name":"Nusa Tenggara Timur","leafCount":45},"geometry":{"type":"Polygon","coordinates":[[[132.56816969060134,-4.66245298459995],[132.71389162333236,-4.66245298459995],[132.71389162333236,-4.499759542666617],[132.56816969060134,-4.499759542666617],[132.56816969060134,-4.66245298459995]]]}},{"type":"Feature","properties":{"code":"53.13","name":"Lembata","prov_name":"Nusa Tenggara Timur","leafCount":36},"geometry":{"type":"Polygon","coordinates":[[[124.11629759220259,-4.66245298459995],[124.26201952493359,-4.66245298459995],[124.26201952493359,-4.499759542666617],[124.11629759220259,-4.499759542666617],[124.11629759220259,-4.66245298459995]]]}},{"type":"Feature","properties":{"code":"53.21","name":"Malaka","prov_name":"Nusa Tenggara Timur","leafCount":30},"geometry":{"type":"Polygon","coordinates":[[[130.52806263236715,-4.987839868466617],[130.67378456509817,-4.987839868466617],[130.67378456509817,-4.8251464265332835],[130.52806263236715,-4.8251464265332835],[130.52806263236715,-4.987839868466617]]]}},{"type":"Feature","properties":{"code":"53.18","name":"Sumba Barat Daya","prov_name":"Nusa Tenggara Timur","leafCount":60},"geometry":{"type":"Polygon","coordinates":[[[119.45319574481019,-4.011679216866616],[119.5989176775412,-4.011679216866616],[119.5989176775412,-3.8489857749332828],[119.45319574481019,-3.8489857749332828],[119.45319574481019,-4.011679216866616]]]}},{"type":"Feature","properties":{"code":"53.19","name":"Manggarai Timur","prov_name":"Nusa Tenggara Timur","leafCount":55},"geometry":{"type":"Polygon","coordinates":[[[132.13100389240827,-4.17437265879995],[132.2767258251393,-4.17437265879995],[132.2767258251393,-4.011679216866616],[132.13100389240827,-4.011679216866616],[132.13100389240827,-4.17437265879995]]]}},{"type":"Feature","properties":{"code":"53.09","name":"Ngada","prov_name":"Nusa Tenggara Timur","leafCount":44},"geometry":{"type":"Polygon","coordinates":[[[119.45319574481019,-4.337066100733283],[119.5989176775412,-4.337066100733283],[119.5989176775412,-4.17437265879995],[119.45319574481019,-4.17437265879995],[119.45319574481019,-4.337066100733283]]]}},{"type":"Feature","properties":{"code":"53.04","name":"Belu","prov_name":"Nusa Tenggara Timur","leafCount":16},"geometry":{"type":"Polygon","coordinates":[[[137.23127153799373,-4.987839868466617],[137.37699347072476,-4.987839868466617],[137.37699347072476,-4.8251464265332835],[137.23127153799373,-4.8251464265332835],[137.23127153799373,-4.987839868466617]]]}},{"type":"Feature","properties":{"code":"53.06","name":"Flores Timur","prov_name":"Nusa Tenggara Timur","leafCount":60},"geometry":{"type":"Polygon","coordinates":[[[127.75934591047792,-4.499759542666617],[127.90506784320893,-4.499759542666617],[127.90506784320893,-4.337066100733283],[127.75934591047792,-4.337066100733283],[127.75934591047792,-4.499759542666617]]]}},{"type":"Feature","properties":{"code":"53.02","name":"Timor Tengah Selatan","prov_name":"Nusa Tenggara Timur","leafCount":72},"geometry":{"type":"Polygon","coordinates":[[[119.45319574481019,-4.8251464265332835],[119.5989176775412,-4.8251464265332835],[119.5989176775412,-4.66245298459995],[119.45319574481019,-4.66245298459995],[119.45319574481019,-4.8251464265332835]]]}},{"type":"Feature","properties":{"code":"53.10","name":"Manggarai","prov_name":"Nusa Tenggara Timur","leafCount":44},"geometry":{"type":"Polygon","coordinates":[[[125.13635112131968,-4.17437265879995],[125.28207305405068,-4.17437265879995],[125.28207305405068,-4.011679216866616],[125.13635112131968,-4.011679216866616],[125.13635112131968,-4.17437265879995]]]}},{"type":"Feature","properties":{"code":"53.15","name":"Manggarai Barat","prov_name":"Nusa Tenggara Timur","leafCount":35},"geometry":{"type":"Polygon","coordinates":[[[119.45319574481019,-4.17437265879995],[119.5989176775412,-4.17437265879995],[119.5989176775412,-4.011679216866616],[119.45319574481019,-4.011679216866616],[119.45319574481019,-4.17437265879995]]]}},{"type":"Feature","properties":{"code":"53.14","name":"Rote Ndao","prov_name":"Nusa Tenggara Timur","leafCount":25},"geometry":{"type":"Polygon","coordinates":[[[119.45319574481019,-4.66245298459995],[119.5989176775412,-4.66245298459995],[119.5989176775412,-4.499759542666617],[119.45319574481019,-4.499759542666617],[119.45319574481019,-4.66245298459995]]]}},{"type":"Feature","properties":{"code":"53.20","name":"Sabu Raijua","prov_name":"Nusa Tenggara Timur","leafCount":16},"geometry":{"type":"Polygon","coordinates":[[[138.54276893257284,-4.337066100733283],[138.68849086530386,-4.337066100733283],[138.68849086530386,-4.17437265879995],[138.54276893257284,-4.17437265879995],[138.54276893257284,-4.337066100733283]]]}},{"type":"Feature","properties":{"code":"53.11","name":"Sumba Timur","prov_name":"Nusa Tenggara Timur","leafCount":44},"geometry":{"type":"Polygon","coordinates":[[[134.02538901791144,-4.011679216866616],[134.17111095064246,-4.011679216866616],[134.17111095064246,-3.8489857749332828],[134.02538901791144,-3.8489857749332828],[134.02538901791144,-4.011679216866616]]]}},{"type":"Feature","properties":{"code":"53.12","name":"Sumba Barat","prov_name":"Nusa Tenggara Timur","leafCount":15},"geometry":{"type":"Polygon","coordinates":[[[128.925121372326,-4.011679216866616],[129.07084330505702,-4.011679216866616],[129.07084330505702,-3.8489857749332828],[128.925121372326,-3.8489857749332828],[128.925121372326,-4.011679216866616]]]}},{"type":"Feature","properties":{"code":"53.17","name":"Sumba Tengah","prov_name":"Nusa Tenggara Timur","leafCount":18},"geometry":{"type":"Polygon","coordinates":[[[131.2566722960222,-4.011679216866616],[131.40239422875322,-4.011679216866616],[131.40239422875322,-3.8489857749332828],[131.2566722960222,-3.8489857749332828],[131.2566722960222,-4.011679216866616]]]}},{"type":"Feature","properties":{"code":"91.01","name":"Merauke","prov_name":"Papua Pegunungan","leafCount":45},"geometry":{"type":"Polygon","coordinates":[[[138.97993473076588,-10.19403001033328],[139.1256566634969,-10.19403001033328],[139.1256566634969,-10.031336568399947],[138.97993473076588,-10.031336568399947],[138.97993473076588,-10.19403001033328]]]}},{"type":"Feature","properties":{"code":"91.17","name":"Mappi","prov_name":"Papua Pegunungan","leafCount":51},"geometry":{"type":"Polygon","coordinates":[[[139.56282246168993,-8.892482474866615],[139.70854439442095,-8.892482474866615],[139.70854439442095,-8.729789032933281],[139.56282246168993,-8.729789032933281],[139.56282246168993,-8.892482474866615]]]}},{"type":"Feature","properties":{"code":"91.08","name":"Paniai","prov_name":"Papua Pegunungan","leafCount":63},"geometry":{"type":"Polygon","coordinates":[[[128.19651170867095,-8.892482474866615],[128.34223364140198,-8.892482474866615],[128.34223364140198,-8.729789032933281],[128.19651170867095,-8.729789032933281],[128.19651170867095,-8.892482474866615]]]}},{"type":"Feature","properties":{"code":"91.71","name":"Kota Jayapura","prov_name":"Papua Pegunungan","leafCount":12},"geometry":{"type":"Polygon","coordinates":[[[122.22191246669942,-8.892482474866615],[122.36763439943043,-8.892482474866615],[122.36763439943043,-8.729789032933281],[122.22191246669942,-8.729789032933281],[122.22191246669942,-8.892482474866615]]]}},{"type":"Feature","properties":{"code":"91.12","name":"Pegunungan Bintang","prov_name":"Papua Pegunungan","leafCount":68},"geometry":{"type":"Polygon","coordinates":[[[137.23127153799373,-8.892482474866615],[137.37699347072476,-8.892482474866615],[137.37699347072476,-8.729789032933281],[137.23127153799373,-8.729789032933281],[137.23127153799373,-8.892482474866615]]]}},{"type":"Feature","properties":{"code":"91.02","name":"Jayawijaya","prov_name":"Papua Pegunungan","leafCount":79},"geometry":{"type":"Polygon","coordinates":[[[131.54811616148424,-8.892482474866615],[131.69383809421527,-8.892482474866615],[131.69383809421527,-8.729789032933281],[131.54811616148424,-8.729789032933281],[131.54811616148424,-8.892482474866615]]]}},{"type":"Feature","properties":{"code":"91.07","name":"Puncak Jaya","prov_name":"Papua Pegunungan","leafCount":75},"geometry":{"type":"Polygon","coordinates":[[[123.82485372674057,-8.892482474866615],[123.97057565947158,-8.892482474866615],[123.97057565947158,-8.729789032933281],[123.82485372674057,-8.729789032933281],[123.82485372674057,-8.892482474866615]]]}},{"type":"Feature","properties":{"code":"91.14","name":"Tolikara","prov_name":"Papua Pegunungan","leafCount":134},"geometry":{"type":"Polygon","coordinates":[[[124.99062918858867,-8.892482474866615],[125.13635112131968,-8.892482474866615],[125.13635112131968,-8.729789032933281],[124.99062918858867,-8.729789032933281],[124.99062918858867,-8.892482474866615]]]}},{"type":"Feature","properties":{"code":"91.25","name":"Puncak","prov_name":"Papua Pegunungan","leafCount":51},"geometry":{"type":"Polygon","coordinates":[[[127.32218011228487,-8.892482474866615],[127.46790204501588,-8.892482474866615],[127.46790204501588,-8.729789032933281],[127.32218011228487,-8.729789032933281],[127.32218011228487,-8.892482474866615]]]}},{"type":"Feature","properties":{"code":"91.03","name":"Jayapura","prov_name":"Papua Pegunungan","leafCount":39},"geometry":{"type":"Polygon","coordinates":[[[122.36763439943044,-8.892482474866615],[122.51335633216145,-8.892482474866615],[122.51335633216145,-8.729789032933281],[122.36763439943044,-8.729789032933281],[122.36763439943044,-8.892482474866615]]]}},{"type":"Feature","properties":{"code":"91.09","name":"Mimika","prov_name":"Papua Pegunungan","leafCount":44},"geometry":{"type":"Polygon","coordinates":[[[136.50266187433868,-8.892482474866615],[136.6483838070697,-8.892482474866615],[136.6483838070697,-8.729789032933281],[136.50266187433868,-8.729789032933281],[136.50266187433868,-8.892482474866615]]]}},{"type":"Feature","properties":{"code":"91.18","name":"Asmat","prov_name":"Papua Pegunungan","leafCount":44},"geometry":{"type":"Polygon","coordinates":[[[138.25132506711083,-8.892482474866615],[138.39704699984185,-8.892482474866615],[138.39704699984185,-8.729789032933281],[138.25132506711083,-8.729789032933281],[138.25132506711083,-8.892482474866615]]]}},{"type":"Feature","properties":{"code":"91.04","name":"Nabire","prov_name":"Papua Pegunungan","leafCount":21},"geometry":{"type":"Polygon","coordinates":[[[123.24196599581651,-8.892482474866615],[123.38768792854752,-8.892482474866615],[123.38768792854752,-8.729789032933281],[123.24196599581651,-8.729789032933281],[123.24196599581651,-8.892482474866615]]]}},{"type":"Feature","properties":{"code":"91.24","name":"Nduga","prov_name":"Papua Pegunungan","leafCount":72},"geometry":{"type":"Polygon","coordinates":[[[133.2967793542564,-8.892482474866615],[133.4425012869874,-8.892482474866615],[133.4425012869874,-8.729789032933281],[133.2967793542564,-8.729789032933281],[133.2967793542564,-8.892482474866615]]]}},{"type":"Feature","properties":{"code":"91.13","name":"Yahukimo","prov_name":"Papua Pegunungan","leafCount":135},"geometry":{"type":"Polygon","coordinates":[[[134.4625548161045,-8.892482474866615],[134.60827674883552,-8.892482474866615],[134.60827674883552,-8.729789032933281],[134.4625548161045,-8.729789032933281],[134.4625548161045,-8.892482474866615]]]}},{"type":"Feature","properties":{"code":"91.23","name":"Lanny Jaya","prov_name":"Papua Pegunungan","leafCount":88},"geometry":{"type":"Polygon","coordinates":[[[130.09089683417412,-8.892482474866615],[130.23661876690514,-8.892482474866615],[130.23661876690514,-8.729789032933281],[130.09089683417412,-8.729789032933281],[130.09089683417412,-8.892482474866615]]]}},{"type":"Feature","properties":{"code":"91.16","name":"Boven Digoel","prov_name":"Papua Pegunungan","leafCount":25},"geometry":{"type":"Polygon","coordinates":[[[138.97993473076588,-8.892482474866615],[139.1256566634969,-8.892482474866615],[139.1256566634969,-8.729789032933281],[138.97993473076588,-8.729789032933281],[138.97993473076588,-8.892482474866615]]]}},{"type":"Feature","properties":{"code":"91.22","name":"Yalimo","prov_name":"Papua Pegunungan","leafCount":58},"geometry":{"type":"Polygon","coordinates":[[[129.21656523778805,-8.892482474866615],[129.36228717051907,-8.892482474866615],[129.36228717051907,-8.729789032933281],[129.21656523778805,-8.729789032933281],[129.21656523778805,-8.892482474866615]]]}},{"type":"Feature","properties":{"code":"91.11","name":"Keerom","prov_name":"Papua Pegunungan","leafCount":13},"geometry":{"type":"Polygon","coordinates":[[[122.9505221303545,-8.892482474866615],[123.0962440630855,-8.892482474866615],[123.0962440630855,-8.729789032933281],[122.9505221303545,-8.729789032933281],[122.9505221303545,-8.892482474866615]]]}},{"type":"Feature","properties":{"code":"91.15","name":"Waropen","prov_name":"Papua Pegunungan","leafCount":28},"geometry":{"type":"Polygon","coordinates":[[[121.78474666850639,-8.892482474866615],[121.9304686012374,-8.892482474866615],[121.9304686012374,-8.729789032933281],[121.78474666850639,-8.729789032933281],[121.78474666850639,-8.892482474866615]]]}},{"type":"Feature","properties":{"code":"91.21","name":"Mamberamo Tengah","prov_name":"Papua Pegunungan","leafCount":18},"geometry":{"type":"Polygon","coordinates":[[[127.03073624682284,-8.892482474866615],[127.17645817955385,-8.892482474866615],[127.17645817955385,-8.729789032933281],[127.03073624682284,-8.729789032933281],[127.03073624682284,-8.892482474866615]]]}},{"type":"Feature","properties":{"code":"91.28","name":"Deiyai","prov_name":"Papua Pegunungan","leafCount":14},"geometry":{"type":"Polygon","coordinates":[[[133.00533548879437,-8.892482474866615],[133.1510574215254,-8.892482474866615],[133.1510574215254,-8.729789032933281],[133.00533548879437,-8.729789032933281],[133.00533548879437,-8.892482474866615]]]}},{"type":"Feature","properties":{"code":"91.20","name":"Mamberamo Raya","prov_name":"Papua Pegunungan","leafCount":13},"geometry":{"type":"Polygon","coordinates":[[[121.49330280304437,-8.892482474866615],[121.63902473577538,-8.892482474866615],[121.63902473577538,-8.729789032933281],[121.49330280304437,-8.729789032933281],[121.49330280304437,-8.892482474866615]]]}},{"type":"Feature","properties":{"code":"91.26","name":"Dogiyai","prov_name":"Papua Pegunungan","leafCount":20},"geometry":{"type":"Polygon","coordinates":[[[132.71389162333233,-8.892482474866615],[132.85961355606335,-8.892482474866615],[132.85961355606335,-8.729789032933281],[132.71389162333233,-8.729789032933281],[132.71389162333233,-8.892482474866615]]]}},{"type":"Feature","properties":{"code":"91.27","name":"Intan Jaya","prov_name":"Papua Pegunungan","leafCount":22},"geometry":{"type":"Polygon","coordinates":[[[123.53340986127854,-8.892482474866615],[123.67913179400955,-8.892482474866615],[123.67913179400955,-8.729789032933281],[123.53340986127854,-8.729789032933281],[123.53340986127854,-8.892482474866615]]]}},{"type":"Feature","properties":{"code":"91.05","name":"Kepulauan Yapen","prov_name":"Papua Pegunungan","leafCount":49},"geometry":{"type":"Polygon","coordinates":[[[120.47324927392728,-8.892482474866615],[120.61897120665829,-8.892482474866615],[120.61897120665829,-8.729789032933281],[120.47324927392728,-8.729789032933281],[120.47324927392728,-8.892482474866615]]]}},{"type":"Feature","properties":{"code":"91.10","name":"Sarmi","prov_name":"Papua Pegunungan","leafCount":18},"geometry":{"type":"Polygon","coordinates":[[[121.20185893758234,-8.892482474866615],[121.34758087031335,-8.892482474866615],[121.34758087031335,-8.729789032933281],[121.20185893758234,-8.729789032933281],[121.20185893758234,-8.892482474866615]]]}},{"type":"Feature","properties":{"code":"91.06","name":"Biak Numfor","prov_name":"Papua Pegunungan","leafCount":61},"geometry":{"type":"Polygon","coordinates":[[[119.45319574481019,-9.055175916799948],[119.5989176775412,-9.055175916799948],[119.5989176775412,-8.892482474866615],[119.45319574481019,-8.892482474866615],[119.45319574481019,-9.055175916799948]]]}},{"type":"Feature","properties":{"code":"91.19","name":"Supiori","prov_name":"Papua Pegunungan","leafCount":4},"geometry":{"type":"Polygon","coordinates":[[[119.45319574481019,-8.892482474866615],[119.5989176775412,-8.892482474866615],[119.5989176775412,-8.729789032933281],[119.45319574481019,-8.729789032933281],[119.45319574481019,-8.892482474866615]]]}},{"type":"Feature","properties":{"code":"76.02","name":"Mamuju","prov_name":"Sulawesi Barat","leafCount":20},"geometry":{"type":"Polygon","coordinates":[[[128.34223364140195,-1.4085841459332842],[128.48795557413297,-1.4085841459332842],[128.48795557413297,-1.245890703999951],[128.34223364140195,-1.245890703999951],[128.34223364140195,-1.4085841459332842]]]}},{"type":"Feature","properties":{"code":"76.03","name":"Mamasa","prov_name":"Sulawesi Barat","leafCount":51},"geometry":{"type":"Polygon","coordinates":[[[119.30747381207917,-1.5712775878666176],[119.45319574481017,-1.5712775878666176],[119.45319574481017,-1.4085841459332844],[119.30747381207917,-1.4085841459332844],[119.30747381207917,-1.5712775878666176]]]}},{"type":"Feature","properties":{"code":"76.05","name":"Majene","prov_name":"Sulawesi Barat","leafCount":17},"geometry":{"type":"Polygon","coordinates":[[[133.58822321971843,-1.4085841459332842],[133.73394515244945,-1.4085841459332842],[133.73394515244945,-1.245890703999951],[133.58822321971843,-1.245890703999951],[133.58822321971843,-1.4085841459332842]]]}},{"type":"Feature","properties":{"code":"76.04","name":"Polewali Mandar","prov_name":"Sulawesi Barat","leafCount":38},"geometry":{"type":"Polygon","coordinates":[[[135.91977414341463,-1.4085841459332842],[136.06549607614565,-1.4085841459332842],[136.06549607614565,-1.245890703999951],[135.91977414341463,-1.245890703999951],[135.91977414341463,-1.4085841459332842]]]}},{"type":"Feature","properties":{"code":"76.01","name":"Pasangkayu","prov_name":"Sulawesi Barat","leafCount":20},"geometry":{"type":"Polygon","coordinates":[[[119.30747381207917,-1.4085841459332842],[119.45319574481017,-1.4085841459332842],[119.45319574481017,-1.245890703999951],[119.30747381207917,-1.245890703999951],[119.30747381207917,-1.4085841459332842]]]}},{"type":"Feature","properties":{"code":"76.06","name":"Mamuju Tengah","prov_name":"Sulawesi Barat","leafCount":13},"geometry":{"type":"Polygon","coordinates":[[[124.84490725585766,-1.4085841459332842],[124.99062918858867,-1.4085841459332842],[124.99062918858867,-1.245890703999951],[124.84490725585766,-1.245890703999951],[124.84490725585766,-1.4085841459332842]]]}},{"type":"Feature","properties":{"code":"72.06","name":"Morowali","prov_name":"Sulawesi Tengah","leafCount":26},"geometry":{"type":"Polygon","coordinates":[[[139.56282246168993,-3.1982120071999507],[139.70854439442095,-3.1982120071999507],[139.70854439442095,-3.0355185652666172],[139.56282246168993,-3.0355185652666172],[139.56282246168993,-3.1982120071999507]]]}},{"type":"Feature","properties":{"code":"72.07","name":"Banggai Kepulauan","prov_name":"Sulawesi Tengah","leafCount":33},"geometry":{"type":"Polygon","coordinates":[[[134.31683288337348,-3.1982120071999507],[134.4625548161045,-3.1982120071999507],[134.4625548161045,-3.0355185652666172],[134.31683288337348,-3.0355185652666172],[134.31683288337348,-3.1982120071999507]]]}},{"type":"Feature","properties":{"code":"72.08","name":"Parigi Moutong","prov_name":"Sulawesi Tengah","leafCount":65},"geometry":{"type":"Polygon","coordinates":[[[121.78474666850639,-3.1982120071999507],[121.9304686012374,-3.1982120071999507],[121.9304686012374,-3.0355185652666172],[121.78474666850639,-3.0355185652666172],[121.78474666850639,-3.1982120071999507]]]}},{"type":"Feature","properties":{"code":"72.11","name":"Banggai Laut","prov_name":"Sulawesi Tengah","leafCount":17},"geometry":{"type":"Polygon","coordinates":[[[137.37699347072476,-3.1982120071999507],[137.52271540345578,-3.1982120071999507],[137.52271540345578,-3.0355185652666172],[137.37699347072476,-3.0355185652666172],[137.37699347072476,-3.1982120071999507]]]}},{"type":"Feature","properties":{"code":"72.09","name":"Tojo Una Una","prov_name":"Sulawesi Tengah","leafCount":27},"geometry":{"type":"Polygon","coordinates":[[[126.4478485158988,-3.1982120071999507],[126.5935704486298,-3.1982120071999507],[126.5935704486298,-3.0355185652666172],[126.4478485158988,-3.0355185652666172],[126.4478485158988,-3.1982120071999507]]]}},{"type":"Feature","properties":{"code":"72.01","name":"Banggai","prov_name":"Sulawesi Tengah","leafCount":73},"geometry":{"type":"Polygon","coordinates":[[[128.48795557413297,-3.1982120071999507],[128.633677506864,-3.1982120071999507],[128.633677506864,-3.0355185652666172],[128.48795557413297,-3.0355185652666172],[128.48795557413297,-3.1982120071999507]]]}},{"type":"Feature","properties":{"code":"72.04","name":"Toli Toli","prov_name":"Sulawesi Tengah","leafCount":22},"geometry":{"type":"Polygon","coordinates":[[[120.61897120665829,-3.1982120071999507],[120.7646931393893,-3.1982120071999507],[120.7646931393893,-3.0355185652666172],[120.61897120665829,-3.0355185652666172],[120.61897120665829,-3.1982120071999507]]]}},{"type":"Feature","properties":{"code":"72.12","name":"Morowali Utara","prov_name":"Sulawesi Tengah","leafCount":25},"geometry":{"type":"Polygon","coordinates":[[[138.25132506711083,-3.1982120071999507],[138.39704699984185,-3.1982120071999507],[138.39704699984185,-3.0355185652666172],[138.25132506711083,-3.0355185652666172],[138.25132506711083,-3.1982120071999507]]]}},{"type":"Feature","properties":{"code":"72.10","name":"Sigi","prov_name":"Sulawesi Tengah","leafCount":36},"geometry":{"type":"Polygon","coordinates":[[[132.42244775787032,-3.1982120071999507],[132.56816969060134,-3.1982120071999507],[132.56816969060134,-3.0355185652666172],[132.42244775787032,-3.0355185652666172],[132.42244775787032,-3.1982120071999507]]]}},{"type":"Feature","properties":{"code":"72.05","name":"Buol","prov_name":"Sulawesi Tengah","leafCount":23},"geometry":{"type":"Polygon","coordinates":[[[119.45319574481019,-3.1982120071999507],[119.5989176775412,-3.1982120071999507],[119.5989176775412,-3.0355185652666172],[119.45319574481019,-3.0355185652666172],[119.45319574481019,-3.1982120071999507]]]}},{"type":"Feature","properties":{"code":"72.02","name":"Poso","prov_name":"Sulawesi Tengah","leafCount":25},"geometry":{"type":"Polygon","coordinates":[[[136.06549607614562,-3.1982120071999507],[136.21121800887664,-3.1982120071999507],[136.21121800887664,-3.0355185652666172],[136.06549607614562,-3.0355185652666172],[136.06549607614562,-3.1982120071999507]]]}},{"type":"Feature","properties":{"code":"72.03","name":"Donggala","prov_name":"Sulawesi Tengah","leafCount":22},"geometry":{"type":"Polygon","coordinates":[[[125.2820730540507,-3.1982120071999507],[125.4277949867817,-3.1982120071999507],[125.4277949867817,-3.0355185652666172],[125.2820730540507,-3.0355185652666172],[125.2820730540507,-3.1982120071999507]]]}},{"type":"Feature","properties":{"code":"72.71","name":"Kota Palu","prov_name":"Sulawesi Tengah","leafCount":11},"geometry":{"type":"Polygon","coordinates":[[[127.90506784320891,-3.1982120071999507],[128.05078977593993,-3.1982120071999507],[128.05078977593993,-3.0355185652666172],[127.90506784320891,-3.0355185652666172],[127.90506784320891,-3.1982120071999507]]]}},{"type":"Feature","properties":{"code":"74.02","name":"Konawe","prov_name":"Sulawesi Tenggara","leafCount":79},"geometry":{"type":"Polygon","coordinates":[[[119.45319574481019,-5.8013070781332825],[119.5989176775412,-5.8013070781332825],[119.5989176775412,-5.638613636199949],[119.45319574481019,-5.638613636199949],[119.45319574481019,-5.8013070781332825]]]}},{"type":"Feature","properties":{"code":"74.05","name":"Konawe Selatan","prov_name":"Sulawesi Tenggara","leafCount":102},"geometry":{"type":"Polygon","coordinates":[[[129.7994529687121,-5.475920194266616],[129.94517490144312,-5.475920194266616],[129.94517490144312,-5.313226752333282],[129.7994529687121,-5.313226752333282],[129.7994529687121,-5.475920194266616]]]}},{"type":"Feature","properties":{"code":"74.11","name":"Kolaka Timur","prov_name":"Sulawesi Tenggara","leafCount":31},"geometry":{"type":"Polygon","coordinates":[[[119.45319574481019,-5.638613636199949],[119.5989176775412,-5.638613636199949],[119.5989176775412,-5.475920194266616],[119.45319574481019,-5.475920194266616],[119.45319574481019,-5.638613636199949]]]}},{"type":"Feature","properties":{"code":"74.08","name":"Kolaka Utara","prov_name":"Sulawesi Tenggara","leafCount":32},"geometry":{"type":"Polygon","coordinates":[[[119.45319574481019,-5.475920194266616],[119.5989176775412,-5.475920194266616],[119.5989176775412,-5.313226752333282],[119.45319574481019,-5.313226752333282],[119.45319574481019,-5.475920194266616]]]}},{"type":"Feature","properties":{"code":"74.09","name":"Konawe Utara","prov_name":"Sulawesi Tenggara","leafCount":44},"geometry":{"type":"Polygon","coordinates":[[[125.4277949867817,-5.8013070781332825],[125.57351691951271,-5.8013070781332825],[125.57351691951271,-5.638613636199949],[125.4277949867817,-5.638613636199949],[125.4277949867817,-5.8013070781332825]]]}},{"type":"Feature","properties":{"code":"74.01","name":"Kolaka","prov_name":"Sulawesi Tenggara","leafCount":37},"geometry":{"type":"Polygon","coordinates":[[[124.2620195249336,-5.475920194266616],[124.40774145766461,-5.475920194266616],[124.40774145766461,-5.313226752333282],[124.2620195249336,-5.313226752333282],[124.2620195249336,-5.475920194266616]]]}},{"type":"Feature","properties":{"code":"74.15","name":"Buton Selatan","prov_name":"Sulawesi Tenggara","leafCount":18},"geometry":{"type":"Polygon","coordinates":[[[136.21121800887664,-5.475920194266616],[136.35693994160766,-5.475920194266616],[136.35693994160766,-5.313226752333282],[136.21121800887664,-5.313226752333282],[136.21121800887664,-5.475920194266616]]]}},{"type":"Feature","properties":{"code":"74.12","name":"Konawe Kepulauan","prov_name":"Sulawesi Tenggara","leafCount":31},"geometry":{"type":"Polygon","coordinates":[[[138.1056031343798,-5.638613636199949],[138.25132506711083,-5.638613636199949],[138.25132506711083,-5.475920194266616],[138.1056031343798,-5.475920194266616],[138.1056031343798,-5.638613636199949]]]}},{"type":"Feature","properties":{"code":"74.06","name":"Bombana","prov_name":"Sulawesi Tenggara","leafCount":37},"geometry":{"type":"Polygon","coordinates":[[[124.11629759220259,-5.638613636199949],[124.26201952493359,-5.638613636199949],[124.26201952493359,-5.475920194266616],[124.11629759220259,-5.475920194266616],[124.11629759220259,-5.638613636199949]]]}},{"type":"Feature","properties":{"code":"74.03","name":"Muna","prov_name":"Sulawesi Tenggara","leafCount":34},"geometry":{"type":"Polygon","coordinates":[[[134.60827674883552,-5.638613636199949],[134.75399868156654,-5.638613636199949],[134.75399868156654,-5.475920194266616],[134.60827674883552,-5.475920194266616],[134.60827674883552,-5.638613636199949]]]}},{"type":"Feature","properties":{"code":"74.13","name":"Muna Barat","prov_name":"Sulawesi Tenggara","leafCount":20},"geometry":{"type":"Polygon","coordinates":[[[133.58822321971843,-5.638613636199949],[133.73394515244945,-5.638613636199949],[133.73394515244945,-5.475920194266616],[133.58822321971843,-5.475920194266616],[133.58822321971843,-5.638613636199949]]]}},{"type":"Feature","properties":{"code":"74.04","name":"Buton","prov_name":"Sulawesi Tenggara","leafCount":16},"geometry":{"type":"Polygon","coordinates":[[[136.21121800887664,-5.638613636199949],[136.35693994160766,-5.638613636199949],[136.35693994160766,-5.475920194266616],[136.21121800887664,-5.475920194266616],[136.21121800887664,-5.638613636199949]]]}},{"type":"Feature","properties":{"code":"74.10","name":"Buton Utara","prov_name":"Sulawesi Tenggara","leafCount":22},"geometry":{"type":"Polygon","coordinates":[[[137.0855496052627,-5.638613636199949],[137.23127153799373,-5.638613636199949],[137.23127153799373,-5.475920194266616],[137.0855496052627,-5.475920194266616],[137.0855496052627,-5.638613636199949]]]}},{"type":"Feature","properties":{"code":"74.14","name":"Buton Tengah","prov_name":"Sulawesi Tenggara","leafCount":15},"geometry":{"type":"Polygon","coordinates":[[[128.633677506864,-5.8013070781332825],[128.779399439595,-5.8013070781332825],[128.779399439595,-5.638613636199949],[128.633677506864,-5.638613636199949],[128.633677506864,-5.8013070781332825]]]}},{"type":"Feature","properties":{"code":"74.07","name":"Wakatobi","prov_name":"Sulawesi Tenggara","leafCount":25},"geometry":{"type":"Polygon","coordinates":[[[139.56282246168993,-5.638613636199949],[139.70854439442095,-5.638613636199949],[139.70854439442095,-5.475920194266616],[139.56282246168993,-5.475920194266616],[139.56282246168993,-5.638613636199949]]]}},{"type":"Feature","properties":{"code":"74.71","name":"Kota Kendari","prov_name":"Sulawesi Tenggara","leafCount":15},"geometry":{"type":"Polygon","coordinates":[[[133.58822321971843,-5.475920194266616],[133.73394515244945,-5.475920194266616],[133.73394515244945,-5.313226752333282],[133.58822321971843,-5.313226752333282],[133.58822321971843,-5.475920194266616]]]}},{"type":"Feature","properties":{"code":"74.72","name":"Kota Bau Bau","prov_name":"Sulawesi Tenggara","leafCount":13},"geometry":{"type":"Polygon","coordinates":[[[138.97993473076588,-5.475920194266616],[139.1256566634969,-5.475920194266616],[139.1256566634969,-5.313226752333282],[138.97993473076588,-5.313226752333282],[138.97993473076588,-5.475920194266616]]]}},{"type":"Feature","properties":{"code":"92.03","name":"Fak Fak","prov_name":"Papua Barat Daya","leafCount":41},"geometry":{"type":"Polygon","coordinates":[[[119.30747381207917,-8.567095590999948],[119.45319574481017,-8.567095590999948],[119.45319574481017,-8.404402149066614],[119.30747381207917,-8.404402149066614],[119.30747381207917,-8.567095590999948]]]}},{"type":"Feature","properties":{"code":"92.06","name":"Teluk Bintuni","prov_name":"Papua Barat Daya","leafCount":32},"geometry":{"type":"Polygon","coordinates":[[[130.52806263236715,-8.07901526519995],[130.67378456509817,-8.07901526519995],[130.67378456509817,-7.916321823266616],[130.52806263236715,-7.916321823266616],[130.52806263236715,-8.07901526519995]]]}},{"type":"Feature","properties":{"code":"92.08","name":"Kaimana","prov_name":"Papua Barat Daya","leafCount":21},"geometry":{"type":"Polygon","coordinates":[[[130.52806263236715,-8.567095590999948],[130.67378456509817,-8.567095590999948],[130.67378456509817,-8.404402149066614],[130.52806263236715,-8.404402149066614],[130.52806263236715,-8.567095590999948]]]}},{"type":"Feature","properties":{"code":"92.07","name":"Teluk Wondama","prov_name":"Papua Barat Daya","leafCount":18},"geometry":{"type":"Polygon","coordinates":[[[137.52271540345575,-8.567095590999948],[137.66843733618677,-8.567095590999948],[137.66843733618677,-8.404402149066614],[137.52271540345575,-8.404402149066614],[137.52271540345575,-8.567095590999948]]]}},{"type":"Feature","properties":{"code":"92.11","name":"Manokwari Selatan","prov_name":"Papua Barat Daya","leafCount":15},"geometry":{"type":"Polygon","coordinates":[[[134.60827674883552,-8.567095590999948],[134.75399868156654,-8.567095590999948],[134.75399868156654,-8.404402149066614],[134.60827674883552,-8.404402149066614],[134.60827674883552,-8.567095590999948]]]}},{"type":"Feature","properties":{"code":"92.10","name":"Maybrat","prov_name":"Papua Barat Daya","leafCount":67},"geometry":{"type":"Polygon","coordinates":[[[119.30747381207917,-8.404402149066614],[119.45319574481017,-8.404402149066614],[119.45319574481017,-8.24170870713328],[119.30747381207917,-8.24170870713328],[119.30747381207917,-8.404402149066614]]]}},{"type":"Feature","properties":{"code":"92.12","name":"Pegunungan Arfak","prov_name":"Papua Barat Daya","leafCount":45},"geometry":{"type":"Polygon","coordinates":[[[130.52806263236715,-8.24170870713328],[130.67378456509817,-8.24170870713328],[130.67378456509817,-8.079015265199947],[130.52806263236715,-8.079015265199947],[130.52806263236715,-8.24170870713328]]]}},{"type":"Feature","properties":{"code":"92.01","name":"Sorong","prov_name":"Papua Barat Daya","leafCount":62},"geometry":{"type":"Polygon","coordinates":[[[122.36763439943044,-7.916321823266616],[122.51335633216145,-7.916321823266616],[122.51335633216145,-7.753628381333282],[122.36763439943044,-7.753628381333282],[122.36763439943044,-7.916321823266616]]]}},{"type":"Feature","properties":{"code":"92.09","name":"Tambrauw","prov_name":"Papua Barat Daya","leafCount":52},"geometry":{"type":"Polygon","coordinates":[[[130.52806263236715,-7.916321823266616],[130.67378456509817,-7.916321823266616],[130.67378456509817,-7.753628381333282],[130.52806263236715,-7.753628381333282],[130.52806263236715,-7.916321823266616]]]}},{"type":"Feature","properties":{"code":"92.02","name":"Manokwari","prov_name":"Papua Barat Daya","leafCount":41},"geometry":{"type":"Polygon","coordinates":[[[130.52806263236715,-8.404402149066614],[130.67378456509817,-8.404402149066614],[130.67378456509817,-8.24170870713328],[130.52806263236715,-8.24170870713328],[130.52806263236715,-8.404402149066614]]]}},{"type":"Feature","properties":{"code":"92.05","name":"Raja Ampat","prov_name":"Papua Barat Daya","leafCount":25},"geometry":{"type":"Polygon","coordinates":[[[119.30747381207917,-7.916321823266616],[119.45319574481017,-7.916321823266616],[119.45319574481017,-7.753628381333282],[119.30747381207917,-7.753628381333282],[119.30747381207917,-7.916321823266616]]]}},{"type":"Feature","properties":{"code":"92.04","name":"Sorong Selatan","prov_name":"Papua Barat Daya","leafCount":32},"geometry":{"type":"Polygon","coordinates":[[[122.36763439943044,-8.24170870713328],[122.51335633216145,-8.24170870713328],[122.51335633216145,-8.079015265199947],[122.36763439943044,-8.079015265199947],[122.36763439943044,-8.24170870713328]]]}},{"type":"Feature","properties":{"code":"92.71","name":"Kota Sorong","prov_name":"Papua Barat Daya","leafCount":11},"geometry":{"type":"Polygon","coordinates":[[[121.34758087031335,-7.916321823266616],[121.49330280304436,-7.916321823266616],[121.49330280304436,-7.753628381333282],[121.34758087031335,-7.753628381333282],[121.34758087031335,-7.916321823266616]]]}},{"type":"Feature","properties":{"code":"14.71","name":"Kota Pekanbaru","prov_name":"Riau","leafCount":15},"geometry":{"type":"Polygon","coordinates":[[[103.86094894259183,0.3810437153333812],[104.00667087532284,0.3810437153333812],[104.00667087532284,0.5437371572667145],[103.86094894259183,0.5437371572667145],[103.86094894259183,0.3810437153333812]]]}},{"type":"Feature","properties":{"code":"14.04","name":"Indragiri Hilir","prov_name":"Riau","leafCount":54},"geometry":{"type":"Polygon","coordinates":[[[111.14704557914246,0.21835027340004862],[111.29276751187346,0.21835027340004862],[111.29276751187346,0.3810437153333819],[111.14704557914246,0.3810437153333819],[111.14704557914246,0.21835027340004862]]]}},{"type":"Feature","properties":{"code":"14.03","name":"Bengkalis","prov_name":"Riau","leafCount":40},"geometry":{"type":"Polygon","coordinates":[[[106.19249986628803,0.5437371572667147],[106.33822179901904,0.5437371572667147],[106.33822179901904,0.7064305992000479],[106.19249986628803,0.7064305992000479],[106.19249986628803,0.5437371572667147]]]}},{"type":"Feature","properties":{"code":"14.02","name":"Indragiri Hulu","prov_name":"Riau","leafCount":50},"geometry":{"type":"Polygon","coordinates":[[[110.56415784821841,0.3810437153333812],[110.70987978094942,0.3810437153333812],[110.70987978094942,0.5437371572667145],[110.56415784821841,0.5437371572667145],[110.56415784821841,0.3810437153333812]]]}},{"type":"Feature","properties":{"code":"14.01","name":"Kampar","prov_name":"Riau","leafCount":55},"geometry":{"type":"Polygon","coordinates":[[[95.11763297873107,0.3810437153333812],[95.26335491146207,0.3810437153333812],[95.26335491146207,0.5437371572667145],[95.11763297873107,0.5437371572667145],[95.11763297873107,0.3810437153333812]]]}},{"type":"Feature","properties":{"code":"14.10","name":"Kepulauan Meranti","prov_name":"Riau","leafCount":34},"geometry":{"type":"Polygon","coordinates":[[[106.19249986628803,0.21835027340004862],[106.33822179901904,0.21835027340004862],[106.33822179901904,0.3810437153333819],[106.19249986628803,0.3810437153333819],[106.19249986628803,0.21835027340004862]]]}},{"type":"Feature","properties":{"code":"14.07","name":"Rokan Hilir","prov_name":"Riau","leafCount":39},"geometry":{"type":"Polygon","coordinates":[[[100.50934448977854,0.5437371572667147],[100.65506642250955,0.5437371572667147],[100.65506642250955,0.7064305992000479],[100.50934448977854,0.7064305992000479],[100.50934448977854,0.5437371572667147]]]}},{"type":"Feature","properties":{"code":"14.05","name":"Pelalawan","prov_name":"Riau","leafCount":26},"geometry":{"type":"Polygon","coordinates":[[[106.19249986628803,0.3810437153333812],[106.33822179901904,0.3810437153333812],[106.33822179901904,0.5437371572667145],[106.19249986628803,0.5437371572667145],[106.19249986628803,0.3810437153333812]]]}},{"type":"Feature","properties":{"code":"14.09","name":"Kuantan Singingi","prov_name":"Riau","leafCount":56},"geometry":{"type":"Polygon","coordinates":[[[96.42913037331019,0.21835027340004862],[96.5748523060412,0.21835027340004862],[96.5748523060412,0.3810437153333819],[96.42913037331019,0.3810437153333819],[96.42913037331019,0.21835027340004862]]]}},{"type":"Feature","properties":{"code":"14.08","name":"Siak","prov_name":"Riau","leafCount":40},"geometry":{"type":"Polygon","coordinates":[[[112.7499868391836,0.5437371572667147],[112.89570877191461,0.5437371572667147],[112.89570877191461,0.7064305992000479],[112.7499868391836,0.7064305992000479],[112.7499868391836,0.5437371572667147]]]}},{"type":"Feature","properties":{"code":"14.06","name":"Rokan Hulu","prov_name":"Riau","leafCount":37},"geometry":{"type":"Polygon","coordinates":[[[95.11763297873107,0.5437371572667147],[95.26335491146207,0.5437371572667147],[95.26335491146207,0.7064305992000479],[95.11763297873107,0.7064305992000479],[95.11763297873107,0.5437371572667147]]]}},{"type":"Feature","properties":{"code":"14.72","name":"Kota Dumai","prov_name":"Riau","leafCount":7},"geometry":{"type":"Polygon","coordinates":[[[95.11763297873107,0.21835027340004862],[95.26335491146207,0.21835027340004862],[95.26335491146207,0.3810437153333819],[95.11763297873107,0.3810437153333819],[95.11763297873107,0.21835027340004862]]]}},{"type":"Feature","properties":{"code":"21.71","name":"Kota Batam","prov_name":"Kepulauan Riau","leafCount":16},"geometry":{"type":"Polygon","coordinates":[[[100.50934448977854,-3.8489857749332828],[100.65506642250955,-3.8489857749332828],[100.65506642250955,-3.6862923329999493],[100.50934448977854,-3.6862923329999493],[100.50934448977854,-3.8489857749332828]]]}},{"type":"Feature","properties":{"code":"21.04","name":"Lingga","prov_name":"Kepulauan Riau","leafCount":15},"geometry":{"type":"Polygon","coordinates":[[[105.46389020263297,-3.8489857749332828],[105.60961213536397,-3.8489857749332828],[105.60961213536397,-3.6862923329999493],[105.46389020263297,-3.6862923329999493],[105.46389020263297,-3.8489857749332828]]]}},{"type":"Feature","properties":{"code":"21.02","name":"Karimun","prov_name":"Kepulauan Riau","leafCount":21},"geometry":{"type":"Polygon","coordinates":[[[94.97191104600006,-3.8489857749332828],[95.11763297873107,-3.8489857749332828],[95.11763297873107,-3.6862923329999493],[94.97191104600006,-3.6862923329999493],[94.97191104600006,-3.8489857749332828]]]}},{"type":"Feature","properties":{"code":"21.72","name":"Kota Tanjung Pinang","prov_name":"Kepulauan Riau","leafCount":3},"geometry":{"type":"Polygon","coordinates":[[[104.7352805389779,-3.8489857749332828],[104.88100247170891,-3.8489857749332828],[104.88100247170891,-3.6862923329999493],[104.7352805389779,-3.6862923329999493],[104.7352805389779,-3.8489857749332828]]]}},{"type":"Feature","properties":{"code":"21.01","name":"Bintan","prov_name":"Kepulauan Riau","leafCount":6},"geometry":{"type":"Polygon","coordinates":[[[109.39838238637032,-3.8489857749332828],[109.54410431910132,-3.8489857749332828],[109.54410431910132,-3.6862923329999493],[109.39838238637032,-3.6862923329999493],[109.39838238637032,-3.8489857749332828]]]}},{"type":"Feature","properties":{"code":"21.05","name":"Kepulauan Anambas","prov_name":"Kepulauan Riau","leafCount":11},"geometry":{"type":"Polygon","coordinates":[[[111.00132364641145,-3.8489857749332828],[111.14704557914246,-3.8489857749332828],[111.14704557914246,-3.6862923329999493],[111.00132364641145,-3.6862923329999493],[111.00132364641145,-3.8489857749332828]]]}},{"type":"Feature","properties":{"code":"21.03","name":"Natuna","prov_name":"Kepulauan Riau","leafCount":21},"geometry":{"type":"Polygon","coordinates":[[[113.9157623010317,-3.8489857749332828],[114.06148423376271,-3.8489857749332828],[114.06148423376271,-3.6862923329999493],[113.9157623010317,-3.6862923329999493],[113.9157623010317,-3.8489857749332828]]]}},{"type":"Feature","properties":{"code":"12.03","name":"Tapanuli Selatan","prov_name":"Sumatera Utara","leafCount":54},"geometry":{"type":"Polygon","coordinates":[[[103.71522700986083,2.3333650185333807],[103.86094894259183,2.3333650185333807],[103.86094894259183,2.496058460466714],[103.71522700986083,2.496058460466714],[103.71522700986083,2.3333650185333807]]]}},{"type":"Feature","properties":{"code":"12.21","name":"Padang Lawas","prov_name":"Sumatera Utara","leafCount":87},"geometry":{"type":"Polygon","coordinates":[[[109.83554818456335,2.3333650185333807],[109.98127011729436,2.3333650185333807],[109.98127011729436,2.496058460466714],[109.83554818456335,2.496058460466714],[109.83554818456335,2.3333650185333807]]]}},{"type":"Feature","properties":{"code":"12.22","name":"Labuhanbatu Selatan","prov_name":"Sumatera Utara","leafCount":11},"geometry":{"type":"Polygon","coordinates":[[[98.17779356608234,2.3333650185333807],[98.32351549881335,2.3333650185333807],[98.32351549881335,2.496058460466714],[98.17779356608234,2.496058460466714],[98.17779356608234,2.3333650185333807]]]}},{"type":"Feature","properties":{"code":"12.01","name":"Tapanuli Tengah","prov_name":"Sumatera Utara","leafCount":51},"geometry":{"type":"Polygon","coordinates":[[[98.61495936427538,2.3333650185333807],[98.76068129700639,2.3333650185333807],[98.76068129700639,2.496058460466714],[98.61495936427538,2.496058460466714],[98.61495936427538,2.3333650185333807]]]}},{"type":"Feature","properties":{"code":"12.20","name":"Padang Lawas Utara","prov_name":"Sumatera Utara","leafCount":102},"geometry":{"type":"Polygon","coordinates":[[[100.50934448977854,2.3333650185333807],[100.65506642250955,2.3333650185333807],[100.65506642250955,2.496058460466714],[100.50934448977854,2.496058460466714],[100.50934448977854,2.3333650185333807]]]}},{"type":"Feature","properties":{"code":"12.73","name":"Kota Sibolga","prov_name":"Sumatera Utara","leafCount":8},"geometry":{"type":"Polygon","coordinates":[[[100.21790062431651,2.1706715766000473],[100.36362255704752,2.1706715766000473],[100.36362255704752,2.3333650185333807],[100.21790062431651,2.3333650185333807],[100.21790062431651,2.1706715766000473]]]}},{"type":"Feature","properties":{"code":"12.13","name":"Mandailing Natal","prov_name":"Sumatera Utara","leafCount":98},"geometry":{"type":"Polygon","coordinates":[[[112.60426490645258,2.3333650185333807],[112.74998683918359,2.3333650185333807],[112.74998683918359,2.496058460466714],[112.60426490645258,2.496058460466714],[112.60426490645258,2.3333650185333807]]]}},{"type":"Feature","properties":{"code":"12.77","name":"Kota Padang Sidempuan","prov_name":"Sumatera Utara","leafCount":24},"geometry":{"type":"Polygon","coordinates":[[[105.46389020263297,2.3333650185333807],[105.60961213536397,2.3333650185333807],[105.60961213536397,2.496058460466714],[105.46389020263297,2.496058460466714],[105.46389020263297,2.3333650185333807]]]}},{"type":"Feature","properties":{"code":"12.24","name":"Nias Utara","prov_name":"Sumatera Utara","leafCount":21},"geometry":{"type":"Polygon","coordinates":[[[106.19249986628803,2.3333650185333807],[106.33822179901904,2.3333650185333807],[106.33822179901904,2.496058460466714],[106.19249986628803,2.496058460466714],[106.19249986628803,2.3333650185333807]]]}},{"type":"Feature","properties":{"code":"12.04","name":"Nias","prov_name":"Sumatera Utara","leafCount":46},"geometry":{"type":"Polygon","coordinates":[[[107.64971919359816,2.3333650185333807],[107.79544112632917,2.3333650185333807],[107.79544112632917,2.496058460466714],[107.64971919359816,2.496058460466714],[107.64971919359816,2.3333650185333807]]]}},{"type":"Feature","properties":{"code":"12.14","name":"Nias Selatan","prov_name":"Sumatera Utara","leafCount":111},"geometry":{"type":"Polygon","coordinates":[[[115.66442549380386,2.3333650185333807],[115.81014742653487,2.3333650185333807],[115.81014742653487,2.496058460466714],[115.66442549380386,2.496058460466714],[115.66442549380386,2.3333650185333807]]]}},{"type":"Feature","properties":{"code":"12.02","name":"Tapanuli Utara","prov_name":"Sumatera Utara","leafCount":62},"geometry":{"type":"Polygon","coordinates":[[[96.28340844057918,2.3333650185333807],[96.42913037331019,2.3333650185333807],[96.42913037331019,2.496058460466714],[96.28340844057918,2.496058460466714],[96.28340844057918,2.3333650185333807]]]}},{"type":"Feature","properties":{"code":"12.78","name":"Kota Gunungsitoli","prov_name":"Sumatera Utara","leafCount":27},"geometry":{"type":"Polygon","coordinates":[[[106.77538759721209,2.3333650185333807],[106.9211095299431,2.3333650185333807],[106.9211095299431,2.496058460466714],[106.77538759721209,2.496058460466714],[106.77538759721209,2.3333650185333807]]]}},{"type":"Feature","properties":{"code":"12.25","name":"Nias Barat","prov_name":"Sumatera Utara","leafCount":23},"geometry":{"type":"Polygon","coordinates":[[[109.10693852090829,2.3333650185333807],[109.2526604536393,2.3333650185333807],[109.2526604536393,2.496058460466714],[109.10693852090829,2.496058460466714],[109.10693852090829,2.3333650185333807]]]}},{"type":"Feature","properties":{"code":"12.--","name":"12.--","prov_name":"Sumatera Utara","leafCount":1},"geometry":{"type":"Polygon","coordinates":[[[100.21790062431651,2.3333650185333807],[100.36362255704752,2.3333650185333807],[100.36362255704752,2.496058460466714],[100.21790062431651,2.496058460466714],[100.21790062431651,2.3333650185333807]]]}},{"type":"Feature","properties":{"code":"12.11","name":"Dairi","prov_name":"Sumatera Utara","leafCount":39},"geometry":{"type":"Polygon","coordinates":[[[112.7499868391836,3.30952567013338],[112.89570877191461,3.30952567013338],[112.89570877191461,3.4722191120667136],[112.7499868391836,3.4722191120667136],[112.7499868391836,3.30952567013338]]]}},{"type":"Feature","properties":{"code":"12.18","name":"Serdang Bedagai","prov_name":"Sumatera Utara","leafCount":58},"geometry":{"type":"Polygon","coordinates":[[[102.54945154801271,3.30952567013338],[102.69517348074372,3.30952567013338],[102.69517348074372,3.4722191120667136],[102.54945154801271,3.4722191120667136],[102.54945154801271,3.30952567013338]]]}},{"type":"Feature","properties":{"code":"12.12","name":"Toba","prov_name":"Sumatera Utara","leafCount":63},"geometry":{"type":"Polygon","coordinates":[[[116.53875709018993,3.30952567013338],[116.68447902292094,3.30952567013338],[116.68447902292094,3.4722191120667136],[116.53875709018993,3.4722191120667136],[116.53875709018993,3.30952567013338]]]}},{"type":"Feature","properties":{"code":"12.16","name":"Humbang Hasundutan","prov_name":"Sumatera Utara","leafCount":37},"geometry":{"type":"Polygon","coordinates":[[[95.11763297873107,2.3333650185333807],[95.26335491146207,2.3333650185333807],[95.26335491146207,2.496058460466714],[95.11763297873107,2.496058460466714],[95.11763297873107,2.3333650185333807]]]}},{"type":"Feature","properties":{"code":"12.09","name":"Asahan","prov_name":"Sumatera Utara","leafCount":53},"geometry":{"type":"Polygon","coordinates":[[[111.00132364641145,3.30952567013338],[111.14704557914246,3.30952567013338],[111.14704557914246,3.4722191120667136],[111.00132364641145,3.4722191120667136],[111.00132364641145,3.30952567013338]]]}},{"type":"Feature","properties":{"code":"12.72","name":"Kota Pematangsiantar","prov_name":"Sumatera Utara","leafCount":9},"geometry":{"type":"Polygon","coordinates":[[[110.41843591548741,3.30952567013338],[110.56415784821841,3.30952567013338],[110.56415784821841,3.4722191120667136],[110.41843591548741,3.4722191120667136],[110.41843591548741,3.30952567013338]]]}},{"type":"Feature","properties":{"code":"12.23","name":"Labuhanbatu Utara","prov_name":"Sumatera Utara","leafCount":21},"geometry":{"type":"Polygon","coordinates":[[[115.81014742653487,3.30952567013338],[115.95586935926588,3.30952567013338],[115.95586935926588,3.4722191120667136],[115.81014742653487,3.4722191120667136],[115.81014742653487,3.30952567013338]]]}},{"type":"Feature","properties":{"code":"12.06","name":"Karo","prov_name":"Sumatera Utara","leafCount":71},"geometry":{"type":"Polygon","coordinates":[[[104.7352805389779,3.30952567013338],[104.88100247170891,3.30952567013338],[104.88100247170891,3.4722191120667136],[104.7352805389779,3.4722191120667136],[104.7352805389779,3.30952567013338]]]}},{"type":"Feature","properties":{"code":"12.05","name":"Langkat","prov_name":"Sumatera Utara","leafCount":79},"geometry":{"type":"Polygon","coordinates":[[[95.11763297873107,3.30952567013338],[95.26335491146207,3.30952567013338],[95.26335491146207,3.4722191120667136],[95.11763297873107,3.4722191120667136],[95.11763297873107,3.30952567013338]]]}},{"type":"Feature","properties":{"code":"12.08","name":"Simalungun","prov_name":"Sumatera Utara","leafCount":104},"geometry":{"type":"Polygon","coordinates":[[[107.06683146267412,3.30952567013338],[107.21255339540512,3.30952567013338],[107.21255339540512,3.4722191120667136],[107.06683146267412,3.4722191120667136],[107.06683146267412,3.30952567013338]]]}},{"type":"Feature","properties":{"code":"12.17","name":"Samosir","prov_name":"Sumatera Utara","leafCount":35},"geometry":{"type":"Polygon","coordinates":[[[114.64437196468677,3.30952567013338],[114.79009389741778,3.30952567013338],[114.79009389741778,3.4722191120667136],[114.64437196468677,3.4722191120667136],[114.64437196468677,3.30952567013338]]]}},{"type":"Feature","properties":{"code":"12.07","name":"Deli Serdang","prov_name":"Sumatera Utara","leafCount":98},"geometry":{"type":"Polygon","coordinates":[[[99.34356902793044,3.30952567013338],[99.48929096066145,3.30952567013338],[99.48929096066145,3.4722191120667136],[99.34356902793044,3.4722191120667136],[99.34356902793044,3.30952567013338]]]}},{"type":"Feature","properties":{"code":"12.15","name":"Pakpak Bharat","prov_name":"Sumatera Utara","leafCount":16},"geometry":{"type":"Polygon","coordinates":[[[112.7499868391836,2.658751902400047],[112.89570877191461,2.658751902400047],[112.89570877191461,2.8214453443333807],[112.7499868391836,2.8214453443333807],[112.7499868391836,2.658751902400047]]]}},{"type":"Feature","properties":{"code":"12.71","name":"Kota Medan","prov_name":"Sumatera Utara","leafCount":33},"geometry":{"type":"Polygon","coordinates":[[[98.17779356608234,3.30952567013338],[98.32351549881335,3.30952567013338],[98.32351549881335,3.4722191120667136],[98.17779356608234,3.4722191120667136],[98.17779356608234,3.30952567013338]]]}},{"type":"Feature","properties":{"code":"12.75","name":"Kota Binjai","prov_name":"Sumatera Utara","leafCount":15},"geometry":{"type":"Polygon","coordinates":[[[97.7406277678893,3.30952567013338],[97.8863497006203,3.30952567013338],[97.8863497006203,3.4722191120667136],[97.7406277678893,3.4722191120667136],[97.7406277678893,3.30952567013338]]]}},{"type":"Feature","properties":{"code":"12.76","name":"Kota Tebing Tinggi","prov_name":"Sumatera Utara","leafCount":9},"geometry":{"type":"Polygon","coordinates":[[[104.44383667351588,3.30952567013338],[104.58955860624688,3.30952567013338],[104.58955860624688,3.4722191120667136],[104.44383667351588,3.4722191120667136],[104.44383667351588,3.30952567013338]]]}},{"type":"Feature","properties":{"code":"12.74","name":"Kota Tanjung Balai","prov_name":"Sumatera Utara","leafCount":7},"geometry":{"type":"Polygon","coordinates":[[[110.70987978094942,3.30952567013338],[110.85560171368043,3.30952567013338],[110.85560171368043,3.4722191120667136],[110.70987978094942,3.4722191120667136],[110.70987978094942,3.30952567013338]]]}},{"type":"Feature","properties":{"code":"12.10","name":"Labuhanbatu","prov_name":"Sumatera Utara","leafCount":17},"geometry":{"type":"Polygon","coordinates":[[[118.57886414842412,3.30952567013338],[118.72458608115512,3.30952567013338],[118.72458608115512,3.4722191120667136],[118.57886414842412,3.4722191120667136],[118.57886414842412,3.30952567013338]]]}},{"type":"Feature","properties":{"code":"64.07","name":"Kutai Barat","prov_name":"Kalimantan Timur","leafCount":52},"geometry":{"type":"Polygon","coordinates":[[[126.15640465043677,0.055656831466715156],[126.30212658316778,0.055656831466715156],[126.30212658316778,0.21835027340004842],[126.15640465043677,0.21835027340004842],[126.15640465043677,0.055656831466715156]]]}},{"type":"Feature","properties":{"code":"64.72","name":"Kota Samarinda","prov_name":"Kalimantan Timur","leafCount":18},"geometry":{"type":"Polygon","coordinates":[[[138.54276893257284,0.055656831466715156],[138.68849086530386,0.055656831466715156],[138.68849086530386,0.21835027340004842],[138.54276893257284,0.21835027340004842],[138.54276893257284,0.055656831466715156]]]}},{"type":"Feature","properties":{"code":"64.02","name":"Kutai Kartanegara","prov_name":"Kalimantan Timur","leafCount":58},"geometry":{"type":"Polygon","coordinates":[[[130.2366187669051,0.055656831466715156],[130.38234069963613,0.055656831466715156],[130.38234069963613,0.21835027340004842],[130.2366187669051,0.21835027340004842],[130.2366187669051,0.055656831466715156]]]}},{"type":"Feature","properties":{"code":"64.09","name":"Penajam Paser Utara","prov_name":"Kalimantan Timur","leafCount":10},"geometry":{"type":"Polygon","coordinates":[[[132.13100389240827,-0.26973005239995174],[132.2767258251393,-0.26973005239995174],[132.2767258251393,-0.1070366104666185],[132.13100389240827,-0.1070366104666185],[132.13100389240827,-0.26973005239995174]]]}},{"type":"Feature","properties":{"code":"64.--","name":"64.--","prov_name":"Kalimantan Timur","leafCount":1},"geometry":{"type":"Polygon","coordinates":[[[130.2366187669051,-0.26973005239995174],[130.38234069963613,-0.26973005239995174],[130.38234069963613,-0.1070366104666185],[130.2366187669051,-0.1070366104666185],[130.2366187669051,-0.26973005239995174]]]}},{"type":"Feature","properties":{"code":"64.01","name":"Paser","prov_name":"Kalimantan Timur","leafCount":40},"geometry":{"type":"Polygon","coordinates":[[[133.87966708518044,-0.26973005239995174],[134.02538901791146,-0.26973005239995174],[134.02538901791146,-0.1070366104666185],[133.87966708518044,-0.1070366104666185],[133.87966708518044,-0.26973005239995174]]]}},{"type":"Feature","properties":{"code":"64.08","name":"Kutai Timur","prov_name":"Kalimantan Timur","leafCount":41},"geometry":{"type":"Polygon","coordinates":[[[119.30747381207917,-0.1070366104666183],[119.45319574481017,-0.1070366104666183],[119.45319574481017,0.05565683146671496],[119.30747381207917,0.05565683146671496],[119.30747381207917,-0.1070366104666183]]]}},{"type":"Feature","properties":{"code":"64.11","name":"Mahakam Ulu","prov_name":"Kalimantan Timur","leafCount":12},"geometry":{"type":"Polygon","coordinates":[[[124.99062918858867,0.055656831466715156],[125.13635112131968,0.055656831466715156],[125.13635112131968,0.21835027340004842],[124.99062918858867,0.21835027340004842],[124.99062918858867,0.055656831466715156]]]}},{"type":"Feature","properties":{"code":"64.71","name":"Kota Balikpapan","prov_name":"Kalimantan Timur","leafCount":10},"geometry":{"type":"Polygon","coordinates":[[[130.38234069963613,-0.26973005239995174],[130.52806263236715,-0.26973005239995174],[130.52806263236715,-0.1070366104666185],[130.38234069963613,-0.1070366104666185],[130.38234069963613,-0.26973005239995174]]]}},{"type":"Feature","properties":{"code":"64.74","name":"Kota Bontang","prov_name":"Kalimantan Timur","leafCount":3},"geometry":{"type":"Polygon","coordinates":[[[125.86496078497474,0.055656831466715156],[126.01068271770575,0.055656831466715156],[126.01068271770575,0.21835027340004842],[125.86496078497474,0.21835027340004842],[125.86496078497474,0.055656831466715156]]]}},{"type":"Feature","properties":{"code":"64.03","name":"Berau","prov_name":"Kalimantan Timur","leafCount":31},"geometry":{"type":"Polygon","coordinates":[[[119.30747381207917,0.055656831466715156],[119.45319574481017,0.055656831466715156],[119.45319574481017,0.21835027340004842],[119.30747381207917,0.21835027340004842],[119.30747381207917,0.055656831466715156]]]}},{"type":"Feature","properties":{"code":"65.02","name":"Malinau","prov_name":"Kalimantan Utara","leafCount":29},"geometry":{"type":"Polygon","coordinates":[[[119.30747381207917,-0.4324234943332843],[119.45319574481017,-0.4324234943332843],[119.45319574481017,-0.26973005239995107],[119.30747381207917,-0.26973005239995107],[119.30747381207917,-0.4324234943332843]]]}},{"type":"Feature","properties":{"code":"65.03","name":"Nunukan","prov_name":"Kalimantan Utara","leafCount":57},"geometry":{"type":"Polygon","coordinates":[[[124.55346339039563,-0.4324234943332843],[124.69918532312664,-0.4324234943332843],[124.69918532312664,-0.26973005239995107],[124.55346339039563,-0.26973005239995107],[124.55346339039563,-0.4324234943332843]]]}},{"type":"Feature","properties":{"code":"65.04","name":"Tana Tidung","prov_name":"Kalimantan Utara","leafCount":7},"geometry":{"type":"Polygon","coordinates":[[[133.15105742152537,-0.4324234943332843],[133.2967793542564,-0.4324234943332843],[133.2967793542564,-0.26973005239995107],[133.15105742152537,-0.26973005239995107],[133.15105742152537,-0.4324234943332843]]]}},{"type":"Feature","properties":{"code":"65.01","name":"Bulungan","prov_name":"Kalimantan Utara","leafCount":23},"geometry":{"type":"Polygon","coordinates":[[[135.04544254702853,-0.4324234943332843],[135.19116447975955,-0.4324234943332843],[135.19116447975955,-0.26973005239995107],[135.04544254702853,-0.26973005239995107],[135.04544254702853,-0.4324234943332843]]]}},{"type":"Feature","properties":{"code":"65.71","name":"Kota Tarakan","prov_name":"Kalimantan Utara","leafCount":6},"geometry":{"type":"Polygon","coordinates":[[[139.27137859622792,-0.4324234943332843],[139.41710052895894,-0.4324234943332843],[139.41710052895894,-0.26973005239995107],[139.27137859622792,-0.26973005239995107],[139.27137859622792,-0.4324234943332843]]]}},{"type":"Feature","properties":{"code":"11.11","name":"Bireuen","prov_name":"Aceh","leafCount":142},"geometry":{"type":"Polygon","coordinates":[[[107.21255339540512,5.749927299133379],[107.35827532813613,5.749927299133379],[107.35827532813613,5.912620741066712],[107.21255339540512,5.912620741066712],[107.21255339540512,5.749927299133379]]]}},{"type":"Feature","properties":{"code":"11.08","name":"Aceh Utara","prov_name":"Aceh","leafCount":237},"geometry":{"type":"Polygon","coordinates":[[[112.16709910825955,5.749927299133379],[112.31282104099056,5.749927299133379],[112.31282104099056,5.912620741066712],[112.16709910825955,5.912620741066712],[112.16709910825955,5.749927299133379]]]}},{"type":"Feature","properties":{"code":"11.12","name":"Aceh Barat Daya","prov_name":"Aceh","leafCount":40},"geometry":{"type":"Polygon","coordinates":[[[110.85560171368044,4.77376664753338],[111.00132364641145,4.77376664753338],[111.00132364641145,4.936460089466713],[110.85560171368044,4.936460089466713],[110.85560171368044,4.77376664753338]]]}},{"type":"Feature","properties":{"code":"11.13","name":"Gayo Lues","prov_name":"Aceh","leafCount":35},"geometry":{"type":"Polygon","coordinates":[[[109.83554818456335,4.77376664753338],[109.98127011729436,4.77376664753338],[109.98127011729436,4.936460089466713],[109.83554818456335,4.936460089466713],[109.83554818456335,4.77376664753338]]]}},{"type":"Feature","properties":{"code":"11.01","name":"Aceh Selatan","prov_name":"Aceh","leafCount":70},"geometry":{"type":"Polygon","coordinates":[[[114.9358158301488,4.77376664753338],[115.0815377628798,4.77376664753338],[115.0815377628798,4.936460089466713],[114.9358158301488,4.936460089466713],[114.9358158301488,4.77376664753338]]]}},{"type":"Feature","properties":{"code":"11.06","name":"Aceh Besar","prov_name":"Aceh","leafCount":141},"geometry":{"type":"Polygon","coordinates":[[[95.84624264238613,5.5872338572000455],[95.99196457511714,5.5872338572000455],[95.99196457511714,5.749927299133379],[95.84624264238613,5.749927299133379],[95.84624264238613,5.5872338572000455]]]}},{"type":"Feature","properties":{"code":"11.02","name":"Aceh Tenggara","prov_name":"Aceh","leafCount":96},"geometry":{"type":"Polygon","coordinates":[[[112.02137717552854,4.77376664753338],[112.16709910825955,4.77376664753338],[112.16709910825955,4.936460089466713],[112.02137717552854,4.936460089466713],[112.02137717552854,4.77376664753338]]]}},{"type":"Feature","properties":{"code":"11.07","name":"Pidie","prov_name":"Aceh","leafCount":189},"geometry":{"type":"Polygon","coordinates":[[[100.21790062431651,5.749927299133379],[100.36362255704752,5.749927299133379],[100.36362255704752,5.912620741066712],[100.21790062431651,5.912620741066712],[100.21790062431651,5.749927299133379]]]}},{"type":"Feature","properties":{"code":"11.14","name":"Aceh Jaya","prov_name":"Aceh","leafCount":31},"geometry":{"type":"Polygon","coordinates":[[[98.76068129700639,4.77376664753338],[98.90640322973739,4.77376664753338],[98.90640322973739,4.936460089466713],[98.76068129700639,4.936460089466713],[98.76068129700639,4.77376664753338]]]}},{"type":"Feature","properties":{"code":"11.03","name":"Aceh Timur","prov_name":"Aceh","leafCount":122},"geometry":{"type":"Polygon","coordinates":[[[95.11763297873107,4.77376664753338],[95.26335491146207,4.77376664753338],[95.26335491146207,4.936460089466713],[95.11763297873107,4.936460089466713],[95.11763297873107,4.77376664753338]]]}},{"type":"Feature","properties":{"code":"11.74","name":"Kota Langsa","prov_name":"Aceh","leafCount":15},"geometry":{"type":"Polygon","coordinates":[[[103.86094894259183,4.77376664753338],[104.00667087532284,4.77376664753338],[104.00667087532284,4.936460089466713],[103.86094894259183,4.936460089466713],[103.86094894259183,4.77376664753338]]]}},{"type":"Feature","properties":{"code":"11.15","name":"Nagan Raya","prov_name":"Aceh","leafCount":48},"geometry":{"type":"Polygon","coordinates":[[[108.37832885725322,4.77376664753338],[108.52405078998423,4.77376664753338],[108.52405078998423,4.936460089466713],[108.37832885725322,4.936460089466713],[108.37832885725322,4.77376664753338]]]}},{"type":"Feature","properties":{"code":"11.16","name":"Aceh Tamiang","prov_name":"Aceh","leafCount":61},"geometry":{"type":"Polygon","coordinates":[[[103.86094894259183,4.6110732056000465],[104.00667087532284,4.6110732056000465],[104.00667087532284,4.77376664753338],[103.86094894259183,4.77376664753338],[103.86094894259183,4.6110732056000465]]]}},{"type":"Feature","properties":{"code":"11.05","name":"Aceh Barat","prov_name":"Aceh","leafCount":80},"geometry":{"type":"Polygon","coordinates":[[[106.04677793355702,4.77376664753338],[106.19249986628803,4.77376664753338],[106.19249986628803,4.936460089466713],[106.04677793355702,4.936460089466713],[106.04677793355702,4.77376664753338]]]}},{"type":"Feature","properties":{"code":"11.73","name":"Kota Lhokseumawe","prov_name":"Aceh","leafCount":22},"geometry":{"type":"Polygon","coordinates":[[[111.43848944460449,5.749927299133379],[111.58421137733549,5.749927299133379],[111.58421137733549,5.912620741066712],[111.43848944460449,5.912620741066712],[111.43848944460449,5.749927299133379]]]}},{"type":"Feature","properties":{"code":"11.71","name":"Kota Banda Aceh","prov_name":"Aceh","leafCount":24},"geometry":{"type":"Polygon","coordinates":[[[95.11763297873107,5.5872338572000455],[95.26335491146207,5.5872338572000455],[95.26335491146207,5.749927299133379],[95.11763297873107,5.749927299133379],[95.11763297873107,5.5872338572000455]]]}},{"type":"Feature","properties":{"code":"11.17","name":"Bener Meriah","prov_name":"Aceh","leafCount":69},"geometry":{"type":"Polygon","coordinates":[[[99.63501289339247,4.77376664753338],[99.78073482612348,4.77376664753338],[99.78073482612348,4.936460089466713],[99.63501289339247,4.936460089466713],[99.63501289339247,4.77376664753338]]]}},{"type":"Feature","properties":{"code":"11.09","name":"Simeulue","prov_name":"Aceh","leafCount":29},"geometry":{"type":"Polygon","coordinates":[[[117.55881061930702,4.77376664753338],[117.70453255203803,4.77376664753338],[117.70453255203803,4.936460089466713],[117.55881061930702,4.936460089466713],[117.55881061930702,4.77376664753338]]]}},{"type":"Feature","properties":{"code":"11.72","name":"Kota Sabang","prov_name":"Aceh","leafCount":7},"geometry":{"type":"Polygon","coordinates":[[[95.11763297873107,5.749927299133379],[95.26335491146207,5.749927299133379],[95.26335491146207,5.912620741066712],[95.11763297873107,5.912620741066712],[95.11763297873107,5.749927299133379]]]}},{"type":"Feature","properties":{"code":"11.04","name":"Aceh Tengah","prov_name":"Aceh","leafCount":73},"geometry":{"type":"Polygon","coordinates":[[[99.63501289339247,4.28568632173338],[99.78073482612348,4.28568632173338],[99.78073482612348,4.448379763666713],[99.63501289339247,4.448379763666713],[99.63501289339247,4.28568632173338]]]}},{"type":"Feature","properties":{"code":"11.18","name":"Pidie Jaya","prov_name":"Aceh","leafCount":49},"geometry":{"type":"Polygon","coordinates":[[[105.755334068095,5.749927299133379],[105.901056000826,5.749927299133379],[105.901056000826,5.912620741066712],[105.755334068095,5.912620741066712],[105.755334068095,5.749927299133379]]]}},{"type":"Feature","properties":{"code":"11.75","name":"Kota Subulussalam","prov_name":"Aceh","leafCount":19},"geometry":{"type":"Polygon","coordinates":[[[116.97592288838297,4.77376664753338],[117.12164482111397,4.77376664753338],[117.12164482111397,4.936460089466713],[116.97592288838297,4.936460089466713],[116.97592288838297,4.77376664753338]]]}},{"type":"Feature","properties":{"code":"11.10","name":"Aceh Singkil","prov_name":"Aceh","leafCount":25},"geometry":{"type":"Polygon","coordinates":[[[118.4331422156931,4.77376664753338],[118.5788641484241,4.77376664753338],[118.5788641484241,4.936460089466713],[118.4331422156931,4.936460089466713],[118.4331422156931,4.77376664753338]]]}},{"type":"Feature","properties":{"code":"82.07","name":"Pulau Morotai","prov_name":"Maluku Utara","leafCount":28},"geometry":{"type":"Polygon","coordinates":[[[128.19651170867095,-6.452080845866616],[128.34223364140198,-6.452080845866616],[128.34223364140198,-6.289387403933283],[128.19651170867095,-6.289387403933283],[128.19651170867095,-6.452080845866616]]]}},{"type":"Feature","properties":{"code":"82.01","name":"Halmahera Barat","prov_name":"Maluku Utara","leafCount":34},"geometry":{"type":"Polygon","coordinates":[[[128.19651170867095,-6.7774677297332815],[128.34223364140198,-6.7774677297332815],[128.34223364140198,-6.614774287799948],[128.19651170867095,-6.614774287799948],[128.19651170867095,-6.7774677297332815]]]}},{"type":"Feature","properties":{"code":"82.06","name":"Halmahera Timur","prov_name":"Maluku Utara","leafCount":29},"geometry":{"type":"Polygon","coordinates":[[[131.54811616148424,-6.7774677297332815],[131.69383809421527,-6.7774677297332815],[131.69383809421527,-6.614774287799948],[131.54811616148424,-6.614774287799948],[131.54811616148424,-6.7774677297332815]]]}},{"type":"Feature","properties":{"code":"82.72","name":"Kota Tidore Kepulauan","prov_name":"Maluku Utara","leafCount":27},"geometry":{"type":"Polygon","coordinates":[[[135.19116447975955,-6.452080845866616],[135.33688641249057,-6.452080845866616],[135.33688641249057,-6.289387403933283],[135.19116447975955,-6.289387403933283],[135.19116447975955,-6.452080845866616]]]}},{"type":"Feature","properties":{"code":"82.04","name":"Halmahera Selatan","prov_name":"Maluku Utara","leafCount":62},"geometry":{"type":"Polygon","coordinates":[[[136.7941057398007,-6.452080845866616],[136.93982767253172,-6.452080845866616],[136.93982767253172,-6.289387403933283],[136.7941057398007,-6.289387403933283],[136.7941057398007,-6.452080845866616]]]}},{"type":"Feature","properties":{"code":"82.03","name":"Halmahera Utara","prov_name":"Maluku Utara","leafCount":54},"geometry":{"type":"Polygon","coordinates":[[[130.38234069963613,-6.452080845866616],[130.52806263236715,-6.452080845866616],[130.52806263236715,-6.289387403933283],[130.38234069963613,-6.289387403933283],[130.38234069963613,-6.452080845866616]]]}},{"type":"Feature","properties":{"code":"82.08","name":"Pulau Taliabu","prov_name":"Maluku Utara","leafCount":16},"geometry":{"type":"Polygon","coordinates":[[[139.4171005289589,-6.452080845866616],[139.56282246168993,-6.452080845866616],[139.56282246168993,-6.289387403933283],[139.4171005289589,-6.289387403933283],[139.4171005289589,-6.452080845866616]]]}},{"type":"Feature","properties":{"code":"82.05","name":"Kepulauan Sula","prov_name":"Maluku Utara","leafCount":18},"geometry":{"type":"Polygon","coordinates":[[[140.145710192614,-6.452080845866616],[140.291432125345,-6.452080845866616],[140.291432125345,-6.289387403933283],[140.145710192614,-6.289387403933283],[140.145710192614,-6.452080845866616]]]}},{"type":"Feature","properties":{"code":"82.02","name":"Halmahera Tengah","prov_name":"Maluku Utara","leafCount":9},"geometry":{"type":"Polygon","coordinates":[[[136.35693994160766,-6.452080845866616],[136.50266187433868,-6.452080845866616],[136.50266187433868,-6.289387403933283],[136.35693994160766,-6.289387403933283],[136.35693994160766,-6.452080845866616]]]}},{"type":"Feature","properties":{"code":"82.71","name":"Kota Ternate","prov_name":"Maluku Utara","leafCount":17},"geometry":{"type":"Polygon","coordinates":[[[134.4625548161045,-6.452080845866616],[134.60827674883552,-6.452080845866616],[134.60827674883552,-6.289387403933283],[134.4625548161045,-6.289387403933283],[134.4625548161045,-6.452080845866616]]]}},{"type":"Feature","properties":{"code":"75.03","name":"Bone Bolango","prov_name":"Gorontalo","leafCount":49},"geometry":{"type":"Polygon","coordinates":[[[122.9505221303545,-6.7774677297332815],[123.0962440630855,-6.7774677297332815],[123.0962440630855,-6.614774287799948],[122.9505221303545,-6.614774287799948],[122.9505221303545,-6.7774677297332815]]]}},{"type":"Feature","properties":{"code":"75.02","name":"Boalemo","prov_name":"Gorontalo","leafCount":21},"geometry":{"type":"Polygon","coordinates":[[[121.34758087031335,-6.452080845866616],[121.49330280304436,-6.452080845866616],[121.49330280304436,-6.289387403933283],[121.34758087031335,-6.289387403933283],[121.34758087031335,-6.452080845866616]]]}},{"type":"Feature","properties":{"code":"75.04","name":"Pohuwato","prov_name":"Gorontalo","leafCount":24},"geometry":{"type":"Polygon","coordinates":[[[119.45319574481019,-6.452080845866616],[119.5989176775412,-6.452080845866616],[119.5989176775412,-6.289387403933283],[119.45319574481019,-6.289387403933283],[119.45319574481019,-6.452080845866616]]]}},{"type":"Feature","properties":{"code":"75.01","name":"Gorontalo","prov_name":"Gorontalo","leafCount":46},"geometry":{"type":"Polygon","coordinates":[[[122.9505221303545,-6.452080845866616],[123.0962440630855,-6.452080845866616],[123.0962440630855,-6.289387403933283],[122.9505221303545,-6.289387403933283],[122.9505221303545,-6.452080845866616]]]}},{"type":"Feature","properties":{"code":"75.71","name":"Kota Gorontalo","prov_name":"Gorontalo","leafCount":13},"geometry":{"type":"Polygon","coordinates":[[[126.88501431409183,-6.452080845866616],[127.03073624682284,-6.452080845866616],[127.03073624682284,-6.289387403933283],[126.88501431409183,-6.289387403933283],[126.88501431409183,-6.452080845866616]]]}},{"type":"Feature","properties":{"code":"75.05","name":"Gorontalo Utara","prov_name":"Gorontalo","leafCount":33},"geometry":{"type":"Polygon","coordinates":[[[119.45319574481019,-6.7774677297332815],[119.5989176775412,-6.7774677297332815],[119.5989176775412,-6.614774287799948],[119.45319574481019,-6.614774287799948],[119.45319574481019,-6.7774677297332815]]]}}]}